series,step,probe_loss
LOZO full nu50,10,0.9181
LOZO full nu50,20,0.9251
LOZO full nu50,30,0.976
LOZO full nu50,40,0.9034
LOZO full nu50,50,0.946
LOZO full nu50,60,0.7381
LOZO full nu50,70,0.9089
LOZO full nu50,80,0.7924
LOZO full nu50,90,0.778
LOZO full nu50,100,0.8423
LOZO full nu50,110,0.825
LOZO full nu50,120,0.9143
LOZO full nu50,130,0.7368
LOZO full nu50,140,0.9197
LOZO full nu50,150,0.8109
LOZO full nu50,160,0.6749
LOZO full nu50,170,0.8795
LOZO full nu50,180,0.7965
LOZO full nu50,190,0.8277
LOZO full nu50,200,0.9245
LOZO full nu50,210,0.7346
LOZO full nu50,220,0.6849
LOZO full nu50,230,0.842
LOZO full nu50,240,0.9149
LOZO full nu50,250,0.7316
LOZO full nu50,260,0.8792
LOZO full nu50,270,0.8659
LOZO full nu50,280,0.7482
LOZO full nu50,290,0.8342
LOZO full nu50,300,0.6355
LOZO full nu50,310,0.7834
LOZO full nu50,320,0.6725
LOZO full nu50,330,0.6643
LOZO full nu50,340,0.7301
LOZO full nu50,350,0.8418
LOZO full nu50,360,0.7723
LOZO full nu50,370,0.7472
LOZO full nu50,380,0.7403
LOZO full nu50,390,0.7408
LOZO full nu50,400,0.6507
LOZO full nu50,410,0.8208
LOZO full nu50,420,0.6818
LOZO full nu50,430,0.6677
LOZO full nu50,440,0.6641
LOZO full nu50,450,0.6574
LOZO full nu50,460,0.8082
LOZO full nu50,470,0.7374
LOZO full nu50,480,0.742
LOZO full nu50,490,0.7999
LOZO full nu50,500,0.6662
LOZO full nu50,510,0.6137
LOZO full nu50,520,0.7429
LOZO full nu50,530,0.7179
LOZO full nu50,540,0.6136
LOZO full nu50,550,0.6793
LOZO full nu50,560,0.6502
LOZO full nu50,570,0.5838
LOZO full nu50,580,0.6287
LOZO full nu50,590,0.5585
LOZO full nu50,600,0.6581
LOZO full nu50,610,0.6455
LOZO full nu50,620,0.6582
LOZO full nu50,630,0.7132
LOZO full nu50,640,0.6014
LOZO full nu50,650,0.5975
LOZO full nu50,660,0.7898
LOZO full nu50,670,0.7085
LOZO full nu50,680,0.6173
LOZO full nu50,690,0.5694
LOZO full nu50,700,0.7082
LOZO full nu50,710,0.612
LOZO full nu50,720,0.5468
LOZO full nu50,730,0.6468
LOZO full nu50,740,0.6062
LOZO full nu50,750,0.7709
LOZO full nu50,760,0.6172
LOZO full nu50,770,0.5791
LOZO full nu50,780,0.629
LOZO full nu50,790,0.6782
LOZO full nu50,800,0.6053
LOZO full nu50,810,0.6531
LOZO full nu50,820,0.646
LOZO full nu50,830,0.5868
LOZO full nu50,840,0.6389
LOZO full nu50,850,0.5892
LOZO full nu50,860,0.5833
LOZO full nu50,870,0.6135
LOZO full nu50,880,0.6663
LOZO full nu50,890,0.624
LOZO full nu50,900,0.7264
LOZO full nu50,910,0.6218
LOZO full nu50,920,0.568
LOZO full nu50,930,0.6096
LOZO full nu50,940,0.507
LOZO full nu50,950,0.6574
LOZO full nu50,960,0.618
LOZO full nu50,970,0.6988
LOZO full nu50,980,0.5826
LOZO full nu50,990,0.5078
LOZO full nu50,1000,0.545
LOZO full nu50,1010,0.5768
LOZO full nu50,1020,0.6232
LOZO full nu50,1030,0.6247
LOZO full nu50,1040,0.5612
LOZO full nu50,1050,0.4974
LOZO full nu50,1060,0.6065
LOZO full nu50,1070,0.568
LOZO full nu50,1080,0.5351
LOZO full nu50,1090,0.567
LOZO full nu50,1100,0.5507
LOZO full nu50,1110,0.6209
LOZO full nu50,1120,0.5947
LOZO full nu50,1130,0.612
LOZO full nu50,1140,0.5708
LOZO full nu50,1150,0.4598
LOZO full nu50,1160,0.5932
LOZO full nu50,1170,0.6373
LOZO full nu50,1180,0.6812
LOZO full nu50,1190,0.5616
LOZO full nu50,1200,0.6931
LOZO full nu50,1210,0.57
LOZO full nu50,1220,0.5054
LOZO full nu50,1230,0.6115
LOZO full nu50,1240,0.4327
LOZO full nu50,1250,0.5976
LOZO full nu50,1260,0.4636
LOZO full nu50,1270,0.5386
LOZO full nu50,1280,0.5211
LOZO full nu50,1290,0.4806
LOZO full nu50,1300,0.5143
LOZO full nu50,1310,0.5842
LOZO full nu50,1320,0.519
LOZO full nu50,1330,0.5792
LOZO full nu50,1340,0.5228
LOZO full nu50,1350,0.5162
LOZO full nu50,1360,0.4959
LOZO full nu50,1370,0.5712
LOZO full nu50,1380,0.6838
LOZO full nu50,1390,0.5264
LOZO full nu50,1400,0.5512
LOZO full nu50,1410,0.5593
LOZO full nu50,1420,0.5505
LOZO full nu50,1430,0.577
LOZO full nu50,1440,0.5489
LOZO full nu50,1450,0.5161
LOZO full nu50,1460,0.4916
LOZO full nu50,1470,0.602
LOZO full nu50,1480,0.6137
LOZO full nu50,1490,0.5338
LOZO full nu50,1500,0.592
LOZO full nu50,1510,0.5002
LOZO full nu50,1520,0.4922
LOZO full nu50,1530,0.6119
LOZO full nu50,1540,0.4624
LOZO full nu50,1550,0.5548
LOZO full nu50,1560,0.5388
LOZO full nu50,1570,0.5537
LOZO full nu50,1580,0.5328
LOZO full nu50,1590,0.5074
LOZO full nu50,1600,0.5639
LOZO full nu50,1610,0.588
LOZO full nu50,1620,0.5605
LOZO full nu50,1630,0.4797
LOZO full nu50,1640,0.5086
LOZO full nu50,1650,0.5695
LOZO full nu50,1660,0.5211
LOZO full nu50,1670,0.5019
LOZO full nu50,1680,0.5115
LOZO full nu50,1690,0.5646
LOZO full nu50,1700,0.5111
LOZO full nu50,1710,0.4709
LOZO full nu50,1720,0.5351
LOZO full nu50,1730,0.5704
LOZO full nu50,1740,0.5156
LOZO full nu50,1750,0.5354
LOZO full nu50,1760,0.5528
LOZO full nu50,1770,0.534
LOZO full nu50,1780,0.5218
LOZO full nu50,1790,0.5697
LOZO full nu50,1800,0.5671
LOZO full nu50,1810,0.4999
LOZO full nu50,1820,0.6276
LOZO full nu50,1830,0.4916
LOZO full nu50,1840,0.5074
LOZO full nu50,1850,0.4836
LOZO full nu50,1860,0.5069
LOZO full nu50,1870,0.4974
LOZO full nu50,1880,0.4665
LOZO full nu50,1890,0.5205
LOZO full nu50,1900,0.5538
LOZO full nu50,1910,0.5011
LOZO full nu50,1920,0.4771
LOZO full nu50,1930,0.5441
LOZO full nu50,1940,0.4725
LOZO full nu50,1950,0.4847
LOZO full nu50,1960,0.4911
LOZO full nu50,1970,0.5216
LOZO full nu50,1980,0.5292
LOZO full nu50,1990,0.4518
LOZO full nu50,2000,0.4995
LOZO full nu50,2010,0.5185
LOZO full nu50,2020,0.4346
LOZO full nu50,2030,0.5073
LOZO full nu50,2040,0.4906
LOZO full nu50,2050,0.5583
LOZO full nu50,2060,0.4781
LOZO full nu50,2070,0.5312
LOZO full nu50,2080,0.5137
LOZO full nu50,2090,0.4839
LOZO full nu50,2100,0.5344
LOZO full nu50,2110,0.5296
LOZO full nu50,2120,0.4999
LOZO full nu50,2130,0.5676
LOZO full nu50,2140,0.5088
LOZO full nu50,2150,0.5866
LOZO full nu50,2160,0.4906
LOZO full nu50,2170,0.4903
LOZO full nu50,2180,0.4802
LOZO full nu50,2190,0.5632
LOZO full nu50,2200,0.4288
LOZO full nu50,2210,0.5703
LOZO full nu50,2220,0.4256
LOZO full nu50,2230,0.486
LOZO full nu50,2240,0.5043
LOZO full nu50,2250,0.5491
LOZO full nu50,2260,0.5067
LOZO full nu50,2270,0.4534
LOZO full nu50,2280,0.5045
LOZO full nu50,2290,0.4496
LOZO full nu50,2300,0.513
LOZO full nu50,2310,0.4657
LOZO full nu50,2320,0.5338
LOZO full nu50,2330,0.4627
LOZO full nu50,2340,0.5584
LOZO full nu50,2350,0.4553
LOZO full nu50,2360,0.456
LOZO full nu50,2370,0.5084
LOZO full nu50,2380,0.4916
LOZO full nu50,2390,0.4841
LOZO full nu50,2400,0.442
LOZO full nu50,2410,0.4646
LOZO full nu50,2420,0.4875
LOZO full nu50,2430,0.4478
LOZO full nu50,2440,0.532
LOZO full nu50,2450,0.4819
LOZO full nu50,2460,0.5726
LOZO full nu50,2470,0.5306
LOZO full nu50,2480,0.4962
LOZO full nu50,2490,0.4778
LOZO full nu50,2500,0.5437
LOZO full nu50,2510,0.5224
LOZO full nu50,2520,0.5331
LOZO full nu50,2530,0.53
LOZO full nu50,2540,0.5468
LOZO full nu50,2550,0.4984
LOZO full nu50,2560,0.5041
LOZO full nu50,2570,0.4898
LOZO full nu50,2580,0.5253
LOZO full nu50,2590,0.5707
LOZO full nu50,2600,0.4594
LOZO full nu50,2610,0.5398
LOZO full nu50,2620,0.4731
LOZO full nu50,2630,0.5009
LOZO full nu50,2640,0.3954
LOZO full nu50,2650,0.4635
LOZO full nu50,2660,0.4267
LOZO full nu50,2670,0.4813
LOZO full nu50,2680,0.4259
LOZO full nu50,2690,0.4917
LOZO full nu50,2700,0.4725
LOZO full nu50,2710,0.4622
LOZO full nu50,2720,0.5444
LOZO full nu50,2730,0.4326
LOZO full nu50,2740,0.4917
LOZO full nu50,2750,0.4525
LOZO full nu50,2760,0.4764
LOZO full nu50,2770,0.5451
LOZO full nu50,2780,0.5671
LOZO full nu50,2790,0.4682
LOZO full nu50,2800,0.5049
LOZO full nu50,2810,0.4259
LOZO full nu50,2820,0.4529
LOZO full nu50,2830,0.4626
LOZO full nu50,2840,0.4727
LOZO full nu50,2850,0.4142
LOZO full nu50,2860,0.4959
LOZO full nu50,2870,0.4647
LOZO full nu50,2880,0.4971
LOZO full nu50,2890,0.4742
LOZO full nu50,2900,0.4692
LOZO full nu50,2910,0.5043
LOZO full nu50,2920,0.4824
LOZO full nu50,2930,0.4565
LOZO full nu50,2940,0.4316
LOZO full nu50,2950,0.4509
LOZO full nu50,2960,0.5142
LOZO full nu50,2970,0.495
LOZO full nu50,2980,0.4673
LOZO full nu50,2990,0.4828
LOZO full nu50,3000,0.5624
LOZO full nu50,3010,0.4874
LOZO full nu50,3020,0.4906
LOZO full nu50,3030,0.5203
LOZO full nu50,3040,0.4397
LOZO full nu50,3050,0.4309
LOZO full nu50,3060,0.4667
LOZO full nu50,3070,0.4714
LOZO full nu50,3080,0.4859
LOZO full nu50,3090,0.4496
LOZO full nu50,3100,0.4791
LOZO full nu50,3110,0.4612
LOZO full nu50,3120,0.388
LOZO full nu50,3130,0.4722
LOZO full nu50,3140,0.4654
LOZO full nu50,3150,0.4753
LOZO full nu50,3160,0.3995
LOZO full nu50,3170,0.4758
LOZO full nu50,3180,0.5094
LOZO full nu50,3190,0.4784
LOZO full nu50,3200,0.4076
LOZO full nu50,3210,0.5098
LOZO full nu50,3220,0.5598
LOZO full nu50,3230,0.458
LOZO full nu50,3240,0.4295
LOZO full nu50,3250,0.4547
LOZO full nu50,3260,0.4484
LOZO full nu50,3270,0.4175
LOZO full nu50,3280,0.5292
LOZO full nu50,3290,0.4785
LOZO full nu50,3300,0.4711
LOZO full nu50,3310,0.4059
LOZO full nu50,3320,0.4761
LOZO full nu50,3330,0.4756
LOZO full nu50,3340,0.4156
LOZO full nu50,3350,0.4711
LOZO full nu50,3360,0.448
LOZO full nu50,3370,0.4065
LOZO full nu50,3380,0.4645
LOZO full nu50,3390,0.4072
LOZO full nu50,3400,0.4429
LOZO full nu50,3410,0.417
LOZO full nu50,3420,0.4333
LOZO full nu50,3430,0.4731
LOZO full nu50,3440,0.447
LOZO full nu50,3450,0.4238
LOZO full nu50,3460,0.4219
LOZO full nu50,3470,0.426
LOZO full nu50,3480,0.4361
LOZO full nu50,3490,0.4325
LOZO full nu50,3500,0.3762
LOZO full nu50,3510,0.4811
LOZO full nu50,3520,0.4001
LOZO full nu50,3530,0.5177
LOZO full nu50,3540,0.477
LOZO full nu50,3550,0.445
LOZO full nu50,3560,0.5526
LOZO full nu50,3570,0.4302
LOZO full nu50,3580,0.3874
LOZO full nu50,3590,0.3996
LOZO full nu50,3600,0.4415
LOZO full nu50,3610,0.4318
LOZO full nu50,3620,0.4469
LOZO full nu50,3630,0.4503
LOZO full nu50,3640,0.4243
LOZO full nu50,3650,0.4402
LOZO full nu50,3660,0.3934
LOZO full nu50,3670,0.4899
LOZO full nu50,3680,0.4168
LOZO full nu50,3690,0.4351
LOZO full nu50,3700,0.4755
LOZO full nu50,3710,0.4695
LOZO full nu50,3720,0.4538
LOZO full nu50,3730,0.4512
LOZO full nu50,3740,0.4954
LOZO full nu50,3750,0.4744
LOZO full nu50,3760,0.4036
LOZO full nu50,3770,0.4163
LOZO full nu50,3780,0.4148
LOZO full nu50,3790,0.4272
LOZO full nu50,3800,0.3538
LOZO full nu50,3810,0.4113
LOZO full nu50,3820,0.4659
LOZO full nu50,3830,0.4619
LOZO full nu50,3840,0.4158
LOZO full nu50,3850,0.4171
LOZO full nu50,3860,0.4708
LOZO full nu50,3870,0.4177
LOZO full nu50,3880,0.441
LOZO full nu50,3890,0.5251
LOZO full nu50,3900,0.4767
LOZO full nu50,3910,0.4269
LOZO full nu50,3920,0.4855
LOZO full nu50,3930,0.4516
LOZO full nu50,3940,0.4273
LOZO full nu50,3950,0.5138
LOZO full nu50,3960,0.4453
LOZO full nu50,3970,0.3732
LOZO full nu50,3980,0.3915
LOZO full nu50,3990,0.3561
LOZO full nu50,4000,0.4021
LOZO full nu50,4010,0.4348
LOZO full nu50,4020,0.513
LOZO full nu50,4030,0.4374
LOZO full nu50,4040,0.4509
LOZO full nu50,4050,0.4029
LOZO full nu50,4060,0.4619
LOZO full nu50,4070,0.4612
LOZO full nu50,4080,0.3738
LOZO full nu50,4090,0.3869
LOZO full nu50,4100,0.4628
LOZO full nu50,4110,0.491
LOZO full nu50,4120,0.3433
LOZO full nu50,4130,0.4516
LOZO full nu50,4140,0.4959
LOZO full nu50,4150,0.4318
LOZO full nu50,4160,0.4323
LOZO full nu50,4170,0.4022
LOZO full nu50,4180,0.4338
LOZO full nu50,4190,0.4435
LOZO full nu50,4200,0.4642
LOZO full nu50,4210,0.4638
LOZO full nu50,4220,0.3806
LOZO full nu50,4230,0.4722
LOZO full nu50,4240,0.4559
LOZO full nu50,4250,0.436
LOZO full nu50,4260,0.4244
LOZO full nu50,4270,0.4653
LOZO full nu50,4280,0.4447
LOZO full nu50,4290,0.4535
LOZO full nu50,4300,0.4715
LOZO full nu50,4310,0.4809
LOZO full nu50,4320,0.3998
LOZO full nu50,4330,0.4239
LOZO full nu50,4340,0.3959
LOZO full nu50,4350,0.4088
LOZO full nu50,4360,0.4507
LOZO full nu50,4370,0.384
LOZO full nu50,4380,0.3928
LOZO full nu50,4390,0.4263
LOZO full nu50,4400,0.4109
LOZO full nu50,4410,0.451
LOZO full nu50,4420,0.4064
LOZO full nu50,4430,0.3799
LOZO full nu50,4440,0.4524
LOZO full nu50,4450,0.3883
LOZO full nu50,4460,0.4166
LOZO full nu50,4470,0.424
LOZO full nu50,4480,0.4631
LOZO full nu50,4490,0.4147
LOZO full nu50,4500,0.3785
LOZO full nu50,4510,0.4247
LOZO full nu50,4520,0.4241
LOZO full nu50,4530,0.5236
LOZO full nu50,4540,0.3626
LOZO full nu50,4550,0.4117
LOZO full nu50,4560,0.4654
LOZO full nu50,4570,0.3731
LOZO full nu50,4580,0.4019
LOZO full nu50,4590,0.396
LOZO full nu50,4600,0.463
LOZO full nu50,4610,0.4343
LOZO full nu50,4620,0.421
LOZO full nu50,4630,0.409
LOZO full nu50,4640,0.4613
LOZO full nu50,4650,0.4194
LOZO full nu50,4660,0.4751
LOZO full nu50,4670,0.4074
LOZO full nu50,4680,0.4076
LOZO full nu50,4690,0.449
LOZO full nu50,4700,0.4393
LOZO full nu50,4710,0.3881
LOZO full nu50,4720,0.4467
LOZO full nu50,4730,0.337
LOZO full nu50,4740,0.4331
LOZO full nu50,4750,0.3754
LOZO full nu50,4760,0.3708
LOZO full nu50,4770,0.4774
LOZO full nu50,4780,0.4186
LOZO full nu50,4790,0.4419
LOZO full nu50,4800,0.4195
LOZO full nu50,4810,0.4619
LOZO full nu50,4820,0.3719
LOZO full nu50,4830,0.4141
LOZO full nu50,4840,0.4132
LOZO full nu50,4850,0.414
LOZO full nu50,4860,0.4601
LOZO full nu50,4870,0.4508
LOZO full nu50,4880,0.4145
LOZO full nu50,4890,0.4183
LOZO full nu50,4900,0.5014
LOZO full nu50,4910,0.3849
LOZO full nu50,4920,0.4384
LOZO full nu50,4930,0.3823
LOZO full nu50,4940,0.4368
LOZO full nu50,4950,0.4478
LOZO full nu50,4960,0.4676
LOZO full nu50,4970,0.342
LOZO full nu50,4980,0.4627
LOZO full nu50,4990,0.3545
LOZO full nu50,5000,0.484
LOZO full nu50,5010,0.4276
LOZO full nu50,5020,0.3978
LOZO full nu50,5030,0.4081
LOZO full nu50,5040,0.4473
LOZO full nu50,5050,0.4083
LOZO full nu50,5060,0.4293
LOZO full nu50,5070,0.3901
LOZO lora_only nu50,10,0.8526
LOZO lora_only nu50,20,0.944
LOZO lora_only nu50,30,0.8619
LOZO lora_only nu50,40,0.8677
LOZO lora_only nu50,50,0.919
LOZO lora_only nu50,60,0.7385
LOZO lora_only nu50,70,0.9685
LOZO lora_only nu50,80,0.7803
LOZO lora_only nu50,90,0.7541
LOZO lora_only nu50,100,0.8092
LOZO lora_only nu50,110,0.9001
LOZO lora_only nu50,120,1.0028
LOZO lora_only nu50,130,0.7937
LOZO lora_only nu50,140,0.8125
LOZO lora_only nu50,150,0.8178
LOZO lora_only nu50,160,0.6675
LOZO lora_only nu50,170,0.9047
LOZO lora_only nu50,180,0.8562
LOZO lora_only nu50,190,0.8913
LOZO lora_only nu50,200,0.9239
LOZO lora_only nu50,210,0.8057
LOZO lora_only nu50,220,0.7344
LOZO lora_only nu50,230,0.8965
LOZO lora_only nu50,240,0.8915
LOZO lora_only nu50,250,0.871
LOZO lora_only nu50,260,0.8916
LOZO lora_only nu50,270,0.8981
LOZO lora_only nu50,280,0.7742
LOZO lora_only nu50,290,0.8516
LOZO lora_only nu50,300,0.647
LOZO lora_only nu50,310,0.8472
LOZO lora_only nu50,320,0.6693
LOZO lora_only nu50,330,0.6577
LOZO lora_only nu50,340,0.7675
LOZO lora_only nu50,350,0.8564
LOZO lora_only nu50,360,0.845
LOZO lora_only nu50,370,0.775
LOZO lora_only nu50,380,0.7626
LOZO lora_only nu50,390,0.8033
LOZO lora_only nu50,400,0.6777
LOZO lora_only nu50,410,0.8502
LOZO lora_only nu50,420,0.7368
LOZO lora_only nu50,430,0.8653
LOZO lora_only nu50,440,0.7213
LOZO lora_only nu50,450,0.6658
LOZO lora_only nu50,460,0.8478
LOZO lora_only nu50,470,0.7598
LOZO lora_only nu50,480,0.7166
LOZO lora_only nu50,490,0.8273
LOZO lora_only nu50,500,0.7079
LOZO lora_only nu50,510,0.7065
LOZO lora_only nu50,520,0.7588
LOZO lora_only nu50,530,0.7817
LOZO lora_only nu50,540,0.6931
LOZO lora_only nu50,550,0.7325
LOZO lora_only nu50,560,0.7236
LOZO lora_only nu50,570,0.673
LOZO lora_only nu50,580,0.6329
LOZO lora_only nu50,590,0.6707
LOZO lora_only nu50,600,0.6521
LOZO lora_only nu50,610,0.7543
LOZO lora_only nu50,620,0.8019
LOZO lora_only nu50,630,0.7915
LOZO lora_only nu50,640,0.7134
LOZO lora_only nu50,650,0.7209
LOZO lora_only nu50,660,0.7724
LOZO lora_only nu50,670,0.777
LOZO lora_only nu50,680,0.6507
LOZO lora_only nu50,690,0.6171
LOZO lora_only nu50,700,0.6875
LOZO lora_only nu50,710,0.6634
LOZO lora_only nu50,720,0.6027
LOZO lora_only nu50,730,0.7894
LOZO lora_only nu50,740,0.7599
LOZO lora_only nu50,750,0.8237
LOZO lora_only nu50,760,0.634
LOZO lora_only nu50,770,0.6567
LOZO lora_only nu50,780,0.7331
LOZO lora_only nu50,790,0.663
LOZO lora_only nu50,800,0.725
LOZO lora_only nu50,810,0.7075
LOZO lora_only nu50,820,0.6685
LOZO lora_only nu50,830,0.6433
LOZO lora_only nu50,840,0.7426
LOZO lora_only nu50,850,0.6264
LOZO lora_only nu50,860,0.6977
LOZO lora_only nu50,870,0.7875
LOZO lora_only nu50,880,0.7155
LOZO lora_only nu50,890,0.7298
LOZO lora_only nu50,900,0.8785
LOZO lora_only nu50,910,0.6194
LOZO lora_only nu50,920,0.7021
LOZO lora_only nu50,930,0.6692
LOZO lora_only nu50,940,0.6171
LOZO lora_only nu50,950,0.73
LOZO lora_only nu50,960,0.6631
LOZO lora_only nu50,970,0.7368
LOZO lora_only nu50,980,0.674
LOZO lora_only nu50,990,0.603
LOZO lora_only nu50,1000,0.5514
LOZO lora_only nu50,1010,0.6065
LOZO lora_only nu50,1020,0.7073
LOZO lora_only nu50,1030,0.6653
LOZO lora_only nu50,1040,0.6042
LOZO lora_only nu50,1050,0.5681
LOZO lora_only nu50,1060,0.7288
LOZO lora_only nu50,1070,0.6018
LOZO lora_only nu50,1080,0.547
LOZO lora_only nu50,1090,0.6325
LOZO lora_only nu50,1100,0.5423
LOZO lora_only nu50,1110,0.6509
LOZO lora_only nu50,1120,0.684
LOZO lora_only nu50,1130,0.6445
LOZO lora_only nu50,1140,0.6502
LOZO lora_only nu50,1150,0.4565
LOZO lora_only nu50,1160,0.5977
LOZO lora_only nu50,1170,0.61
LOZO lora_only nu50,1180,0.7138
LOZO lora_only nu50,1190,0.6487
LOZO lora_only nu50,1200,0.6601
LOZO lora_only nu50,1210,0.6474
LOZO lora_only nu50,1220,0.5718
LOZO lora_only nu50,1230,0.6915
LOZO lora_only nu50,1240,0.4481
LOZO lora_only nu50,1250,0.7059
LOZO lora_only nu50,1260,0.5498
LOZO lora_only nu50,1270,0.6421
LOZO lora_only nu50,1280,0.6107
LOZO lora_only nu50,1290,0.4761
LOZO lora_only nu50,1300,0.5852
LOZO lora_only nu50,1310,0.7176
LOZO lora_only nu50,1320,0.5826
LOZO lora_only nu50,1330,0.6755
LOZO lora_only nu50,1340,0.5892
LOZO lora_only nu50,1350,0.6187
LOZO lora_only nu50,1360,0.5908
LOZO lora_only nu50,1370,0.5904
LOZO lora_only nu50,1380,0.5929
LOZO lora_only nu50,1390,0.5157
LOZO lora_only nu50,1400,0.6155
LOZO lora_only nu50,1410,0.5827
LOZO lora_only nu50,1420,0.6111
LOZO lora_only nu50,1430,0.6438
LOZO lora_only nu50,1440,0.6066
LOZO lora_only nu50,1450,0.5511
LOZO lora_only nu50,1460,0.5177
LOZO lora_only nu50,1470,0.6195
LOZO lora_only nu50,1480,0.6059
LOZO lora_only nu50,1490,0.5185
LOZO lora_only nu50,1500,0.6756
LOZO lora_only nu50,1510,0.5566
LOZO lora_only nu50,1520,0.5206
LOZO lora_only nu50,1530,0.6277
LOZO lora_only nu50,1540,0.4962
LOZO lora_only nu50,1550,0.5624
LOZO lora_only nu50,1560,0.6037
LOZO lora_only nu50,1570,0.6287
LOZO lora_only nu50,1580,0.5841
LOZO lora_only nu50,1590,0.5612
LOZO lora_only nu50,1600,0.5669
LOZO lora_only nu50,1610,0.6174
LOZO lora_only nu50,1620,0.6199
LOZO lora_only nu50,1630,0.5313
LOZO lora_only nu50,1640,0.5649
LOZO lora_only nu50,1650,0.5941
LOZO lora_only nu50,1660,0.5207
LOZO lora_only nu50,1670,0.5415
LOZO lora_only nu50,1680,0.5927
LOZO lora_only nu50,1690,0.6022
LOZO lora_only nu50,1700,0.5141
LOZO lora_only nu50,1710,0.5166
LOZO lora_only nu50,1720,0.5541
LOZO lora_only nu50,1730,0.6083
LOZO lora_only nu50,1740,0.5787
LOZO lora_only nu50,1750,0.5565
LOZO lora_only nu50,1760,0.5355
LOZO lora_only nu50,1770,0.4934
LOZO lora_only nu50,1780,0.4628
LOZO lora_only nu50,1790,0.6456
LOZO lora_only nu50,1800,0.5644
LOZO lora_only nu50,1810,0.5453
LOZO lora_only nu50,1820,0.5809
LOZO lora_only nu50,1830,0.4957
LOZO lora_only nu50,1840,0.5587
LOZO lora_only nu50,1850,0.5129
LOZO lora_only nu50,1860,0.585
LOZO lora_only nu50,1870,0.546
LOZO lora_only nu50,1880,0.5058
LOZO lora_only nu50,1890,0.5303
LOZO lora_only nu50,1900,0.5807
LOZO lora_only nu50,1910,0.5146
LOZO lora_only nu50,1920,0.5267
LOZO lora_only nu50,1930,0.5925
LOZO lora_only nu50,1940,0.4949
LOZO lora_only nu50,1950,0.5088
LOZO lora_only nu50,1960,0.5126
LOZO lora_only nu50,1970,0.5592
LOZO lora_only nu50,1980,0.599
LOZO lora_only nu50,1990,0.4496
LOZO lora_only nu50,2000,0.5432
LOZO lora_only nu50,2010,0.5293
LOZO lora_only nu50,2020,0.5216
LOZO lora_only nu50,2030,0.5415
LOZO lora_only nu50,2040,0.5345
LOZO lora_only nu50,2050,0.6306
LOZO lora_only nu50,2060,0.5223
LOZO lora_only nu50,2070,0.5115
LOZO lora_only nu50,2080,0.5403
LOZO lora_only nu50,2090,0.5382
LOZO lora_only nu50,2100,0.5907
LOZO lora_only nu50,2110,0.5066
LOZO lora_only nu50,2120,0.4763
LOZO lora_only nu50,2130,0.5578
LOZO lora_only nu50,2140,0.5356
LOZO lora_only nu50,2150,0.6282
LOZO lora_only nu50,2160,0.4826
LOZO lora_only nu50,2170,0.4485
LOZO lora_only nu50,2180,0.4957
LOZO lora_only nu50,2190,0.6016
LOZO lora_only nu50,2200,0.4492
LOZO lora_only nu50,2210,0.5118
LOZO lora_only nu50,2220,0.4987
LOZO lora_only nu50,2230,0.4687
LOZO lora_only nu50,2240,0.4774
LOZO lora_only nu50,2250,0.4932
LOZO lora_only nu50,2260,0.5259
LOZO lora_only nu50,2270,0.4868
LOZO lora_only nu50,2280,0.5166
LOZO lora_only nu50,2290,0.4573
LOZO lora_only nu50,2300,0.5317
LOZO lora_only nu50,2310,0.483
LOZO lora_only nu50,2320,0.6037
LOZO lora_only nu50,2330,0.4773
LOZO lora_only nu50,2340,0.5421
LOZO lora_only nu50,2350,0.476
LOZO lora_only nu50,2360,0.4809
LOZO lora_only nu50,2370,0.5085
LOZO lora_only nu50,2380,0.5397
LOZO lora_only nu50,2390,0.4666
LOZO lora_only nu50,2400,0.5023
LOZO lora_only nu50,2410,0.4478
LOZO lora_only nu50,2420,0.4634
LOZO lora_only nu50,2430,0.4868
LOZO lora_only nu50,2440,0.5495
LOZO lora_only nu50,2450,0.5114
LOZO lora_only nu50,2460,0.542
LOZO lora_only nu50,2470,0.5311
LOZO lora_only nu50,2480,0.4656
LOZO lora_only nu50,2490,0.4445
LOZO lora_only nu50,2500,0.5234
LOZO lora_only nu50,2510,0.4521
LOZO lora_only nu50,2520,0.5138
LOZO lora_only nu50,2530,0.5224
LOZO lora_only nu50,2540,0.5073
LOZO lora_only nu50,2550,0.4873
LOZO lora_only nu50,2560,0.4507
LOZO lora_only nu50,2570,0.4473
LOZO lora_only nu50,2580,0.4944
LOZO lora_only nu50,2590,0.574
LOZO lora_only nu50,2600,0.4769
LOZO lora_only nu50,2610,0.5107
LOZO lora_only nu50,2620,0.4643
LOZO lora_only nu50,2630,0.4621
LOZO lora_only nu50,2640,0.3788
LOZO lora_only nu50,2650,0.4701
LOZO lora_only nu50,2660,0.4992
LOZO lora_only nu50,2670,0.4765
LOZO lora_only nu50,2680,0.4819
LOZO lora_only nu50,2690,0.4922
LOZO lora_only nu50,2700,0.5185
LOZO lora_only nu50,2710,0.4755
LOZO lora_only nu50,2720,0.5188
LOZO lora_only nu50,2730,0.4436
LOZO lora_only nu50,2740,0.4755
LOZO lora_only nu50,2750,0.423
LOZO lora_only nu50,2760,0.4224
LOZO lora_only nu50,2770,0.5305
LOZO lora_only nu50,2780,0.4935
LOZO lora_only nu50,2790,0.4826
LOZO lora_only nu50,2800,0.4658
LOZO lora_only nu50,2810,0.4355
LOZO lora_only nu50,2820,0.4966
LOZO lora_only nu50,2830,0.4922
LOZO lora_only nu50,2840,0.4833
LOZO lora_only nu50,2850,0.4216
LOZO lora_only nu50,2860,0.4961
LOZO lora_only nu50,2870,0.4479
LOZO lora_only nu50,2880,0.5316
LOZO lora_only nu50,2890,0.5107
LOZO lora_only nu50,2900,0.4925
LOZO lora_only nu50,2910,0.4866
LOZO lora_only nu50,2920,0.4916
LOZO lora_only nu50,2930,0.4483
LOZO lora_only nu50,2940,0.4005
LOZO lora_only nu50,2950,0.4971
LOZO lora_only nu50,2960,0.5059
LOZO lora_only nu50,2970,0.4991
LOZO lora_only nu50,2980,0.4301
LOZO lora_only nu50,2990,0.4562
LOZO lora_only nu50,3000,0.4993
LOZO lora_only nu50,3010,0.5126
LOZO lora_only nu50,3020,0.5159
LOZO lora_only nu50,3030,0.509
LOZO lora_only nu50,3040,0.529
LOZO lora_only nu50,3050,0.4551
LOZO lora_only nu50,3060,0.4752
LOZO lora_only nu50,3070,0.4687
LOZO lora_only nu50,3080,0.4679
LOZO lora_only nu50,3090,0.4487
LOZO lora_only nu50,3100,0.5241
LOZO lora_only nu50,3110,0.4766
LOZO lora_only nu50,3120,0.4398
LOZO lora_only nu50,3130,0.4726
LOZO lora_only nu50,3140,0.4618
LOZO lora_only nu50,3150,0.491
LOZO lora_only nu50,3160,0.3967
LOZO lora_only nu50,3170,0.4741
LOZO lora_only nu50,3180,0.4742
LOZO lora_only nu50,3190,0.4726
LOZO lora_only nu50,3200,0.4325
LOZO lora_only nu50,3210,0.5459
LOZO lora_only nu50,3220,0.5827
LOZO lora_only nu50,3230,0.4749
LOZO lora_only nu50,3240,0.4315
LOZO lora_only nu50,3250,0.4575
LOZO lora_only nu50,3260,0.4688
LOZO lora_only nu50,3270,0.4099
LOZO lora_only nu50,3280,0.5564
LOZO lora_only nu50,3290,0.4698
LOZO lora_only nu50,3300,0.4573
LOZO lora_only nu50,3310,0.4135
LOZO lora_only nu50,3320,0.4808
LOZO lora_only nu50,3330,0.455
LOZO lora_only nu50,3340,0.4287
LOZO lora_only nu50,3350,0.4672
LOZO lora_only nu50,3360,0.4586
LOZO lora_only nu50,3370,0.4665
LOZO lora_only nu50,3380,0.5234
LOZO lora_only nu50,3390,0.4646
LOZO lora_only nu50,3400,0.4706
LOZO lora_only nu50,3410,0.4622
LOZO lora_only nu50,3420,0.5193
LOZO lora_only nu50,3430,0.5159
LOZO lora_only nu50,3440,0.501
LOZO lora_only nu50,3450,0.4182
LOZO lora_only nu50,3460,0.4887
LOZO lora_only nu50,3470,0.4376
LOZO lora_only nu50,3480,0.4448
LOZO lora_only nu50,3490,0.4563
LOZO lora_only nu50,3500,0.4089
LOZO lora_only nu50,3510,0.4782
LOZO lora_only nu50,3520,0.4306
LOZO lora_only nu50,3530,0.6145
LOZO lora_only nu50,3540,0.4651
LOZO lora_only nu50,3550,0.4078
LOZO lora_only nu50,3560,0.4972
LOZO lora_only nu50,3570,0.426
LOZO lora_only nu50,3580,0.3898
LOZO lora_only nu50,3590,0.4482
LOZO lora_only nu50,3600,0.4375
LOZO lora_only nu50,3610,0.4438
LOZO lora_only nu50,3620,0.4839
LOZO lora_only nu50,3630,0.4779
LOZO lora_only nu50,3640,0.4666
LOZO lora_only nu50,3650,0.479
LOZO lora_only nu50,3660,0.4418
LOZO lora_only nu50,3670,0.4873
LOZO lora_only nu50,3680,0.4248
LOZO lora_only nu50,3690,0.4377
LOZO lora_only nu50,3700,0.4824
LOZO lora_only nu50,3710,0.4624
LOZO lora_only nu50,3720,0.4281
LOZO lora_only nu50,3730,0.4827
LOZO lora_only nu50,3740,0.4613
LOZO lora_only nu50,3750,0.4675
LOZO lora_only nu50,3760,0.4251
LOZO lora_only nu50,3770,0.4463
LOZO lora_only nu50,3780,0.4198
LOZO lora_only nu50,3790,0.4424
LOZO lora_only nu50,3800,0.4174
LOZO lora_only nu50,3810,0.4356
LOZO lora_only nu50,3820,0.4394
LOZO lora_only nu50,3830,0.4813
LOZO lora_only nu50,3840,0.4414
LOZO lora_only nu50,3850,0.4251
LOZO lora_only nu50,3860,0.4335
LOZO lora_only nu50,3870,0.425
LOZO lora_only nu50,3880,0.4432
LOZO lora_only nu50,3890,0.4988
LOZO lora_only nu50,3900,0.4386
LOZO lora_only nu50,3910,0.456
LOZO lora_only nu50,3920,0.505
LOZO lora_only nu50,3930,0.4494
LOZO lora_only nu50,3940,0.4378
LOZO lora_only nu50,3950,0.431
LOZO lora_only nu50,3960,0.4759
LOZO lora_only nu50,3970,0.4255
LOZO lora_only nu50,3980,0.4129
LOZO lora_only nu50,3990,0.3849
LOZO lora_only nu50,4000,0.4341
LOZO lora_only nu50,4010,0.491
LOZO lora_only nu50,4020,0.4833
LOZO lora_only nu50,4030,0.4241
LOZO lora_only nu50,4040,0.4371
LOZO lora_only nu50,4050,0.4185
LOZO lora_only nu50,4060,0.4834
LOZO lora_only nu50,4070,0.4539
LOZO lora_only nu50,4080,0.4198
LOZO lora_only nu50,4090,0.4068
LOZO lora_only nu50,4100,0.4976
LOZO lora_only nu50,4110,0.4872
LOZO lora_only nu50,4120,0.369
LOZO lora_only nu50,4130,0.5089
LOZO lora_only nu50,4140,0.4934
LOZO lora_only nu50,4150,0.4311
LOZO lora_only nu50,4160,0.4311
LOZO lora_only nu50,4170,0.3945
LOZO lora_only nu50,4180,0.4446
LOZO lora_only nu50,4190,0.4478
LOZO lora_only nu50,4200,0.4245
LOZO lora_only nu50,4210,0.4609
LOZO lora_only nu50,4220,0.3906
LOZO lora_only nu50,4230,0.4767
LOZO lora_only nu50,4240,0.4531
LOZO lora_only nu50,4250,0.4318
LOZO lora_only nu50,4260,0.4497
LOZO lora_only nu50,4270,0.4076
LOZO lora_only nu50,4280,0.4589
LOZO lora_only nu50,4290,0.3722
LOZO lora_only nu50,4300,0.437
LOZO lora_only nu50,4310,0.4847
LOZO lora_only nu50,4320,0.4163
LOZO lora_only nu50,4330,0.4548
LOZO lora_only nu50,4340,0.4476
LOZO lora_only nu50,4350,0.4565
LOZO lora_only nu50,4360,0.4545
LOZO lora_only nu50,4370,0.4392
LOZO lora_only nu50,4380,0.4402
LOZO lora_only nu50,4390,0.4204
LOZO lora_only nu50,4400,0.411
LOZO lora_only nu50,4410,0.4333
LOZO lora_only nu50,4420,0.3758
LOZO lora_only nu50,4430,0.3922
LOZO lora_only nu50,4440,0.4689
LOZO lora_only nu50,4450,0.3974
LOZO lora_only nu50,4460,0.4623
LOZO lora_only nu50,4470,0.4092
LOZO lora_only nu50,4480,0.4764
LOZO lora_only nu50,4490,0.4342
LOZO lora_only nu50,4500,0.3732
LOZO lora_only nu50,4510,0.3963
LOZO lora_only nu50,4520,0.4469
LOZO lora_only nu50,4530,0.4886
LOZO lora_only nu50,4540,0.3947
LOZO lora_only nu50,4550,0.4071
LOZO lora_only nu50,4560,0.5002
LOZO lora_only nu50,4570,0.3829
LOZO lora_only nu50,4580,0.3897
LOZO lora_only nu50,4590,0.4556
LOZO lora_only nu50,4600,0.4882
LOZO lora_only nu50,4610,0.3855
LOZO lora_only nu50,4620,0.4356
LOZO lora_only nu50,4630,0.3692
LOZO lora_only nu50,4640,0.405
LOZO lora_only nu50,4650,0.4687
LOZO lora_only nu50,4660,0.4706
LOZO lora_only nu50,4670,0.4434
LOZO lora_only nu50,4680,0.4597
LOZO lora_only nu50,4690,0.4592
LOZO lora_only nu50,4700,0.4373
LOZO lora_only nu50,4710,0.4173
LOZO lora_only nu50,4720,0.4539
LOZO lora_only nu50,4730,0.3962
LOZO lora_only nu50,4740,0.4611
LOZO lora_only nu50,4750,0.3692
LOZO lora_only nu50,4760,0.3655
LOZO lora_only nu50,4770,0.484
LOZO lora_only nu50,4780,0.4268
LOZO lora_only nu50,4790,0.4517
LOZO lora_only nu50,4800,0.3994
LOZO lora_only nu50,4810,0.4524
LOZO lora_only nu50,4820,0.3786
LOZO lora_only nu50,4830,0.4024
LOZO lora_only nu50,4840,0.4112
LOZO lora_only nu50,4850,0.3946
LOZO lora_only nu50,4860,0.4447
LOZO lora_only nu50,4870,0.4247
LOZO lora_only nu50,4880,0.3797
LOZO lora_only nu50,4890,0.4644
LOZO lora_only nu50,4900,0.4335
LOZO lora_only nu50,4910,0.4227
LOZO lora_only nu50,4920,0.4254
LOZO lora_only nu50,4930,0.4119
LOZO lora_only nu50,4940,0.469
LOZO lora_only nu50,4950,0.4954
LOZO lora_only nu50,4960,0.439
LOZO lora_only nu50,4970,0.3653
LOZO lora_only nu50,4980,0.4255
LOZO lora_only nu50,4990,0.3813
LOZO lora_only nu50,5000,0.4759
LOZO lora_only nu50,5010,0.3989
LOZO lora_only nu50,5020,0.3851
LOZO lora_only nu50,5030,0.4272
LOZO lora_only nu50,5040,0.4196
LOZO lora_only nu50,5050,0.3868
LOZO lora_only nu50,5060,0.4452
LOZO lora_only nu50,5070,0.414
LOZO lora_only nu50,5080,0.3974
LOZO lora_only nu50,5090,0.4574
LOZO lora_only nu50,5100,0.4094
LOZO lora_only nu50,5110,0.4167
LOZO lora_only nu50,5120,0.4729
LOZO lora_only nu50,5130,0.4256
LOZO lora_only nu50,5140,0.4373
LOZO lora_only nu50,5150,0.4308
LOZO lora_only nu50,5160,0.3741
LOZO lora_only nu50,5170,0.3929
LOZO lora_only nu50,5180,0.459
LOZO lora_only nu50,5190,0.412
LOZO lora_only nu50,5200,0.4043
LOZO lora_only nu50,5210,0.3632
LOZO lora_only nu50,5220,0.4511
LOZO lora_only nu50,5230,0.3706
LOZO lora_only nu50,5240,0.4175
LOZO lora_only nu50,5250,0.4479
LOZO lora_only nu50,5260,0.448
LOZO lora_only nu50,5270,0.4767
LOZO lora_only nu50,5280,0.3923
LOZO lora_only nu50,5290,0.3383
LOZO lora_only nu50,5300,0.467
LOZO lora_only nu50,5310,0.444
LOZO lora_only nu50,5320,0.3985
LOZO lora_only nu50,5330,0.4409
LOZO lora_only nu50,5340,0.4357
LOZO lora_only nu50,5350,0.4489
LOZO lora_only nu50,5360,0.4027
LOZO lora_only nu50,5370,0.4644
LOZO lora_only nu50,5380,0.3975
LOZO lora_only nu50,5390,0.4448
LOZO lora_only nu50,5400,0.4322
LOZO lora_only nu50,5410,0.4223
LOZO lora_only nu50,5420,0.3992
LOZO lora_only nu50,5430,0.393
LOZO lora_only nu50,5440,0.4842
LOZO lora_only nu50,5450,0.4481
LOZO lora_only nu50,5460,0.4506
LOZO lora_only nu50,5470,0.4328
LOZO lora_only nu50,5480,0.3784
LOZO lora_only nu50,5490,0.451
LOZO lora_only nu50,5500,0.3642
LOZO lora_only nu50,5510,0.4484
LOZO lora_only nu50,5520,0.3949
LOZO lora_only nu50,5530,0.4923
LOZO lora_only nu50,5540,0.418
LOZO lora_only nu50,5550,0.4083
LOZO lora_only nu50,5560,0.4783
LOZO lora_only nu50,5570,0.433
LOZO lora_only nu50,5580,0.4071
LOZO lora_only nu50,5590,0.4063
LOZO lora_only nu50,5600,0.4169
LOZO lora_only nu50,5610,0.4078
LOZO lora_only nu50,5620,0.455
LOZO lora_only nu50,5630,0.4406
LOZO lora_only nu50,5640,0.3891
LOZO lora_only nu50,5650,0.4059
LOZO lora_only nu50,5660,0.444
LOZO lora_only nu50,5670,0.5018
vLLM lora_only nu50,10,0.916522
vLLM lora_only nu50,20,0.933917
vLLM lora_only nu50,30,0.863677
vLLM lora_only nu50,40,0.760017
vLLM lora_only nu50,50,0.82516
vLLM lora_only nu50,60,0.730375
vLLM lora_only nu50,70,0.818235
vLLM lora_only nu50,80,0.913667
vLLM lora_only nu50,90,0.832606
vLLM lora_only nu50,100,0.785582
vLLM lora_only nu50,110,0.761672
vLLM lora_only nu50,120,0.781759
vLLM lora_only nu50,130,0.775251
vLLM lora_only nu50,140,0.934363
vLLM lora_only nu50,150,0.770674
vLLM lora_only nu50,160,0.754124
vLLM lora_only nu50,170,0.782032
vLLM lora_only nu50,180,0.765706
vLLM lora_only nu50,190,0.777384
vLLM lora_only nu50,200,0.992125
vLLM lora_only nu50,210,0.795527
vLLM lora_only nu50,220,0.833889
vLLM lora_only nu50,230,0.700854
vLLM lora_only nu50,240,0.824262
vLLM lora_only nu50,250,0.703096
vLLM lora_only nu50,260,0.892769
vLLM lora_only nu50,270,0.783672
vLLM lora_only nu50,280,0.819453
vLLM lora_only nu50,290,0.636843
vLLM lora_only nu50,300,0.756921
vLLM lora_only nu50,310,0.713304
vLLM lora_only nu50,320,0.8289
vLLM lora_only nu50,330,0.777651
vLLM lora_only nu50,340,0.75803
vLLM lora_only nu50,350,0.620011
vLLM lora_only nu50,360,0.745841
vLLM lora_only nu50,370,0.74537
vLLM lora_only nu50,380,0.707554
vLLM lora_only nu50,390,0.850211
vLLM lora_only nu50,400,0.686588
vLLM lora_only nu50,410,0.682333
vLLM lora_only nu50,420,0.656043
vLLM lora_only nu50,430,0.768054
vLLM lora_only nu50,440,0.692016
vLLM lora_only nu50,450,0.810682
vLLM lora_only nu50,460,0.642079
vLLM lora_only nu50,470,0.647948
vLLM lora_only nu50,480,0.661555
vLLM lora_only nu50,490,0.640049
vLLM lora_only nu50,500,0.65234
vLLM lora_only nu50,510,0.865631
vLLM lora_only nu50,520,0.666965
vLLM lora_only nu50,530,0.669954
vLLM lora_only nu50,540,0.642927
vLLM lora_only nu50,550,0.702439
vLLM lora_only nu50,560,0.640476
vLLM lora_only nu50,570,0.770891
vLLM lora_only nu50,580,0.689666
vLLM lora_only nu50,590,0.685349
vLLM lora_only nu50,600,0.564604
vLLM lora_only nu50,610,0.714172
vLLM lora_only nu50,620,0.691632
vLLM lora_only nu50,630,0.747123
vLLM lora_only nu50,640,0.727479
vLLM lora_only nu50,650,0.720983
vLLM lora_only nu50,660,0.587179
vLLM lora_only nu50,670,0.680854
vLLM lora_only nu50,680,0.646179
vLLM lora_only nu50,690,0.68023
vLLM lora_only nu50,700,0.742516
vLLM lora_only nu50,710,0.671807
vLLM lora_only nu50,720,0.664733
vLLM lora_only nu50,730,0.624488
vLLM lora_only nu50,740,0.676957
vLLM lora_only nu50,750,0.62687
vLLM lora_only nu50,760,0.769781
vLLM lora_only nu50,770,0.641051
vLLM lora_only nu50,780,0.677169
vLLM lora_only nu50,790,0.621559
vLLM lora_only nu50,800,0.592501
vLLM lora_only nu50,810,0.585903
vLLM lora_only nu50,820,0.764314
vLLM lora_only nu50,830,0.643583
vLLM lora_only nu50,840,0.608163
vLLM lora_only nu50,850,0.579449
vLLM lora_only nu50,860,0.719095
vLLM lora_only nu50,870,0.675975
vLLM lora_only nu50,880,0.734245
vLLM lora_only nu50,890,0.617126
vLLM lora_only nu50,900,0.665592
vLLM lora_only nu50,910,0.575847
vLLM lora_only nu50,920,0.662094
vLLM lora_only nu50,930,0.622338
vLLM lora_only nu50,940,0.712291
vLLM lora_only nu50,950,0.6784
vLLM lora_only nu50,960,0.632341
vLLM lora_only nu50,970,0.574711
vLLM lora_only nu50,980,0.618672
vLLM lora_only nu50,990,0.592638
vLLM lora_only nu50,1000,0.591971
vLLM lora_only nu50,1010,0.70746
vLLM lora_only nu50,1020,0.602225
vLLM lora_only nu50,1030,0.574273
vLLM lora_only nu50,1040,0.523671
vLLM lora_only nu50,1050,0.605268
vLLM lora_only nu50,1060,0.618764
vLLM lora_only nu50,1070,0.679575
vLLM lora_only nu50,1080,0.573124
vLLM lora_only nu50,1090,0.569728
vLLM lora_only nu50,1100,0.567561
vLLM lora_only nu50,1110,0.541023
vLLM lora_only nu50,1120,0.543006
vLLM lora_only nu50,1130,0.640211
vLLM lora_only nu50,1140,0.560653
vLLM lora_only nu50,1150,0.616895
vLLM lora_only nu50,1160,0.520158
vLLM lora_only nu50,1170,0.557274
vLLM lora_only nu50,1180,0.528381
vLLM lora_only nu50,1190,0.64597
vLLM lora_only nu50,1200,0.617779
vLLM lora_only nu50,1210,0.56025
vLLM lora_only nu50,1220,0.473245
vLLM lora_only nu50,1230,0.541841
vLLM lora_only nu50,1240,0.504767
vLLM lora_only nu50,1250,0.634663
vLLM lora_only nu50,1260,0.549738
vLLM lora_only nu50,1270,0.591767
vLLM lora_only nu50,1280,0.499442
vLLM lora_only nu50,1290,0.548532
vLLM lora_only nu50,1300,0.49476
vLLM lora_only nu50,1310,0.525254
vLLM lora_only nu50,1320,0.632456
vLLM lora_only nu50,1330,0.595982
vLLM lora_only nu50,1340,0.587277
vLLM lora_only nu50,1350,0.5017
vLLM lora_only nu50,1360,0.567457
vLLM lora_only nu50,1370,0.527556
vLLM lora_only nu50,1380,0.645408
vLLM lora_only nu50,1390,0.512394
vLLM lora_only nu50,1400,0.549826
vLLM lora_only nu50,1410,0.535666
vLLM lora_only nu50,1420,0.526241
vLLM lora_only nu50,1430,0.488245
vLLM lora_only nu50,1440,0.645825
vLLM lora_only nu50,1450,0.526983
vLLM lora_only nu50,1460,0.513533
vLLM lora_only nu50,1470,0.458367
vLLM lora_only nu50,1480,0.548642
vLLM lora_only nu50,1490,0.451295
vLLM lora_only nu50,1500,0.6345
vLLM lora_only nu50,1510,0.573664
vLLM lora_only nu50,1520,0.570485
vLLM lora_only nu50,1530,0.479486
vLLM lora_only nu50,1540,0.567125
vLLM lora_only nu50,1550,0.496711
vLLM lora_only nu50,1560,0.57807
vLLM lora_only nu50,1570,0.581182
vLLM lora_only nu50,1580,0.55895
vLLM lora_only nu50,1590,0.451344
vLLM lora_only nu50,1600,0.546909
vLLM lora_only nu50,1610,0.514736
vLLM lora_only nu50,1620,0.501877
vLLM lora_only nu50,1630,0.622599
vLLM lora_only nu50,1640,0.549537
vLLM lora_only nu50,1650,0.526719
vLLM lora_only nu50,1660,0.501177
vLLM lora_only nu50,1670,0.487708
vLLM lora_only nu50,1680,0.483948
vLLM lora_only nu50,1690,0.612728
vLLM lora_only nu50,1700,0.496918
vLLM lora_only nu50,1710,0.477491
vLLM lora_only nu50,1720,0.514269
vLLM lora_only nu50,1730,0.502844
vLLM lora_only nu50,1740,0.491569
vLLM lora_only nu50,1750,0.61255
vLLM lora_only nu50,1760,0.520887
vLLM lora_only nu50,1770,0.521133
vLLM lora_only nu50,1780,0.438793
vLLM lora_only nu50,1790,0.535504
vLLM lora_only nu50,1800,0.488071
vLLM lora_only nu50,1810,0.58162
vLLM lora_only nu50,1820,0.557259
vLLM lora_only nu50,1830,0.486343
vLLM lora_only nu50,1840,0.436198
vLLM lora_only nu50,1850,0.503094
vLLM lora_only nu50,1860,0.497398
vLLM lora_only nu50,1870,0.50214
vLLM lora_only nu50,1880,0.536256
vLLM lora_only nu50,1890,0.512669
vLLM lora_only nu50,1900,0.436568
vLLM lora_only nu50,1910,0.529471
vLLM lora_only nu50,1920,0.462237
vLLM lora_only nu50,1930,0.459382
vLLM lora_only nu50,1940,0.564189
vLLM lora_only nu50,1950,0.501764
vLLM lora_only nu50,1960,0.508906
vLLM lora_only nu50,1970,0.456424
vLLM lora_only nu50,1980,0.499265
vLLM lora_only nu50,1990,0.46074
vLLM lora_only nu50,2000,0.56255
vLLM lora_only nu50,2010,0.506713
vLLM lora_only nu50,2020,0.488103
vLLM lora_only nu50,2030,0.496803
vLLM lora_only nu50,2040,0.489425
vLLM lora_only nu50,2050,0.455857
vLLM lora_only nu50,2060,0.566087
vLLM lora_only nu50,2070,0.490218
vLLM lora_only nu50,2080,0.495884
vLLM lora_only nu50,2090,0.478814
vLLM lora_only nu50,2100,0.486816
vLLM lora_only nu50,2110,0.439384
vLLM lora_only nu50,2120,0.540487
vLLM lora_only nu50,2130,0.527855
vLLM lora_only nu50,2140,0.468561
vLLM lora_only nu50,2150,0.435572
vLLM lora_only nu50,2160,0.46138
vLLM lora_only nu50,2170,0.450427
vLLM lora_only nu50,2180,0.485998
vLLM lora_only nu50,2190,0.508821
vLLM lora_only nu50,2200,0.490077
vLLM lora_only nu50,2210,0.453663
vLLM lora_only nu50,2220,0.493705
vLLM lora_only nu50,2230,0.489062
vLLM lora_only nu50,2240,0.474864
vLLM lora_only nu50,2250,0.515671
vLLM lora_only nu50,2260,0.509022
vLLM lora_only nu50,2270,0.49153
vLLM lora_only nu50,2280,0.478787
vLLM lora_only nu50,2290,0.507919
vLLM lora_only nu50,2300,0.453772
vLLM lora_only nu50,2310,0.550694
vLLM lora_only nu50,2320,0.462951
vLLM lora_only nu50,2330,0.461135
vLLM lora_only nu50,2340,0.425182
vLLM lora_only nu50,2350,0.445842
vLLM lora_only nu50,2360,0.468922
vLLM lora_only nu50,2370,0.535914
vLLM lora_only nu50,2380,0.465248
vLLM lora_only nu50,2390,0.456082
vLLM lora_only nu50,2400,0.436461
vLLM lora_only nu50,2410,0.45918
vLLM lora_only nu50,2420,0.443074
vLLM lora_only nu50,2430,0.518517
vLLM lora_only nu50,2440,0.48356
vLLM lora_only nu50,2450,0.487291
vLLM lora_only nu50,2460,0.432245
vLLM lora_only nu50,2470,0.465184
vLLM lora_only nu50,2480,0.49264
vLLM lora_only nu50,2490,0.503021
vLLM lora_only nu50,2500,0.498056
vLLM lora_only nu50,2510,0.495063
vLLM lora_only nu50,2520,0.428038
vLLM lora_only nu50,2530,0.512323
vLLM lora_only nu50,2540,0.461069
vLLM lora_only nu50,2550,0.412013
vLLM lora_only nu50,2560,0.499663
vLLM lora_only nu50,2570,0.448395
vLLM lora_only nu50,2580,0.437636
vLLM lora_only nu50,2590,0.462431
vLLM lora_only nu50,2600,0.448306
vLLM lora_only nu50,2610,0.412958
vLLM lora_only nu50,2620,0.493957
vLLM lora_only nu50,2630,0.42844
vLLM lora_only nu50,2640,0.43703
vLLM lora_only nu50,2650,0.447501
vLLM lora_only nu50,2660,0.467665
vLLM lora_only nu50,2670,0.446241
vLLM lora_only nu50,2680,0.523256
vLLM lora_only nu50,2690,0.455467
vLLM lora_only nu50,2700,0.454375
vLLM lora_only nu50,2710,0.411096
vLLM lora_only nu50,2720,0.484881
vLLM lora_only nu50,2730,0.405716
vLLM lora_only nu50,2740,0.487429
vLLM lora_only nu50,2750,0.466422
vLLM lora_only nu50,2760,0.490282
vLLM lora_only nu50,2770,0.452163
vLLM lora_only nu50,2780,0.436403
vLLM lora_only nu50,2790,0.485663
vLLM lora_only nu50,2800,0.432067
vLLM lora_only nu50,2810,0.501799
vLLM lora_only nu50,2820,0.45585
vLLM lora_only nu50,2830,0.420684
vLLM lora_only nu50,2840,0.459575
vLLM lora_only nu50,2850,0.418092
vLLM lora_only nu50,2860,0.433066
vLLM lora_only nu50,2870,0.52078
vLLM lora_only nu50,2880,0.462241
vLLM lora_only nu50,2890,0.452978
vLLM lora_only nu50,2900,0.429893
vLLM lora_only nu50,2910,0.468175
vLLM lora_only nu50,2920,0.410636
vLLM lora_only nu50,2930,0.529348
vLLM lora_only nu50,2940,0.399726
vLLM lora_only nu50,2950,0.424933
vLLM lora_only nu50,2960,0.441942
vLLM lora_only nu50,2970,0.431483
vLLM lora_only nu50,2980,0.4433
vLLM lora_only nu50,2990,0.50806
vLLM lora_only nu50,3000,0.444723
vLLM lora_only nu50,3010,0.434033
vLLM lora_only nu50,3020,0.444211
vLLM lora_only nu50,3030,0.481118
vLLM lora_only nu50,3040,0.439109
vLLM lora_only nu50,3050,0.491504
vLLM lora_only nu50,3060,0.456606
vLLM lora_only nu50,3070,0.442549
vLLM lora_only nu50,3080,0.427751
vLLM lora_only nu50,3090,0.472196
vLLM lora_only nu50,3100,0.441552
vLLM lora_only nu50,3110,0.468381
vLLM lora_only nu50,3120,0.484769
vLLM lora_only nu50,3130,0.448579
vLLM lora_only nu50,3140,0.441582
vLLM lora_only nu50,3150,0.478688
vLLM lora_only nu50,3160,0.418985
vLLM lora_only nu50,3170,0.41638
vLLM lora_only nu50,3180,0.488187
vLLM lora_only nu50,3190,0.445224
vLLM lora_only nu50,3200,0.436039
vLLM lora_only nu50,3210,0.42323
vLLM lora_only nu50,3220,0.451683
vLLM lora_only nu50,3230,0.430234
vLLM lora_only nu50,3240,0.473751
vLLM lora_only nu50,3250,0.428144
vLLM lora_only nu50,3260,0.419572
vLLM lora_only nu50,3270,0.466997
vLLM lora_only nu50,3280,0.443186
vLLM lora_only nu50,3290,0.425955
vLLM lora_only nu50,3300,0.496207
vLLM lora_only nu50,3310,0.457606
vLLM lora_only nu50,3320,0.438547
vLLM lora_only nu50,3330,0.417932
vLLM lora_only nu50,3340,0.457581
vLLM lora_only nu50,3350,0.422703
vLLM lora_only nu50,3360,0.498536
vLLM lora_only nu50,3370,0.40408
vLLM lora_only nu50,3380,0.503538
vLLM lora_only nu50,3390,0.434181
vLLM lora_only nu50,3400,0.403077
vLLM lora_only nu50,3410,0.458713
vLLM lora_only nu50,3420,0.449877
vLLM lora_only nu50,3430,0.481575
vLLM lora_only nu50,3440,0.445044
vLLM lora_only nu50,3450,0.413244
vLLM lora_only nu50,3460,0.489128
vLLM lora_only nu50,3470,0.409886
vLLM lora_only nu50,3480,0.416138
vLLM lora_only nu50,3490,0.467345
vLLM lora_only nu50,3500,0.446029
vLLM lora_only nu50,3510,0.441645
vLLM lora_only nu50,3520,0.386717
vLLM lora_only nu50,3530,0.424401
vLLM lora_only nu50,3540,0.419793
vLLM lora_only nu50,3550,0.524996
vLLM lora_only nu50,3560,0.403506
vLLM lora_only nu50,3570,0.416589
vLLM lora_only nu50,3580,0.390129
vLLM lora_only nu50,3590,0.42838
vLLM lora_only nu50,3600,0.399059
vLLM lora_only nu50,3610,0.45735
vLLM lora_only nu50,3620,0.443478
vLLM lora_only nu50,3630,0.398668
vLLM lora_only nu50,3640,0.386594
vLLM lora_only nu50,3650,0.433568
vLLM lora_only nu50,3660,0.401125
vLLM lora_only nu50,3670,0.437429
vLLM lora_only nu50,3680,0.462727
vLLM lora_only nu50,3690,0.448733
vLLM lora_only nu50,3700,0.369513
vLLM lora_only nu50,3710,0.4268
vLLM lora_only nu50,3720,0.409435
vLLM lora_only nu50,3730,0.406313
vLLM lora_only nu50,3740,0.470948
vLLM lora_only nu50,3750,0.442286
vLLM lora_only nu50,3760,0.367246
vLLM lora_only nu50,3770,0.46661
vLLM lora_only nu50,3780,0.411812
vLLM lora_only nu50,3790,0.394725
vLLM lora_only nu50,3800,0.477438
vLLM lora_only nu50,3810,0.433102
vLLM lora_only nu50,3820,0.415695
vLLM lora_only nu50,3830,0.414066
vLLM lora_only nu50,3840,0.39246
vLLM lora_only nu50,3850,0.409802
vLLM lora_only nu50,3860,0.474479
vLLM lora_only nu50,3870,0.405564
vLLM lora_only nu50,3880,0.395301
vLLM lora_only nu50,3890,0.459089
vLLM lora_only nu50,3900,0.389272
vLLM lora_only nu50,3910,0.394312
vLLM lora_only nu50,3920,0.445819
vLLM lora_only nu50,3930,0.363554
vLLM lora_only nu50,3940,0.434871
vLLM lora_only nu50,3950,0.409121
vLLM lora_only nu50,3960,0.45008
vLLM lora_only nu50,3970,0.383691
vLLM lora_only nu50,3980,0.439089
vLLM lora_only nu50,3990,0.420013
vLLM lora_only nu50,4000,0.392151
vLLM lora_only nu50,4010,0.406857
vLLM lora_only nu50,4020,0.378494
vLLM lora_only nu50,4030,0.383696
vLLM lora_only nu50,4040,0.413671
vLLM lora_only nu50,4050,0.450049
vLLM lora_only nu50,4060,0.43421
vLLM lora_only nu50,4070,0.380692
vLLM lora_only nu50,4080,0.465736
vLLM lora_only nu50,4090,0.34677
vLLM lora_only nu50,4100,0.378075
vLLM lora_only nu50,4110,0.466117
vLLM lora_only nu50,4120,0.406153
vLLM lora_only nu50,4130,0.424857
vLLM lora_only nu50,4140,0.411848
vLLM lora_only nu50,4150,0.389746
vLLM lora_only nu50,4160,0.410736
vLLM lora_only nu50,4170,0.458359
vLLM lora_only nu50,4180,0.406088
vLLM lora_only nu50,4190,0.416699
vLLM lora_only nu50,4200,0.375241
vLLM lora_only nu50,4210,0.422399
vLLM lora_only nu50,4220,0.39945
vLLM lora_only nu50,4230,0.451231
vLLM lora_only nu50,4240,0.441075
vLLM lora_only nu50,4250,0.414915
vLLM lora_only nu50,4260,0.391911
vLLM lora_only nu50,4270,0.46171
vLLM lora_only nu50,4280,0.392496
vLLM lora_only nu50,4290,0.426629
vLLM lora_only nu50,4300,0.437878
vLLM lora_only nu50,4310,0.405057
vLLM lora_only nu50,4320,0.391735
vLLM lora_only nu50,4330,0.400939
vLLM lora_only nu50,4340,0.385841
vLLM lora_only nu50,4350,0.384066
vLLM lora_only nu50,4360,0.433173
vLLM lora_only nu50,4370,0.422041
vLLM lora_only nu50,4380,0.365842
vLLM lora_only nu50,4390,0.43986
vLLM lora_only nu50,4400,0.424058
vLLM lora_only nu50,4410,0.385434
vLLM lora_only nu50,4420,0.409252
vLLM lora_only nu50,4430,0.420723
vLLM lora_only nu50,4440,0.373122
vLLM lora_only nu50,4450,0.400233
vLLM lora_only nu50,4460,0.394032
vLLM lora_only nu50,4470,0.389026
vLLM lora_only nu50,4480,0.477661
vLLM lora_only nu50,4490,0.415574
vLLM lora_only nu50,4500,0.406421
vLLM lora_only nu50,4510,0.37118
vLLM lora_only nu50,4520,0.368449
vLLM lora_only nu50,4530,0.421881
vLLM lora_only nu50,4540,0.408951
vLLM lora_only nu50,4550,0.384399
vLLM lora_only nu50,4560,0.374915
vLLM lora_only nu50,4570,0.386188
vLLM lora_only nu50,4580,0.413564
vLLM lora_only nu50,4590,0.36579
vLLM lora_only nu50,4600,0.41898
vLLM lora_only nu50,4610,0.40215
vLLM lora_only nu50,4620,0.421634
vLLM lora_only nu50,4630,0.371598
vLLM lora_only nu50,4640,0.377336
vLLM lora_only nu50,4650,0.374676
vLLM lora_only nu50,4660,0.394528
vLLM lora_only nu50,4670,0.417143
vLLM lora_only nu50,4680,0.422248
vLLM lora_only nu50,4690,0.347565
vLLM lora_only nu50,4700,0.432294
vLLM lora_only nu50,4710,0.349934
vLLM lora_only nu50,4720,0.359587
vLLM lora_only nu50,4730,0.44126
vLLM lora_only nu50,4740,0.407836
vLLM lora_only nu50,4750,0.3805
vLLM lora_only nu50,4760,0.433049
vLLM lora_only nu50,4770,0.385955
vLLM lora_only nu50,4780,0.386425
vLLM lora_only nu50,4790,0.409441
vLLM lora_only nu50,4800,0.406911
vLLM lora_only nu50,4810,0.390037
vLLM lora_only nu50,4820,0.422057
vLLM lora_only nu50,4830,0.36635
vLLM lora_only nu50,4840,0.414014
vLLM lora_only nu50,4850,0.405588
vLLM lora_only nu50,4860,0.402845
vLLM lora_only nu50,4870,0.404651
vLLM lora_only nu50,4880,0.362814
vLLM lora_only nu50,4890,0.372598
vLLM lora_only nu50,4900,0.345681
vLLM lora_only nu50,4910,0.456301
vLLM lora_only nu50,4920,0.407472
vLLM lora_only nu50,4930,0.391931
vLLM lora_only nu50,4940,0.425121
vLLM lora_only nu50,4950,0.398939
vLLM lora_only nu50,4960,0.363178
vLLM lora_only nu50,4970,0.3686
vLLM lora_only nu50,4980,0.441188
vLLM lora_only nu50,4990,0.385237
vLLM lora_only nu50,5000,0.363579
vLLM lora_only nu50,5010,0.421524
vLLM lora_only nu50,5020,0.33174
vLLM lora_only nu50,5030,0.389991
vLLM lora_only nu50,5040,0.446817
vLLM lora_only nu50,5050,0.436576
vLLM lora_only nu50,5060,0.370584
vLLM lora_only nu50,5070,0.395847
vLLM lora_only nu50,5080,0.40728
vLLM lora_only nu50,5090,0.377863
vLLM lora_only nu50,5100,0.411204
vLLM lora_only nu50,5110,0.357352
vLLM lora_only nu50,5120,0.385676
vLLM lora_only nu50,5130,0.414092
vLLM lora_only nu50,5140,0.362304
vLLM lora_only nu50,5150,0.37156
vLLM lora_only nu50,5160,0.405962
vLLM lora_only nu50,5170,0.412264
vLLM lora_only nu50,5180,0.368516
vLLM lora_only nu50,5190,0.369689
vLLM lora_only nu50,5200,0.373437
vLLM lora_only nu50,5210,0.340086
vLLM lora_only nu50,5220,0.415744
vLLM lora_only nu50,5230,0.419118
vLLM lora_only nu50,5240,0.386342
vLLM lora_only nu50,5250,0.378056
vLLM lora_only nu50,5260,0.346985
vLLM lora_only nu50,5270,0.357
vLLM lora_only nu50,5280,0.359733
vLLM lora_only nu50,5290,0.404607
vLLM lora_only nu50,5300,0.395546
vLLM lora_only nu50,5310,0.386218
vLLM lora_only nu50,5320,0.427668
vLLM lora_only nu50,5330,0.394534
vLLM lora_only nu50,5340,0.369708
vLLM lora_only nu50,5350,0.46063
vLLM lora_only nu50,5360,0.437374
vLLM lora_only nu50,5370,0.416089
vLLM lora_only nu50,5380,0.42207
vLLM lora_only nu50,5390,0.398158
vLLM lora_only nu50,5400,0.390999
vLLM lora_only nu50,5410,0.385018
vLLM lora_only nu50,5420,0.360031
vLLM lora_only nu50,5430,0.392712
vLLM lora_only nu50,5440,0.425618
vLLM lora_only nu50,5450,0.34814
vLLM lora_only nu50,5460,0.43745
vLLM lora_only nu50,5470,0.409483
vLLM lora_only nu50,5480,0.375861
vLLM lora_only nu50,5490,0.384593
vLLM lora_only nu50,5500,0.361969
vLLM lora_only nu50,5510,0.412177
vLLM lora_only nu50,5520,0.34535
vLLM lora_only nu50,5530,0.383055
vLLM lora_only nu50,5540,0.420053
vLLM lora_only nu50,5550,0.356494
vLLM lora_only nu50,5560,0.390941
vLLM lora_only nu50,5570,0.401633
vLLM lora_only nu50,5580,0.404318
vLLM lora_only nu50,5590,0.388839
vLLM lora_only nu50,5600,0.418057
vLLM lora_only nu50,5610,0.379441
vLLM lora_only nu50,5620,0.381467
vLLM lora_only nu50,5630,0.406575
vLLM lora_only nu50,5640,0.36055
vLLM lora_only nu50,5650,0.366368
vLLM lora_only nu50,5660,0.401006
vLLM lora_only nu50,5670,0.405497
vLLM lora_only nu50,5680,0.385074
vLLM lora_only nu50,5690,0.392795
vLLM lora_only nu50,5700,0.33486
vLLM lora_only nu50,5710,0.357348
vLLM lora_only nu50,5720,0.419656
vLLM lora_only nu50,5730,0.312478
vLLM lora_only nu50,5740,0.385335
vLLM lora_only nu50,5750,0.377004
vLLM lora_only nu50,5760,0.37798
vLLM lora_only nu50,5770,0.386577
vLLM lora_only nu50,5780,0.433913
vLLM lora_only nu50,5790,0.365335
vLLM lora_only nu50,5800,0.384412
vLLM lora_only nu50,5810,0.410675
vLLM lora_only nu50,5820,0.428353
vLLM lora_only nu50,5830,0.393693
vLLM lora_only nu50,5840,0.43549
vLLM lora_only nu50,5850,0.398683
vLLM lora_only nu50,5860,0.357706
vLLM lora_only nu50,5870,0.355386
vLLM lora_only nu50,5880,0.357962
vLLM lora_only nu50,5890,0.368296
vLLM lora_only nu50,5900,0.381617
vLLM lora_only nu50,5910,0.423276
vLLM lora_only nu50,5920,0.40136
vLLM lora_only nu50,5930,0.355912
vLLM lora_only nu50,5940,0.379892
vLLM lora_only nu50,5950,0.345293
vLLM lora_only nu50,5960,0.362353
vLLM lora_only nu50,5970,0.431859
vLLM lora_only nu50,5980,0.413682
vLLM lora_only nu50,5990,0.34748
vLLM lora_only nu50,6000,0.366884
vLLM lora_only nu50,6010,0.365808
vLLM lora_only nu50,6020,0.349912
vLLM lora_only nu50,6030,0.402936
vLLM lora_only nu50,6040,0.355147
vLLM lora_only nu50,6050,0.38446
vLLM lora_only nu50,6060,0.404369
vLLM lora_only nu50,6070,0.376788
vLLM lora_only nu50,6080,0.393542
vLLM lora_only nu50,6090,0.399271
vLLM lora_only nu50,6100,0.412476
vLLM lora_only nu50,6110,0.369469
vLLM lora_only nu50,6120,0.371663
vLLM lora_only nu50,6130,0.363472
vLLM lora_only nu50,6140,0.342416
vLLM lora_only nu50,6150,0.428382
vLLM lora_only nu50,6160,0.341216
vLLM lora_only nu50,6170,0.333424
vLLM lora_only nu50,6180,0.386656
vLLM lora_only nu50,6190,0.40357
vLLM lora_only nu50,6200,0.414484
vLLM lora_only nu50,6210,0.369391
vLLM lora_only nu50,6220,0.412915
vLLM lora_only nu50,6230,0.371841
vLLM lora_only nu50,6240,0.365937
vLLM lora_only nu50,6250,0.380006
vLLM lora_only nu50,6260,0.343999
vLLM lora_only nu50,6270,0.353008
vLLM lora_only nu50,6280,0.378057
vLLM lora_only nu50,6290,0.371979
vLLM lora_only nu50,6300,0.351634
vLLM lora_only nu50,6310,0.346373
vLLM lora_only nu50,6320,0.341643
vLLM lora_only nu50,6330,0.329865
vLLM lora_only nu50,6340,0.398164
vLLM lora_only nu50,6350,0.353931
vLLM lora_only nu50,6360,0.379215
vLLM lora_only nu50,6370,0.424813
vLLM lora_only nu50,6380,0.370916
vLLM lora_only nu50,6390,0.40077
vLLM lora_only nu50,6400,0.38242
vLLM lora_only nu50,6410,0.355903
vLLM lora_only nu50,6420,0.37954
vLLM lora_only nu50,6430,0.354599
vLLM lora_only nu50,6440,0.381947
vLLM lora_only nu50,6450,0.324194
vLLM lora_only nu50,6460,0.401902
vLLM lora_only nu50,6470,0.377472
vLLM lora_only nu50,6480,0.377303
vLLM lora_only nu50,6490,0.360606
vLLM lora_only nu50,6500,0.339967
vLLM lora_only nu50,6510,0.320294
vLLM lora_only nu50,6520,0.321091
vLLM lora_only nu50,6530,0.366669
vLLM lora_only nu50,6540,0.377779
vLLM lora_only nu50,6550,0.317061
vLLM lora_only nu50,6560,0.384946
vLLM lora_only nu50,6570,0.319913
vLLM lora_only nu50,6580,0.34253
vLLM lora_only nu50,6590,0.386079
vLLM lora_only nu50,6600,0.382722
vLLM lora_only nu50,6610,0.355287
vLLM lora_only nu50,6620,0.361685
vLLM lora_only nu50,6630,0.368208
vLLM lora_only nu50,6640,0.337712
vLLM lora_only nu50,6650,0.387607
vLLM lora_only nu50,6660,0.326436
vLLM lora_only nu50,6670,0.367965
vLLM lora_only nu50,6680,0.403854
vLLM lora_only nu50,6690,0.314048
vLLM lora_only nu50,6700,0.326131
vLLM lora_only nu50,6710,0.314661
vLLM lora_only nu50,6720,0.309736
vLLM lora_only nu50,6730,0.329321
vLLM lora_only nu50,6740,0.333595
vLLM lora_only nu50,6750,0.332284
vLLM lora_only nu50,6760,0.447326
vLLM lora_only nu50,6770,0.436951
vLLM lora_only nu50,6780,0.443444
vLLM lora_only nu50,6790,0.464562
vLLM lora_only nu50,6800,0.423001
vLLM lora_only nu50,6810,0.368227
vLLM lora_only nu50,6820,0.351268
vLLM lora_only nu50,6830,0.306404
vLLM lora_only nu50,6840,0.39677
vLLM lora_only nu50,6850,0.344295
vLLM lora_only nu50,6860,0.347769
vLLM lora_only nu50,6870,0.338068
vLLM lora_only nu50,6880,0.313749
vLLM lora_only nu50,6890,0.319539
vLLM lora_only nu50,6900,0.38158
vLLM lora_only nu50,6910,0.370224
vLLM lora_only nu50,6920,0.355233
vLLM lora_only nu50,6930,0.358796
vLLM lora_only nu50,6940,0.328784
vLLM lora_only nu50,6950,0.30859
vLLM lora_only nu50,6960,0.37627
vLLM lora_only nu50,6970,0.358857
vLLM lora_only nu50,6980,0.319012
vLLM lora_only nu50,6990,0.35549
vLLM lora_only nu50,7000,0.324704
vLLM lora_only nu50,7010,0.387648
vLLM lora_only nu50,7020,0.386881
vLLM lora_only nu50,7030,0.306057
vLLM lora_only nu50,7040,0.315819
vLLM lora_only nu50,7050,0.338474
vLLM lora_only nu50,7060,0.346729
vLLM lora_only nu50,7070,0.401574
vLLM lora_only nu50,7080,0.396034
vLLM lora_only nu50,7090,0.335137
vLLM lora_only nu50,7100,0.381637
vLLM lora_only nu50,7110,0.315803
vLLM lora_only nu50,7120,0.33604
vLLM lora_only nu50,7130,0.344584
vLLM lora_only nu50,7140,0.337921
vLLM lora_only nu50,7150,0.372644
vLLM lora_only nu50,7160,0.365459
vLLM lora_only nu50,7170,0.34415
vLLM lora_only nu50,7180,0.365274
vLLM lora_only nu50,7190,0.328497
vLLM lora_only nu50,7200,0.328827
vLLM lora_only nu50,7210,0.386609
vLLM lora_only nu50,7220,0.352963
vLLM lora_only nu50,7230,0.326933
vLLM lora_only nu50,7240,0.339099
vLLM lora_only nu50,7250,0.312092
vLLM lora_only nu50,7260,0.349662
vLLM lora_only nu50,7270,0.370402
vLLM lora_only nu50,7280,0.34114
vLLM lora_only nu50,7290,0.363318
vLLM lora_only nu50,7300,0.377994
vLLM lora_only nu50,7310,0.313933
vLLM lora_only nu50,7320,0.351528
vLLM lora_only nu50,7330,0.376613
vLLM lora_only nu50,7340,0.318829
vLLM lora_only nu50,7350,0.317779
vLLM lora_only nu50,7360,0.463136
vLLM lora_only nu50,7370,0.467191
vLLM lora_only nu50,7380,0.440114
vLLM lora_only nu50,7390,0.453545
vLLM lora_only nu50,7400,0.412286
vLLM lora_only nu50,7410,0.369239
vLLM lora_only nu50,7420,0.34615
vLLM lora_only nu50,7430,0.337744
vLLM lora_only nu50,7440,0.329562
vLLM lora_only nu50,7450,0.368035
vLLM lora_only nu50,7460,0.390307
vLLM lora_only nu50,7470,0.369774
vLLM lora_only nu50,7480,0.342128
vLLM lora_only nu50,7490,0.347235
vLLM lora_only nu50,7500,0.31725
vLLM lora_only nu50,7510,0.282817
vLLM lora_only nu50,7520,0.338204
vLLM lora_only nu50,7530,0.346708
vLLM lora_only nu50,7540,0.297911
vLLM lora_only nu50,7550,0.299808
vLLM lora_only nu50,7560,0.425342
vLLM lora_only nu50,7570,0.357403
vLLM lora_only nu50,7580,0.416191
vLLM lora_only nu50,7590,0.36863
vLLM lora_only nu50,7600,0.411046
vLLM lora_only nu50,7610,0.378828
vLLM lora_only nu50,7620,0.347269
vLLM lora_only nu50,7630,0.378955
vLLM lora_only nu50,7640,0.384984
vLLM lora_only nu50,7650,0.3433
vLLM lora_only nu50,7660,0.366545
vLLM lora_only nu50,7670,0.36061
vLLM lora_only nu50,7680,0.41332
vLLM lora_only nu50,7690,0.357605
vLLM lora_only nu50,7700,0.356646
vLLM lora_only nu50,7710,0.328103
vLLM lora_only nu50,7720,0.346528
vLLM lora_only nu50,7730,0.360116
vLLM lora_only nu50,7740,0.32261
vLLM lora_only nu50,7750,0.304056
vLLM lora_only nu50,7760,0.318422
vLLM lora_only nu50,7770,0.35241
vLLM lora_only nu50,7780,0.335324
vLLM lora_only nu50,7790,0.290032
vLLM lora_only nu50,7800,0.36291
vLLM lora_only nu50,7810,0.299434
vLLM lora_only nu50,7820,0.297235
vLLM lora_only nu50,7830,0.335636
vLLM lora_only nu50,7840,0.346447
vLLM lora_only nu50,7850,0.318231
vLLM lora_only nu50,7860,0.313536
vLLM lora_only nu50,7870,0.295905
vLLM lora_only nu50,7880,0.295262
vLLM lora_only nu50,7890,0.343756
vLLM lora_only nu50,7900,0.363908
vLLM lora_only nu50,7910,0.311506
vLLM lora_only nu50,7920,0.330882
vLLM lora_only nu50,7930,0.317961
vLLM lora_only nu50,7940,0.313042
vLLM lora_only nu50,7950,0.405727
vLLM lora_only nu50,7960,0.304934
vLLM lora_only nu50,7970,0.339059
vLLM lora_only nu50,7980,0.342173
vLLM lora_only nu50,7990,0.313026
vLLM lora_only nu50,8000,0.31743
vLLM lora_only nu50,8010,0.365675
vLLM lora_only nu50,8020,0.325228
vLLM lora_only nu50,8030,0.341139
vLLM lora_only nu50,8040,0.312317
vLLM lora_only nu50,8050,0.297899
vLLM lora_only nu50,8060,0.321782
vLLM lora_only nu50,8070,0.33034
vLLM lora_only nu50,8080,0.389364
vLLM lora_only nu50,8090,0.340689
vLLM lora_only nu50,8100,0.282995
vLLM lora_only nu50,8110,0.362443
vLLM lora_only nu50,8120,0.280483
vLLM lora_only nu50,8130,0.299059
vLLM lora_only nu50,8140,0.361386
vLLM lora_only nu50,8150,0.341299
vLLM lora_only nu50,8160,0.294183
vLLM lora_only nu50,8170,0.35536
vLLM lora_only nu50,8180,0.304173
vLLM lora_only nu50,8190,0.358943
vLLM lora_only nu50,8200,0.323124
vLLM lora_only nu50,8210,0.372936
vLLM lora_only nu50,8220,0.336382
vLLM lora_only nu50,8230,0.317373
vLLM lora_only nu50,8240,0.294173
vLLM lora_only nu50,8250,0.3489
vLLM lora_only nu50,8260,0.343524
vLLM lora_only nu50,8270,0.306479
vLLM lora_only nu50,8280,0.342564
vLLM lora_only nu50,8290,0.316936
vLLM lora_only nu50,8300,0.306697
vLLM lora_only nu50,8310,0.32677
vLLM lora_only nu50,8320,0.329621
vLLM lora_only nu50,8330,0.331112
vLLM lora_only nu50,8340,0.318524
vLLM lora_only nu50,8350,0.311513
vLLM lora_only nu50,8360,0.314008
vLLM lora_only nu50,8370,0.30877
vLLM lora_only nu50,8380,0.276167
vLLM lora_only nu50,8390,0.3467
vLLM lora_only nu50,8400,0.317682
vLLM lora_only nu50,8410,0.307698
vLLM lora_only nu50,8420,0.328558
vLLM lora_only nu50,8430,0.363771
vLLM lora_only nu50,8440,0.333552
vLLM lora_only nu50,8450,0.327111
vLLM lora_only nu50,8460,0.327365
vLLM lora_only nu50,8470,0.3075
vLLM lora_only nu50,8480,0.287933
vLLM lora_only nu50,8490,0.317101
vLLM lora_only nu50,8500,0.312211
vLLM lora_only nu50,8510,0.362588
vLLM lora_only nu50,8520,0.293173
vLLM lora_only nu50,8530,0.350104
vLLM lora_only nu50,8540,0.338077
vLLM lora_only nu50,8550,0.321216
vLLM lora_only nu50,8560,0.340498
vLLM lora_only nu50,8570,0.326415
vLLM lora_only nu50,8580,0.307983
vLLM lora_only nu50,8590,0.346364
vLLM lora_only nu50,8600,0.300334
vLLM lora_only nu50,8610,0.297536
vLLM lora_only nu50,8620,0.320869
vLLM lora_only nu50,8630,0.335435
vLLM lora_only nu50,8640,0.318934
vLLM lora_only nu50,8650,0.327615
vLLM lora_only nu50,8660,0.298799
vLLM lora_only nu50,8670,0.32713
vLLM lora_only nu50,8680,0.298877
vLLM lora_only nu50,8690,0.274427
vLLM lora_only nu50,8700,0.328668
vLLM lora_only nu50,8710,0.34651
vLLM lora_only nu50,8720,0.261343
vLLM lora_only nu50,8730,0.336307
vLLM lora_only nu50,8740,0.295899
vLLM lora_only nu50,8750,0.269238
vLLM lora_only nu50,8760,0.311356
vLLM lora_only nu50,8770,0.351364
vLLM lora_only nu50,8780,0.313009
vLLM lora_only nu50,8790,0.334225
vLLM lora_only nu50,8800,0.309592
vLLM lora_only nu50,8810,0.306349
vLLM lora_only nu50,8820,0.35004
vLLM lora_only nu50,8830,0.323691
vLLM lora_only nu50,8840,0.342286
vLLM lora_only nu50,8850,0.315697
vLLM lora_only nu50,8860,0.276593
vLLM lora_only nu50,8870,0.348979
vLLM lora_only nu50,8880,0.38658
vLLM lora_only nu50,8890,0.312563
vLLM lora_only nu50,8900,0.315317
vLLM lora_only nu50,8910,0.324086
vLLM lora_only nu50,8920,0.306075
vLLM lora_only nu50,8930,0.325988
vLLM lora_only nu50,8940,0.33006
vLLM lora_only nu50,8950,0.316807
vLLM lora_only nu50,8960,0.257357
vLLM lora_only nu50,8970,0.294923
vLLM lora_only nu50,8980,0.310056
vLLM lora_only nu50,8990,0.294131
vLLM lora_only nu50,9000,0.299062
vLLM lora_only nu50,9010,0.426
vLLM lora_only nu50,9020,0.411524
vLLM lora_only nu50,9030,0.424641
vLLM lora_only nu50,9040,0.399507
vLLM lora_only nu50,9050,0.379768
vLLM lora_only nu50,9060,0.294202
vLLM lora_only nu50,9070,0.324119
vLLM lora_only nu50,9080,0.324204
vLLM lora_only nu50,9090,0.290451
vLLM lora_only nu50,9100,0.323076
vLLM lora_only nu50,9110,0.269432
vLLM lora_only nu50,9120,0.333685
vLLM lora_only nu50,9130,0.327076
vLLM lora_only nu50,9140,0.316248
vLLM lora_only nu50,9150,0.32319
vLLM lora_only nu50,9160,0.323399
vLLM lora_only nu50,9170,0.257277
vLLM lora_only nu50,9180,0.335664
vLLM lora_only nu50,9190,0.319468
vLLM lora_only nu50,9200,0.29544
vLLM lora_only nu50,9210,0.309158
vLLM lora_only nu50,9220,0.3305
vLLM lora_only nu50,9230,0.287594
vLLM lora_only nu50,9240,0.309296
vLLM lora_only nu50,9250,0.306237
vLLM lora_only nu50,9260,0.302416
vLLM lora_only nu50,9270,0.307031
vLLM lora_only nu50,9280,0.281769
vLLM lora_only nu50,9290,0.271618
vLLM lora_only nu50,9300,0.286079
vLLM lora_only nu50,9310,0.298552
vLLM lora_only nu50,9320,0.352662
vLLM lora_only nu50,9330,0.320896
vLLM lora_only nu50,9340,0.285729
vLLM lora_only nu50,9350,0.338256
vLLM lora_only nu50,9360,0.261054
vLLM lora_only nu50,9370,0.286186
vLLM lora_only nu50,9380,0.352449
vLLM lora_only nu50,9390,0.314882
vLLM lora_only nu50,9400,0.308376
vLLM lora_only nu50,9410,0.282957
vLLM lora_only nu50,9420,0.263713
vLLM lora_only nu50,9430,0.297411
vLLM lora_only nu50,9440,0.343883
vLLM lora_only nu50,9450,0.314256
vLLM lora_only nu50,9460,0.299395
vLLM lora_only nu50,9470,0.277739
vLLM lora_only nu50,9480,0.260897
vLLM lora_only nu50,9490,0.340668
vLLM lora_only nu50,9500,0.349757
vLLM lora_only nu50,9510,0.390732
vLLM lora_only nu50,9520,0.405541
vLLM lora_only nu50,9530,0.375915
vLLM lora_only nu50,9540,0.384516
vLLM lora_only nu50,9550,0.334522
vLLM lora_only nu50,9560,0.336205
vLLM lora_only nu50,9570,0.28698
vLLM lora_only nu50,9580,0.311961
vLLM lora_only nu50,9590,0.32132
vLLM lora_only nu50,9600,0.312116
vLLM lora_only nu50,9610,0.312923
vLLM lora_only nu50,9620,0.309541
vLLM lora_only nu50,9630,0.358179
vLLM lora_only nu50,9640,0.33668
vLLM lora_only nu50,9650,0.244079
vLLM lora_only nu50,9660,0.299824
vLLM lora_only nu50,9670,0.262979
vLLM lora_only nu50,9680,0.289899
vLLM lora_only nu50,9690,0.346509
vLLM lora_only nu50,9700,0.295595
vLLM lora_only nu50,9710,0.296594
vLLM lora_only nu50,9720,0.286099
vLLM lora_only nu50,9730,0.263275
vLLM lora_only nu50,9740,0.290328
vLLM lora_only nu50,9750,0.316302
vLLM lora_only nu50,9760,0.307828
vLLM lora_only nu50,9770,0.33768
vLLM lora_only nu50,9780,0.315798
vLLM lora_only nu50,9790,0.288754
vLLM lora_only nu50,9800,0.312472
vLLM lora_only nu50,9810,0.34611
vLLM lora_only nu50,9820,0.290128
vLLM lora_only nu50,9830,0.318814
vLLM lora_only nu50,9840,0.288496
vLLM lora_only nu50,9850,0.296128
vLLM lora_only nu50,9860,0.314374
vLLM lora_only nu50,9870,0.284012
vLLM lora_only nu50,9880,0.322354
vLLM lora_only nu50,9890,0.27816
vLLM lora_only nu50,9900,0.283604
vLLM lora_only nu50,9910,0.283597
vLLM lora_only nu50,9920,0.284349
vLLM lora_only nu50,9930,0.288226
vLLM lora_only nu50,9940,0.297265
vLLM lora_only nu50,9950,0.279282
vLLM lora_only nu50,9960,0.248365
vLLM lora_only nu50,9970,0.294219
vLLM lora_only nu50,9980,0.255373
vLLM lora_only nu50,9990,0.288547
vLLM lora_only nu50,10000,0.311048
vLLM lora_only nu50,10010,0.379452
vLLM lora_only nu50,10020,0.251441
vLLM lora_only nu50,10030,0.320384
vLLM lora_only nu50,10040,0.255572
vLLM lora_only nu50,10050,0.324095
vLLM lora_only nu50,10060,0.297243
vLLM lora_only nu50,10070,0.278732
vLLM lora_only nu50,10080,0.292615
vLLM lora_only nu50,10090,0.308293
vLLM lora_only nu50,10100,0.241003
vLLM lora_only nu50,10110,0.286176
vLLM lora_only nu50,10120,0.318542
vLLM lora_only nu50,10130,0.287284
vLLM lora_only nu50,10140,0.301694
vLLM lora_only nu50,10150,0.267463
vLLM lora_only nu50,10160,0.303348
vLLM lora_only nu50,10170,0.31739
vLLM lora_only nu50,10180,0.340759
vLLM lora_only nu50,10190,0.2905
vLLM lora_only nu50,10200,0.307804
vLLM lora_only nu50,10210,0.298673
vLLM lora_only nu50,10220,0.282509
vLLM lora_only nu50,10230,0.27393
vLLM lora_only nu50,10240,0.296355
vLLM lora_only nu50,10250,0.351484
vLLM lora_only nu50,10260,0.322133
vLLM lora_only nu50,10270,0.219662
vLLM lora_only nu50,10280,0.28634
vLLM lora_only nu50,10290,0.266988
vLLM lora_only nu50,10300,0.265733
vLLM lora_only nu50,10310,0.293426
vLLM lora_only nu50,10320,0.318222
vLLM lora_only nu50,10330,0.285162
vLLM lora_only nu50,10340,0.305227
vLLM lora_only nu50,10350,0.269617
vLLM lora_only nu50,10360,0.285129
vLLM lora_only nu50,10370,0.302841
vLLM lora_only nu50,10380,0.300492
vLLM lora_only nu50,10390,0.256565
vLLM lora_only nu50,10400,0.293336
vLLM lora_only nu50,10410,0.260506
vLLM lora_only nu50,10420,0.29943
vLLM lora_only nu50,10430,0.355829
vLLM lora_only nu50,10440,0.265689
vLLM lora_only nu50,10450,0.312766
vLLM lora_only nu50,10460,0.276359
vLLM lora_only nu50,10470,0.338677
vLLM lora_only nu50,10480,0.295429
vLLM lora_only nu50,10490,0.345655
vLLM lora_only nu50,10500,0.301368
vLLM lora_only nu50,10510,0.354025
vLLM lora_only nu50,10520,0.288337
vLLM lora_only nu50,10530,0.30217
vLLM lora_only nu50,10540,0.337742
vLLM lora_only nu50,10550,0.339397
vLLM lora_only nu50,10560,0.316948
vLLM lora_only nu50,10570,0.301881
vLLM lora_only nu50,10580,0.257362
vLLM lora_only nu50,10590,0.290449
vLLM lora_only nu50,10600,0.257801
vLLM lora_only nu50,10610,0.248575
vLLM lora_only nu50,10620,0.32063
vLLM lora_only nu50,10630,0.297267
vLLM lora_only nu50,10640,0.299311
vLLM lora_only nu50,10650,0.253807
vLLM lora_only nu50,10660,0.242293
vLLM lora_only nu50,10670,0.305589
vLLM lora_only nu50,10680,0.31458
vLLM lora_only nu50,10690,0.276424
vLLM lora_only nu50,10700,0.304136
vLLM lora_only nu50,10710,0.272383
vLLM lora_only nu50,10720,0.23031
vLLM lora_only nu50,10730,0.336184
vLLM lora_only nu50,10740,0.270734
vLLM lora_only nu50,10750,0.283162
vLLM lora_only nu50,10760,0.318523
vLLM lora_only nu50,10770,0.272713
vLLM lora_only nu50,10780,0.304064
vLLM lora_only nu50,10790,0.27826
vLLM lora_only nu50,10800,0.279945
vLLM lora_only nu50,10810,0.244333
vLLM lora_only nu50,10820,0.304288
vLLM lora_only nu50,10830,0.271175
vLLM lora_only nu50,10840,0.298581
vLLM lora_only nu50,10850,0.259548
vLLM lora_only nu50,10860,0.253878
vLLM lora_only nu50,10870,0.356137
vLLM lora_only nu50,10880,0.326715
vLLM lora_only nu50,10890,0.23407
vLLM lora_only nu50,10900,0.326056
vLLM lora_only nu50,10910,0.239404
vLLM lora_only nu50,10920,0.269275
vLLM lora_only nu50,10930,0.332272
vLLM lora_only nu50,10940,0.290947
vLLM lora_only nu50,10950,0.314379
vLLM lora_only nu50,10960,0.305649
vLLM lora_only nu50,10970,0.2801
vLLM lora_only nu50,10980,0.26977
vLLM lora_only nu50,10990,0.31897
vLLM lora_only nu50,11000,0.265531
vLLM lora_only nu50,11010,0.265034
vLLM lora_only nu50,11020,0.325993
vLLM lora_only nu50,11030,0.241892
vLLM lora_only nu50,11040,0.289299
vLLM lora_only nu50,11050,0.266921
vLLM lora_only nu50,11060,0.301994
vLLM lora_only nu50,11070,0.318689
vLLM lora_only nu50,11080,0.310538
vLLM lora_only nu50,11090,0.284331
vLLM lora_only nu50,11100,0.268056
vLLM lora_only nu50,11110,0.305785
vLLM lora_only nu50,11120,0.301167
vLLM lora_only nu50,11130,0.269309
vLLM lora_only nu50,11140,0.269886
vLLM lora_only nu50,11150,0.260811
vLLM lora_only nu50,11160,0.307188
vLLM lora_only nu50,11170,0.305384
vLLM lora_only nu50,11180,0.317275
vLLM lora_only nu50,11190,0.335906
vLLM lora_only nu50,11200,0.298609
vLLM lora_only nu50,11210,0.313251
vLLM lora_only nu50,11220,0.258522
vLLM lora_only nu50,11230,0.290722
vLLM lora_only nu50,11240,0.356766
vLLM lora_only nu50,11250,0.332983
vLLM lora_only nu50,11260,0.312646
vLLM lora_only nu50,11270,0.301899
vLLM lora_only nu50,11280,0.27022
vLLM lora_only nu50,11290,0.271348
vLLM lora_only nu50,11300,0.316258
vLLM lora_only nu50,11310,0.292408
vLLM lora_only nu50,11320,0.294708
vLLM lora_only nu50,11330,0.350158
vLLM lora_only nu50,11340,0.265887
vLLM lora_only nu50,11350,0.301329
vLLM lora_only nu50,11360,0.312343
vLLM lora_only nu50,11370,0.276043
vLLM lora_only nu50,11380,0.28602
vLLM lora_only nu50,11390,0.264721
vLLM lora_only nu50,11400,0.286591
vLLM lora_only nu50,11410,0.282224
vLLM lora_only nu50,11420,0.323894
vLLM lora_only nu50,11430,0.29313
vLLM lora_only nu50,11440,0.289678
vLLM lora_only nu50,11450,0.291311
vLLM lora_only nu50,11460,0.267026
vLLM lora_only nu50,11470,0.280901
vLLM lora_only nu50,11480,0.257406
vLLM lora_only nu50,11490,0.292902
vLLM lora_only nu50,11500,0.316687
vLLM lora_only nu50,11510,0.244185
vLLM lora_only nu50,11520,0.263223
vLLM lora_only nu50,11530,0.258974
vLLM lora_only nu50,11540,0.257733
vLLM lora_only nu50,11550,0.283892
vLLM lora_only nu50,11560,0.312792
vLLM lora_only nu50,11570,0.335048
vLLM lora_only nu50,11580,0.320118
vLLM lora_only nu50,11590,0.279496
vLLM lora_only nu50,11600,0.297876
vLLM lora_only nu50,11610,0.310055
vLLM lora_only nu50,11620,0.260236
vLLM lora_only nu50,11630,0.270099
vLLM lora_only nu50,11640,0.310784
vLLM lora_only nu50,11650,0.220363
vLLM lora_only nu50,11660,0.274789
vLLM lora_only nu50,11670,0.298746
vLLM lora_only nu50,11680,0.321111
vLLM lora_only nu50,11690,0.301551
vLLM lora_only nu50,11700,0.253395
vLLM lora_only nu50,11710,0.299051
vLLM lora_only nu50,11720,0.269754
vLLM lora_only nu50,11730,0.303084
vLLM lora_only nu50,11740,0.301167
vLLM lora_only nu50,11750,0.314697
vLLM lora_only nu50,11760,0.248208
vLLM lora_only nu50,11770,0.254209
vLLM lora_only nu50,11780,0.279328
vLLM lora_only nu50,11790,0.251894
vLLM lora_only nu50,11800,0.330542
vLLM lora_only nu50,11810,0.332804
vLLM lora_only nu50,11820,0.259283
vLLM lora_only nu50,11830,0.280059
vLLM lora_only nu50,11840,0.247513
vLLM lora_only nu50,11850,0.289007
vLLM lora_only nu50,11860,0.349792
vLLM lora_only nu50,11870,0.260876
vLLM lora_only nu50,11880,0.265115
vLLM lora_only nu50,11890,0.246912
vLLM lora_only nu50,11900,0.209101
vLLM lora_only nu50,11910,0.281166
vLLM lora_only nu50,11920,0.318023
vLLM lora_only nu50,11930,0.288566
vLLM lora_only nu50,11940,0.241315
vLLM lora_only nu50,11950,0.244584
vLLM lora_only nu50,11960,0.24022
vLLM lora_only nu50,11970,0.270719
vLLM lora_only nu50,11980,0.279539
vLLM lora_only nu50,11990,0.234038
vLLM lora_only nu50,12000,0.26428
vLLM lora_only nu50,12010,0.254082
vLLM lora_only nu50,12020,0.260232
vLLM lora_only nu50,12030,0.269959
vLLM lora_only nu50,12040,0.329977
vLLM lora_only nu50,12050,0.240657
vLLM lora_only nu50,12060,0.257535
vLLM lora_only nu50,12070,0.237033
vLLM lora_only nu50,12080,0.298927
vLLM lora_only nu50,12090,0.254963
vLLM lora_only nu50,12100,0.247627
vLLM lora_only nu50,12110,0.280838
vLLM lora_only nu50,12120,0.293677
vLLM lora_only nu50,12130,0.233704
vLLM lora_only nu50,12140,0.290349
vLLM lora_only nu50,12150,0.230936
vLLM lora_only nu50,12160,0.245696
vLLM lora_only nu50,12170,0.296106
vLLM lora_only nu50,12180,0.297827
vLLM lora_only nu50,12190,0.269412
vLLM lora_only nu50,12200,0.288028
vLLM lora_only nu50,12210,0.240262
vLLM lora_only nu50,12220,0.281067
vLLM lora_only nu50,12230,0.314754
vLLM lora_only nu50,12240,0.240917
vLLM lora_only nu50,12250,0.287598
vLLM lora_only nu50,12260,0.279347
vLLM lora_only nu50,12270,0.221898
vLLM lora_only nu50,12280,0.292031
vLLM lora_only nu50,12290,0.307343
vLLM lora_only nu50,12300,0.240626
vLLM lora_only nu50,12310,0.307922
vLLM lora_only nu50,12320,0.259329
vLLM lora_only nu50,12330,0.258845
vLLM lora_only nu50,12340,0.226405
vLLM lora_only nu50,12350,0.309572
vLLM lora_only nu50,12360,0.283113
vLLM lora_only nu50,12370,0.329678
vLLM lora_only nu50,12380,0.248378
vLLM lora_only nu50,12390,0.292592
vLLM lora_only nu50,12400,0.271868
vLLM lora_only nu50,12410,0.274384
vLLM lora_only nu50,12420,0.308924
vLLM lora_only nu50,12430,0.317321
vLLM lora_only nu50,12440,0.238626
vLLM lora_only nu50,12450,0.354559
vLLM lora_only nu50,12460,0.230635
vLLM lora_only nu50,12470,0.246575
vLLM lora_only nu50,12480,0.278497
vLLM lora_only nu50,12490,0.256169
vLLM lora_only nu50,12500,0.251243
vLLM lora_only nu50,12510,0.267943
vLLM lora_only nu50,12520,0.212921
vLLM lora_only nu50,12530,0.274227
vLLM lora_only nu50,12540,0.298172
vLLM lora_only nu50,12550,0.25836
vLLM lora_only nu50,12560,0.267497
vLLM lora_only nu50,12570,0.268806
vLLM lora_only nu50,12580,0.228932
vLLM lora_only nu50,12590,0.293707
vLLM lora_only nu50,12600,0.325614
vLLM lora_only nu50,12610,0.284155
vLLM lora_only nu50,12620,0.348092
vLLM lora_only nu50,12630,0.268346
vLLM lora_only nu50,12640,0.338928
vLLM lora_only nu50,12650,0.321515
vLLM lora_only nu50,12660,0.349918
vLLM lora_only nu50,12670,0.264429
vLLM lora_only nu50,12680,0.29919
vLLM lora_only nu50,12690,0.291769
vLLM lora_only nu50,12700,0.238986
vLLM lora_only nu50,12710,0.279717
vLLM lora_only nu50,12720,0.248128
vLLM lora_only nu50,12730,0.323259
vLLM lora_only nu50,12740,0.265249
vLLM lora_only nu50,12750,0.213653
vLLM lora_only nu50,12760,0.268331
vLLM lora_only nu50,12770,0.239989
vLLM lora_only nu50,12780,0.250796
vLLM lora_only nu50,12790,0.29902
vLLM lora_only nu50,12800,0.273745
vLLM lora_only nu50,12810,0.297803
vLLM lora_only nu50,12820,0.338147
vLLM lora_only nu50,12830,0.225685
vLLM lora_only nu50,12840,0.310572
vLLM lora_only nu50,12850,0.362658
vLLM lora_only nu50,12860,0.23789
vLLM lora_only nu50,12870,0.277475
vLLM lora_only nu50,12880,0.247931
vLLM lora_only nu50,12890,0.208408
vLLM lora_only nu50,12900,0.305479
vLLM lora_only nu50,12910,0.282627
vLLM lora_only nu50,12920,0.244034
vLLM lora_only nu50,12930,0.256958
vLLM lora_only nu50,12940,0.240245
vLLM lora_only nu50,12950,0.255243
vLLM lora_only nu50,12960,0.249601
vLLM lora_only nu50,12970,0.326332
vLLM lora_only nu50,12980,0.271996
vLLM lora_only nu50,12990,0.307895
vLLM lora_only nu50,13000,0.319304
vLLM lora_only nu50,13010,0.33611
vLLM lora_only nu50,13020,0.329546
vLLM lora_only nu50,13030,0.381332
vLLM lora_only nu50,13040,0.367392
vLLM lora_only nu50,13050,0.384469
vLLM lora_only nu50,13060,0.242596
vLLM lora_only nu50,13070,0.303385
vLLM lora_only nu50,13080,0.250721
vLLM lora_only nu50,13090,0.244333
vLLM lora_only nu50,13100,0.29489
vLLM lora_only nu50,13110,0.295489
vLLM lora_only nu50,13120,0.263626
vLLM lora_only nu50,13130,0.242974
vLLM lora_only nu50,13140,0.213766
vLLM lora_only nu50,13150,0.255933
vLLM lora_only nu50,13160,0.348221
vLLM lora_only nu50,13170,0.274296
vLLM lora_only nu50,13180,0.262751
vLLM lora_only nu50,13190,0.270218
vLLM lora_only nu50,13200,0.212341
vLLM lora_only nu50,13210,0.329945
vLLM lora_only nu50,13220,0.285878
vLLM lora_only nu50,13230,0.275129
vLLM lora_only nu50,13240,0.30787
vLLM lora_only nu50,13250,0.295062
vLLM lora_only nu50,13260,0.318379
vLLM lora_only nu50,13270,0.273572
vLLM lora_only nu50,13280,0.334794
vLLM lora_only nu50,13290,0.296159
vLLM lora_only nu50,13300,0.255337
vLLM lora_only nu50,13310,0.235984
vLLM lora_only nu50,13320,0.227756
vLLM lora_only nu50,13330,0.2449
vLLM lora_only nu50,13340,0.23009
vLLM lora_only nu50,13350,0.304305
vLLM lora_only nu50,13360,0.32956
vLLM lora_only nu50,13370,0.262087
vLLM lora_only nu50,13380,0.326563
vLLM lora_only nu50,13390,0.270349
vLLM lora_only nu50,13400,0.257667
vLLM lora_only nu50,13410,0.299359
vLLM lora_only nu50,13420,0.272611
vLLM lora_only nu50,13430,0.237536
vLLM lora_only nu50,13440,0.235924
vLLM lora_only nu50,13450,0.224422
vLLM lora_only nu50,13460,0.245544
vLLM lora_only nu50,13470,0.303369
vLLM lora_only nu50,13480,0.214425
vLLM lora_only nu50,13490,0.295481
vLLM lora_only nu50,13500,0.249516
vLLM lora_only nu50,13510,0.187634
vLLM lora_only nu50,13520,0.289331
vLLM lora_only nu50,13530,0.246416
vLLM lora_only nu50,13540,0.237297
vLLM lora_only nu50,13550,0.25737
vLLM lora_only nu50,13560,0.292363
vLLM lora_only nu50,13570,0.359689
vLLM lora_only nu50,13580,0.276626
vLLM lora_only nu50,13590,0.333259
vLLM lora_only nu50,13600,0.271901
vLLM lora_only nu50,13610,0.245956
vLLM lora_only nu50,13620,0.292279
vLLM lora_only nu50,13630,0.266877
vLLM lora_only nu50,13640,0.228122
vLLM lora_only nu50,13650,0.240775
vLLM lora_only nu50,13660,0.326974
vLLM lora_only nu50,13670,0.293454
vLLM lora_only nu50,13680,0.223101
vLLM lora_only nu50,13690,0.253647
vLLM lora_only nu50,13700,0.243803
vLLM lora_only nu50,13710,0.235452
vLLM lora_only nu50,13720,0.276383
vLLM lora_only nu50,13730,0.307206
vLLM lora_only nu50,13740,0.229259
vLLM lora_only nu50,13750,0.274326
vLLM lora_only nu50,13760,0.209439
vLLM lora_only nu50,13770,0.267967
vLLM lora_only nu50,13780,0.243964
vLLM lora_only nu50,13790,0.229159
vLLM lora_only nu50,13800,0.259961
vLLM lora_only nu50,13810,0.251729
vLLM lora_only nu50,13820,0.164018
vLLM lora_only nu50,13830,0.258556
vLLM lora_only nu50,13840,0.296173
vLLM lora_only nu50,13850,0.255041
vLLM lora_only nu50,13860,0.35464
vLLM lora_only nu50,13870,0.308266
vLLM lora_only nu50,13880,0.295019
vLLM lora_only nu50,13890,0.293815
vLLM lora_only nu50,13900,0.451064
vLLM lora_only nu50,13910,0.26354
vLLM lora_only nu50,13920,0.241474
vLLM lora_only nu50,13930,0.269054
vLLM lora_only nu50,13940,0.235905
vLLM lora_only nu50,13950,0.284706
vLLM lora_only nu50,13960,0.230613
vLLM lora_only nu50,13970,0.350253
vLLM lora_only nu50,13980,0.281252
vLLM lora_only nu50,13990,0.192616
vLLM lora_only nu50,14000,0.275652
vLLM lora_only nu50,14010,0.281683
vLLM lora_only nu50,14020,0.267186
vLLM lora_only nu50,14030,0.281184
vLLM lora_only nu50,14040,0.283194
vLLM lora_only nu50,14050,0.222748
vLLM lora_only nu50,14060,0.24053
vLLM lora_only nu50,14070,0.230234
vLLM lora_only nu50,14080,0.262564
vLLM lora_only nu50,14090,0.360388
vLLM lora_only nu50,14100,0.250018
vLLM lora_only nu50,14110,0.259663
vLLM lora_only nu50,14120,0.253862
vLLM lora_only nu50,14130,0.223259
vLLM lora_only nu50,14140,0.283396
vLLM lora_only nu50,14150,0.292174
vLLM lora_only nu50,14160,0.257007
vLLM lora_only nu50,14170,0.294872
vLLM lora_only nu50,14180,0.237363
vLLM lora_only nu50,14190,0.268492
vLLM lora_only nu50,14200,0.240967
vLLM lora_only nu50,14210,0.466673
vLLM lora_only nu50,14220,0.384647
vLLM lora_only nu50,14230,0.329469
vLLM lora_only nu50,14240,0.382584
vLLM lora_only nu50,14250,0.413371
vLLM lora_only nu50,14260,0.248493
vLLM lora_only nu50,14270,0.27311
vLLM lora_only nu50,14280,0.295917
vLLM lora_only nu50,14290,0.273398
vLLM lora_only nu50,14300,0.244201
vLLM lora_only nu50,14310,0.268614
vLLM lora_only nu50,14320,0.216108
vLLM lora_only nu50,14330,0.25025
vLLM lora_only nu50,14340,0.273172
vLLM lora_only nu50,14350,0.26974
vLLM lora_only nu50,14360,0.20474
vLLM lora_only nu50,14370,0.23332
vLLM lora_only nu50,14380,0.22408
vLLM lora_only nu50,14390,0.269574
vLLM lora_only nu50,14400,0.258159
vLLM lora_only nu50,14410,0.236174
vLLM lora_only nu50,14420,0.212998
vLLM lora_only nu50,14430,0.212366
vLLM lora_only nu50,14440,0.198566
vLLM lora_only nu50,14450,0.259788
vLLM lora_only nu50,14460,0.274921
vLLM lora_only nu50,14470,0.244385
vLLM lora_only nu50,14480,0.267205
vLLM lora_only nu50,14490,0.228162
vLLM lora_only nu50,14500,0.245828
vLLM lora_only nu50,14510,0.265487
vLLM lora_only nu50,14520,0.256634
vLLM lora_only nu50,14530,0.277129
vLLM lora_only nu50,14540,0.249876
vLLM lora_only nu50,14550,0.240966
vLLM lora_only nu50,14560,0.30417
vLLM lora_only nu50,14570,0.310402
vLLM lora_only nu50,14580,0.254955
vLLM lora_only nu50,14590,0.320653
vLLM lora_only nu50,14600,0.305761
vLLM lora_only nu50,14610,0.232207
vLLM lora_only nu50,14620,0.264719
vLLM lora_only nu50,14630,0.224218
vLLM lora_only nu50,14640,0.226477
vLLM lora_only nu50,14650,0.230972
vLLM lora_only nu50,14660,0.300474
vLLM lora_only nu50,14670,0.239561
vLLM lora_only nu50,14680,0.251856
vLLM lora_only nu50,14690,0.223846
vLLM lora_only nu50,14700,0.242638
vLLM lora_only nu50,14710,0.270548
vLLM lora_only nu50,14720,0.271326
vLLM lora_only nu50,14730,0.225602
vLLM lora_only nu50,14740,0.277603
vLLM lora_only nu50,14750,0.211319
vLLM lora_only nu50,14760,0.256993
vLLM lora_only nu50,14770,0.273965
vLLM lora_only nu50,14780,0.249498
vLLM lora_only nu50,14790,0.295953
vLLM lora_only nu50,14800,0.219509
vLLM lora_only nu50,14810,0.237566
vLLM lora_only nu50,14820,0.269426
vLLM lora_only nu50,14830,0.315238
vLLM lora_only nu50,14840,0.236087
vLLM lora_only nu50,14850,0.233498
vLLM lora_only nu50,14860,0.218812
vLLM lora_only nu50,14870,0.250908
vLLM lora_only nu50,14880,0.224329
vLLM lora_only nu50,14890,0.209576
vLLM lora_only nu50,14900,0.29796
vLLM lora_only nu50,14910,0.301381
vLLM lora_only nu50,14920,0.263025
vLLM lora_only nu50,14930,0.271055
vLLM lora_only nu50,14940,0.256899
vLLM lora_only nu50,14950,0.245591
vLLM lora_only nu50,14960,0.298978
vLLM lora_only nu50,14970,0.312157
vLLM lora_only nu50,14980,0.225223
vLLM lora_only nu50,14990,0.268106
vLLM lora_only nu50,15000,0.19726
vLLM lora_only nu50,15010,0.239349
vLLM lora_only nu50,15020,0.263997
vLLM lora_only nu50,15030,0.237165
vLLM lora_only nu50,15040,0.219218
vLLM lora_only nu50,15050,0.242669
vLLM lora_only nu50,15060,0.222701
vLLM lora_only nu50,15070,0.299416
vLLM lora_only nu50,15080,0.323009
vLLM lora_only nu50,15090,0.25852
vLLM lora_only nu50,15100,0.231449
vLLM lora_only nu50,15110,0.233796
vLLM lora_only nu50,15120,0.202737
vLLM lora_only nu50,15130,0.2066
vLLM lora_only nu50,15140,0.28014
vLLM lora_only nu50,15150,0.231698
vLLM lora_only nu50,15160,0.263824
vLLM lora_only nu50,15170,0.200623
vLLM lora_only nu50,15180,0.221364
vLLM lora_only nu50,15190,0.233185
vLLM lora_only nu50,15200,0.255314
vLLM lora_only nu50,15210,0.31369
vLLM lora_only nu50,15220,0.264503
vLLM lora_only nu50,15230,0.190436
vLLM lora_only nu50,15240,0.274025
vLLM lora_only nu50,15250,0.250826
vLLM lora_only nu50,15260,0.238346
vLLM lora_only nu50,15270,0.323115
vLLM lora_only nu50,15280,0.261183
vLLM lora_only nu50,15290,0.253743
vLLM lora_only nu50,15300,0.280253
vLLM lora_only nu50,15310,0.191494
vLLM lora_only nu50,15320,0.246236
vLLM lora_only nu50,15330,0.29033
vLLM lora_only nu50,15340,0.258982
vLLM lora_only nu50,15350,0.217897
vLLM lora_only nu50,15360,0.243451
vLLM lora_only nu50,15370,0.224667
vLLM lora_only nu50,15380,0.309789
vLLM lora_only nu50,15390,0.295692
vLLM lora_only nu50,15400,0.229862
vLLM lora_only nu50,15410,0.271235
vLLM lora_only nu50,15420,0.233497
vLLM lora_only nu50,15430,0.242281
vLLM lora_only nu50,15440,0.262011
vLLM lora_only nu50,15450,0.331426
vLLM lora_only nu50,15460,0.286377
vLLM lora_only nu50,15470,0.276631
vLLM lora_only nu50,15480,0.269284
vLLM lora_only nu50,15490,0.27215
vLLM lora_only nu50,15500,0.264875
vLLM lora_only nu50,15510,0.231553
vLLM lora_only nu50,15520,0.30677
vLLM lora_only nu50,15530,0.252658
vLLM lora_only nu50,15540,0.14858
vLLM lora_only nu50,15550,0.249394
vLLM lora_only nu50,15560,0.226609
vLLM lora_only nu50,15570,0.230123
vLLM lora_only nu50,15580,0.248571
vLLM lora_only nu50,15590,0.256145
vLLM lora_only nu50,15600,0.208261
vLLM lora_only nu50,15610,0.270886
vLLM lora_only nu50,15620,0.204691
vLLM lora_only nu50,15630,0.230342
vLLM lora_only nu50,15640,0.280412
vLLM lora_only nu50,15650,0.252865
vLLM lora_only nu50,15660,0.223042
vLLM lora_only nu50,15670,0.202435
vLLM lora_only nu50,15680,0.184546
vLLM lora_only nu50,15690,0.276411
vLLM lora_only nu50,15700,0.214898
vLLM lora_only nu50,15710,0.213514
vLLM lora_only nu50,15720,0.267454
vLLM lora_only nu50,15730,0.235953
vLLM lora_only nu50,15740,0.253878
vLLM lora_only nu50,15750,0.22109
vLLM lora_only nu50,15760,0.263207
vLLM lora_only nu50,15770,0.254515
vLLM lora_only nu50,15780,0.205908
vLLM lora_only nu50,15790,0.230625
vLLM lora_only nu50,15800,0.228908
vLLM lora_only nu50,15810,0.222694
vLLM lora_only nu50,15820,0.21956
vLLM lora_only nu50,15830,0.290406
vLLM lora_only nu50,15840,0.229773
vLLM lora_only nu50,15850,0.181452
vLLM lora_only nu50,15860,0.249486
vLLM lora_only nu50,15870,0.199888
vLLM lora_only nu50,15880,0.227299
vLLM lora_only nu50,15890,0.284703
vLLM lora_only nu50,15900,0.259512
vLLM lora_only nu50,15910,0.20903
vLLM lora_only nu50,15920,0.247518
vLLM lora_only nu50,15930,0.193187
vLLM lora_only nu50,15940,0.254123
vLLM lora_only nu50,15950,0.28477
vLLM lora_only nu50,15960,0.297195
vLLM lora_only nu50,15970,0.223358
vLLM lora_only nu50,15980,0.286912
vLLM lora_only nu50,15990,0.231983
vLLM lora_only nu50,16000,0.297541
vLLM lora_only nu50,16010,0.229532
vLLM lora_only nu50,16020,0.217386
vLLM lora_only nu50,16030,0.275071
vLLM lora_only nu50,16040,0.234082
vLLM lora_only nu50,16050,0.228459
vLLM lora_only nu50,16060,0.22523
vLLM lora_only nu50,16070,0.283168
vLLM lora_only nu50,16080,0.235069
vLLM lora_only nu50,16090,0.247306
vLLM lora_only nu50,16100,0.208857
vLLM lora_only nu50,16110,0.233812
vLLM lora_only nu50,16120,0.225967
vLLM lora_only nu50,16130,0.23646
vLLM lora_only nu50,16140,0.26967
vLLM lora_only nu50,16150,0.217841
vLLM lora_only nu50,16160,0.211996
vLLM lora_only nu50,16170,0.25795
vLLM lora_only nu50,16180,0.207574
vLLM lora_only nu50,16190,0.245038
vLLM lora_only nu50,16200,0.299096
vLLM lora_only nu50,16210,0.292801
vLLM lora_only nu50,16220,0.244286
vLLM lora_only nu50,16230,0.333105
vLLM lora_only nu50,16240,0.268172
vLLM lora_only nu50,16250,0.298274
vLLM lora_only nu50,16260,0.254888
vLLM lora_only nu50,16270,0.215645
vLLM lora_only nu50,16280,0.22496
vLLM lora_only nu50,16290,0.216213
vLLM lora_only nu50,16300,0.181718
vLLM lora_only nu50,16310,0.275449
vLLM lora_only nu50,16320,0.250643
vLLM lora_only nu50,16330,0.267026
vLLM lora_only nu50,16340,0.255918
vLLM lora_only nu50,16350,0.21883
vLLM lora_only nu50,16360,0.20826
vLLM lora_only nu50,16370,0.248708
vLLM lora_only nu50,16380,0.252173
vLLM lora_only nu50,16390,0.242535
vLLM lora_only nu50,16400,0.209255
vLLM lora_only nu50,16410,0.217139
vLLM lora_only nu50,16420,0.210891
vLLM lora_only nu50,16430,0.191463
vLLM lora_only nu50,16440,0.222674
vLLM lora_only nu50,16450,0.277521
vLLM lora_only nu50,16460,0.25553
vLLM lora_only nu50,16470,0.20424
vLLM lora_only nu50,16480,0.238197
vLLM lora_only nu50,16490,0.203618
vLLM lora_only nu50,16500,0.198792
vLLM lora_only nu50,16510,0.247875
vLLM lora_only nu50,16520,0.222324
vLLM lora_only nu50,16530,0.19771
vLLM lora_only nu50,16540,0.234179
vLLM lora_only nu50,16550,0.197976
vLLM lora_only nu50,16560,0.250442
vLLM lora_only nu50,16570,0.256889
vLLM lora_only nu50,16580,0.298562
vLLM lora_only nu50,16590,0.235323
vLLM lora_only nu50,16600,0.294709
vLLM lora_only nu50,16610,0.199668
vLLM lora_only nu50,16620,0.290854
vLLM lora_only nu50,16630,0.287641
vLLM lora_only nu50,16640,0.23388
vLLM lora_only nu50,16650,0.242505
vLLM lora_only nu50,16660,0.211988
vLLM lora_only nu50,16670,0.22812
vLLM lora_only nu50,16680,0.228029
vLLM lora_only nu50,16690,0.297101
vLLM lora_only nu50,16700,0.228748
vLLM lora_only nu50,16710,0.212771
vLLM lora_only nu50,16720,0.209501
vLLM lora_only nu50,16730,0.239147
vLLM lora_only nu50,16740,0.229775
vLLM lora_only nu50,16750,0.233865
vLLM lora_only nu50,16760,0.355565
vLLM lora_only nu50,16770,0.307527
vLLM lora_only nu50,16780,0.24661
vLLM lora_only nu50,16790,0.257279
vLLM lora_only nu50,16800,0.274355
vLLM lora_only nu50,16810,0.232895
vLLM lora_only nu50,16820,0.278372
vLLM lora_only nu50,16830,0.239189
vLLM lora_only nu50,16840,0.190862
vLLM lora_only nu50,16850,0.225032
vLLM lora_only nu50,16860,0.214359
vLLM lora_only nu50,16870,0.213767
vLLM lora_only nu50,16880,0.299827
vLLM lora_only nu50,16890,0.229331
vLLM lora_only nu50,16900,0.244001
vLLM lora_only nu50,16910,0.202424
vLLM lora_only nu50,16920,0.160737
vLLM lora_only nu50,16930,0.255106
vLLM lora_only nu50,16940,0.231419
vLLM lora_only nu50,16950,0.191393
vLLM lora_only nu50,16960,0.235019
vLLM lora_only nu50,16970,0.208044
vLLM lora_only nu50,16980,0.204164
vLLM lora_only nu50,16990,0.223327
vLLM lora_only nu50,17000,0.254221
vLLM lora_only nu50,17010,0.230531
vLLM lora_only nu50,17020,0.219801
vLLM lora_only nu50,17030,0.212669
vLLM lora_only nu50,17040,0.233922
vLLM lora_only nu50,17050,0.181984
vLLM lora_only nu50,17060,0.238727
vLLM lora_only nu50,17070,0.292304
vLLM lora_only nu50,17080,0.322041
vLLM lora_only nu50,17090,0.175658
vLLM lora_only nu50,17100,0.282174
vLLM lora_only nu50,17110,0.406965
vLLM lora_only nu50,17120,0.301736
vLLM lora_only nu50,17130,0.363971
vLLM lora_only nu50,17140,0.322756
vLLM lora_only nu50,17150,0.347522
vLLM lora_only nu50,17160,0.30865
vLLM lora_only nu50,17170,0.23864
vLLM lora_only nu50,17180,0.272654
vLLM lora_only nu50,17190,0.296689
vLLM lora_only nu50,17200,0.26465
vLLM lora_only nu50,17210,0.203009
vLLM lora_only nu50,17220,0.214089
vLLM lora_only nu50,17230,0.186142
vLLM lora_only nu50,17240,0.284187
vLLM lora_only nu50,17250,0.248236
vLLM lora_only nu50,17260,0.213992
vLLM lora_only nu50,17270,0.258433
vLLM lora_only nu50,17280,0.226373
vLLM lora_only nu50,17290,0.211551
vLLM lora_only nu50,17300,0.222092
vLLM lora_only nu50,17310,0.257074
vLLM lora_only nu50,17320,0.224582
vLLM lora_only nu50,17330,0.213252
vLLM lora_only nu50,17340,0.222305
vLLM lora_only nu50,17350,0.262576
vLLM lora_only nu50,17360,0.262796
vLLM lora_only nu50,17370,0.238555
vLLM lora_only nu50,17380,0.269329
vLLM lora_only nu50,17390,0.267411
vLLM lora_only nu50,17400,0.200751
vLLM lora_only nu50,17410,0.313115
vLLM lora_only nu50,17420,0.254716
vLLM lora_only nu50,17430,0.268901
vLLM lora_only nu50,17440,0.266973
vLLM lora_only nu50,17450,0.25258
vLLM lora_only nu50,17460,0.176735
vLLM lora_only nu50,17470,0.259726
vLLM lora_only nu50,17480,0.2343
vLLM lora_only nu50,17490,0.243189
vLLM lora_only nu50,17500,0.28186
vLLM lora_only nu50,17510,0.276503
vLLM lora_only nu50,17520,0.231192
vLLM lora_only nu50,17530,0.214992
vLLM lora_only nu50,17540,0.189501
vLLM lora_only nu50,17550,0.24855
vLLM lora_only nu50,17560,0.242842
vLLM lora_only nu50,17570,0.19416
vLLM lora_only nu50,17580,0.262884
vLLM lora_only nu50,17590,0.207105
vLLM lora_only nu50,17600,0.231356
vLLM lora_only nu50,17610,0.261961
vLLM lora_only nu50,17620,0.334558
vLLM lora_only nu50,17630,0.267589
vLLM lora_only nu50,17640,0.307816
vLLM lora_only nu50,17650,0.236763
vLLM lora_only nu50,17660,0.227229
vLLM lora_only nu50,17670,0.265156
vLLM lora_only nu50,17680,0.24221
vLLM lora_only nu50,17690,0.300142
vLLM lora_only nu50,17700,0.26729
vLLM lora_only nu50,17710,0.18181
vLLM lora_only nu50,17720,0.232426
vLLM lora_only nu50,17730,0.199572
vLLM lora_only nu50,17740,0.234102
vLLM lora_only nu50,17750,0.242247
vLLM lora_only nu50,17760,0.27484
vLLM lora_only nu50,17770,0.225298
vLLM lora_only nu50,17780,0.232917
vLLM lora_only nu50,17790,0.170299
vLLM lora_only nu50,17800,0.200966
vLLM lora_only nu50,17810,0.275383
vLLM lora_only nu50,17820,0.223685
vLLM lora_only nu50,17830,0.231172
vLLM lora_only nu50,17840,0.23789
vLLM lora_only nu50,17850,0.174951
vLLM lora_only nu50,17860,0.246222
vLLM lora_only nu50,17870,0.222633
vLLM lora_only nu50,17880,0.202658
vLLM lora_only nu50,17890,0.243227
vLLM lora_only nu50,17900,0.226114
vLLM lora_only nu50,17910,0.265677
vLLM lora_only nu50,17920,0.196168
vLLM lora_only nu50,17930,0.263583
vLLM lora_only nu50,17940,0.261687
vLLM lora_only nu50,17950,0.207809
vLLM lora_only nu50,17960,0.265248
vLLM lora_only nu50,17970,0.295912
vLLM lora_only nu50,17980,0.229849
vLLM lora_only nu50,17990,0.236964
vLLM lora_only nu50,18000,0.265625
vLLM lora_only nu50,18010,0.24598
vLLM lora_only nu50,18020,0.189179
vLLM lora_only nu50,18030,0.25136
vLLM lora_only nu50,18040,0.215634
vLLM lora_only nu50,18050,0.189085
vLLM lora_only nu50,18060,0.343833
vLLM lora_only nu50,18070,0.284054
vLLM lora_only nu50,18080,0.24679
vLLM lora_only nu50,18090,0.340382
vLLM lora_only nu50,18100,0.311264
vLLM lora_only nu50,18110,0.206866
vLLM lora_only nu50,18120,0.283437
vLLM lora_only nu50,18130,0.232939
vLLM lora_only nu50,18140,0.223951
vLLM lora_only nu50,18150,0.222647
vLLM lora_only nu50,18160,0.218535
vLLM lora_only nu50,18170,0.247682
vLLM lora_only nu50,18180,0.283787
vLLM lora_only nu50,18190,0.248381
vLLM lora_only nu50,18200,0.244824
vLLM lora_only nu50,18210,0.188798
vLLM lora_only nu50,18220,0.216046
vLLM lora_only nu50,18230,0.253211
vLLM lora_only nu50,18240,0.285324
vLLM lora_only nu50,18250,0.24473
vLLM lora_only nu50,18260,0.226536
vLLM lora_only nu50,18270,0.216359
vLLM lora_only nu50,18280,0.187498
vLLM lora_only nu50,18290,0.212098
vLLM lora_only nu50,18300,0.192544
vLLM lora_only nu50,18310,0.302626
vLLM lora_only nu50,18320,0.281634
vLLM lora_only nu50,18330,0.16231
vLLM lora_only nu50,18340,0.236229
vLLM lora_only nu50,18350,0.200855
vLLM lora_only nu50,18360,0.210461
vLLM lora_only nu50,18370,0.252702
vLLM lora_only nu50,18380,0.233411
vLLM lora_only nu50,18390,0.177104
vLLM lora_only nu50,18400,0.214604
vLLM lora_only nu50,18410,0.243334
vLLM lora_only nu50,18420,0.226258
vLLM lora_only nu50,18430,0.28773
vLLM lora_only nu50,18440,0.242036
vLLM lora_only nu50,18450,0.222956
vLLM lora_only nu50,18460,0.256183
vLLM lora_only nu50,18470,0.257425
vLLM lora_only nu50,18480,0.25749
vLLM lora_only nu50,18490,0.27674
vLLM lora_only nu50,18500,0.278401
vLLM lora_only nu50,18510,0.255026
vLLM lora_only nu50,18520,0.232934
vLLM lora_only nu50,18530,0.170743
vLLM lora_only nu50,18540,0.231881
vLLM lora_only nu50,18550,0.276532
vLLM lora_only nu50,18560,0.252716
vLLM lora_only nu50,18570,0.289015
vLLM lora_only nu50,18580,0.260194
vLLM lora_only nu50,18590,0.217485
vLLM lora_only nu50,18600,0.253662
vLLM lora_only nu50,18610,0.186018
vLLM lora_only nu50,18620,0.293158
vLLM lora_only nu50,18630,0.224298
vLLM lora_only nu50,18640,0.158368
vLLM lora_only nu50,18650,0.249858
vLLM lora_only nu50,18660,0.202454
vLLM lora_only nu50,18670,0.25333
vLLM lora_only nu50,18680,0.304631
vLLM lora_only nu50,18690,0.308269
vLLM lora_only nu50,18700,0.253424
vLLM lora_only nu50,18710,0.264376
vLLM lora_only nu50,18720,0.178555
vLLM lora_only nu50,18730,0.222666
vLLM lora_only nu50,18740,0.293592
vLLM lora_only nu50,18750,0.212747
vLLM lora_only nu50,18760,0.211322
vLLM lora_only nu50,18770,0.231941
vLLM lora_only nu50,18780,0.180099
vLLM lora_only nu50,18790,0.236466
vLLM lora_only nu50,18800,0.207405
vLLM lora_only nu50,18810,0.214822
vLLM lora_only nu50,18820,0.214966
vLLM lora_only nu50,18830,0.213032
vLLM lora_only nu50,18840,0.191372
vLLM lora_only nu50,18850,0.199333
vLLM lora_only nu50,18860,0.354083
vLLM lora_only nu50,18870,0.275172
vLLM lora_only nu50,18880,0.331678
vLLM lora_only nu50,18890,0.236469
vLLM lora_only nu50,18900,0.350216
vLLM lora_only nu50,18910,0.254011
vLLM lora_only nu50,18920,0.216622
vLLM lora_only nu50,18930,0.336948
vLLM lora_only nu50,18940,0.315323
vLLM lora_only nu50,18950,0.185143
vLLM lora_only nu50,18960,0.270248
vLLM lora_only nu50,18970,0.224894
vLLM lora_only nu50,18980,0.235823
vLLM lora_only nu50,18990,0.286953
vLLM lora_only nu50,19000,0.249348
vLLM lora_only nu50,19010,0.223238
vLLM lora_only nu50,19020,0.222429
vLLM lora_only nu50,19030,0.174998
vLLM lora_only nu50,19040,0.224264
vLLM lora_only nu50,19050,0.254754
vLLM lora_only nu50,19060,0.227646
vLLM lora_only nu50,19070,0.217853
vLLM lora_only nu50,19080,0.226936
vLLM lora_only nu50,19090,0.226605
vLLM lora_only nu50,19100,0.241811
vLLM lora_only nu50,19110,0.31221
vLLM lora_only nu50,19120,0.195707
vLLM lora_only nu50,19130,0.283827
vLLM lora_only nu50,19140,0.28742
vLLM lora_only nu50,19150,0.250224
vLLM lora_only nu50,19160,0.220633
vLLM lora_only nu50,19170,0.259818
vLLM lora_only nu50,19180,0.217816
vLLM lora_only nu50,19190,0.227487
vLLM lora_only nu50,19200,0.215021
vLLM lora_only nu50,19210,0.243736
vLLM lora_only nu50,19220,0.223089
vLLM lora_only nu50,19230,0.241031
vLLM lora_only nu50,19240,0.275864
vLLM lora_only nu50,19250,0.276953
vLLM lora_only nu50,19260,0.190075
vLLM lora_only nu50,19270,0.301777
vLLM lora_only nu50,19280,0.198589
vLLM lora_only nu50,19290,0.323365
vLLM lora_only nu50,19300,0.315659
vLLM lora_only nu50,19310,0.237836
vLLM lora_only nu50,19320,0.163286
vLLM lora_only nu50,19330,0.249919
vLLM lora_only nu50,19340,0.166672
vLLM lora_only nu50,19350,0.241177
vLLM lora_only nu50,19360,0.217917
vLLM lora_only nu50,19370,0.211465
vLLM lora_only nu50,19380,0.206455
vLLM lora_only nu50,19390,0.182376
vLLM lora_only nu50,19400,0.189885
vLLM lora_only nu50,19410,0.254694
vLLM lora_only nu50,19420,0.243309
vLLM lora_only nu50,19430,0.226057
vLLM lora_only nu50,19440,0.236406
vLLM lora_only nu50,19450,0.169523
vLLM lora_only nu50,19460,0.221156
vLLM lora_only nu50,19470,0.238984
vLLM lora_only nu50,19480,0.254072
vLLM lora_only nu50,19490,0.281269
vLLM lora_only nu50,19500,0.270743
vLLM lora_only nu50,19510,0.239029
vLLM lora_only nu50,19520,0.221013
vLLM lora_only nu50,19530,0.236331
vLLM lora_only nu50,19540,0.255695
vLLM lora_only nu50,19550,0.339813
vLLM lora_only nu50,19560,0.379351
vLLM lora_only nu50,19570,0.211086
vLLM lora_only nu50,19580,0.314937
vLLM lora_only nu50,19590,0.36027
vLLM lora_only nu50,19600,0.275536
vLLM lora_only nu50,19610,0.322841
vLLM lora_only nu50,19620,0.269767
vLLM lora_only nu50,19630,0.218095
vLLM lora_only nu50,19640,0.203946
vLLM lora_only nu50,19650,0.177781
vLLM lora_only nu50,19660,0.264189
vLLM lora_only nu50,19670,0.228617
vLLM lora_only nu50,19680,0.222752
vLLM lora_only nu50,19690,0.192966
vLLM lora_only nu50,19700,0.245492
vLLM lora_only nu50,19710,0.208493
vLLM lora_only nu50,19720,0.247137
vLLM lora_only nu50,19730,0.277956
vLLM lora_only nu50,19740,0.173255
vLLM lora_only nu50,19750,0.206377
vLLM lora_only nu50,19760,0.380234
vLLM lora_only nu50,19770,0.467648
vLLM lora_only nu50,19780,0.382107
vLLM lora_only nu50,19790,0.423337
vLLM lora_only nu50,19800,0.328909
vLLM lora_only nu50,19810,0.251334
vLLM lora_only nu50,19820,0.242717
vLLM lora_only nu50,19830,0.18945
vLLM lora_only nu50,19840,0.237452
vLLM lora_only nu50,19850,0.251974
vLLM lora_only nu50,19860,0.250273
vLLM lora_only nu50,19870,0.276523
vLLM lora_only nu50,19880,0.147154
vLLM lora_only nu50,19890,0.218232
vLLM lora_only nu50,19900,0.198425
vLLM lora_only nu50,19910,0.244762
vLLM lora_only nu50,19920,0.277644
vLLM lora_only nu50,19930,0.253561
vLLM lora_only nu50,19940,0.193193
vLLM lora_only nu50,19950,0.185437
vLLM lora_only nu50,19960,0.303614
vLLM lora_only nu50,19970,0.268072
vLLM lora_only nu50,19980,0.336468
vLLM lora_only nu50,19990,0.206511
vLLM lora_only nu50,20000,0.210337
vLLM lora_only nu100,10,0.916501
vLLM lora_only nu100,20,0.93261
vLLM lora_only nu100,30,0.863699
vLLM lora_only nu100,40,0.759923
vLLM lora_only nu100,50,0.824936
vLLM lora_only nu100,60,0.765969
vLLM lora_only nu100,70,0.750595
vLLM lora_only nu100,80,0.867636
vLLM lora_only nu100,90,0.842837
vLLM lora_only nu100,100,0.78087
vLLM lora_only nu100,110,0.755318
vLLM lora_only nu100,120,0.784072
vLLM lora_only nu100,130,0.766572
vLLM lora_only nu100,140,0.943102
vLLM lora_only nu100,150,0.793192
vLLM lora_only nu100,160,0.749906
vLLM lora_only nu100,170,0.810813
vLLM lora_only nu100,180,0.792203
vLLM lora_only nu100,190,0.710844
vLLM lora_only nu100,200,0.982994
vLLM lora_only nu100,210,0.800191
vLLM lora_only nu100,220,0.836578
vLLM lora_only nu100,230,0.701096
vLLM lora_only nu100,240,0.82122
vLLM lora_only nu100,250,0.707568
vLLM lora_only nu100,260,0.933934
vLLM lora_only nu100,270,0.805183
vLLM lora_only nu100,280,0.822083
vLLM lora_only nu100,290,0.68412
vLLM lora_only nu100,300,0.76536
vLLM lora_only nu100,310,0.725291
vLLM lora_only nu100,320,0.829258
vLLM lora_only nu100,330,0.763709
vLLM lora_only nu100,340,0.751885
vLLM lora_only nu100,350,0.613953
vLLM lora_only nu100,360,0.725213
vLLM lora_only nu100,370,0.681276
vLLM lora_only nu100,380,0.755289
vLLM lora_only nu100,390,0.823266
vLLM lora_only nu100,400,0.71027
vLLM lora_only nu100,410,0.671467
vLLM lora_only nu100,420,0.645345
vLLM lora_only nu100,430,0.767171
vLLM lora_only nu100,440,0.678093
vLLM lora_only nu100,450,0.792091
vLLM lora_only nu100,460,0.715357
vLLM lora_only nu100,470,0.685284
vLLM lora_only nu100,480,0.711875
vLLM lora_only nu100,490,0.62401
vLLM lora_only nu100,500,0.615841
vLLM lora_only nu100,510,0.876596
vLLM lora_only nu100,520,0.669221
vLLM lora_only nu100,530,0.654348
vLLM lora_only nu100,540,0.661091
vLLM lora_only nu100,550,0.699074
vLLM lora_only nu100,560,0.655705
vLLM lora_only nu100,570,0.812424
vLLM lora_only nu100,580,0.684406
vLLM lora_only nu100,590,0.676534
vLLM lora_only nu100,600,0.610223
vLLM lora_only nu100,610,0.698187
vLLM lora_only nu100,620,0.68713
vLLM lora_only nu100,630,0.730455
vLLM lora_only nu100,640,0.722469
vLLM lora_only nu100,650,0.705693
vLLM lora_only nu100,660,0.617532
vLLM lora_only nu100,670,0.691773
vLLM lora_only nu100,680,0.625982
vLLM lora_only nu100,690,0.629745
vLLM lora_only nu100,700,0.797821
vLLM lora_only nu100,710,0.672569
vLLM lora_only nu100,720,0.661079
vLLM lora_only nu100,730,0.626716
vLLM lora_only nu100,740,0.679355
vLLM lora_only nu100,750,0.608911
vLLM lora_only nu100,760,0.777512
vLLM lora_only nu100,770,0.635906
vLLM lora_only nu100,780,0.65371
vLLM lora_only nu100,790,0.635539
vLLM lora_only nu100,800,0.652565
vLLM lora_only nu100,810,0.583362
vLLM lora_only nu100,820,0.765337
vLLM lora_only nu100,830,0.64103
vLLM lora_only nu100,840,0.610564
vLLM lora_only nu100,850,0.579668
vLLM lora_only nu100,860,0.62933
vLLM lora_only nu100,870,0.57644
vLLM lora_only nu100,880,0.749216
vLLM lora_only nu100,890,0.647159
vLLM lora_only nu100,900,0.682473
vLLM lora_only nu100,910,0.581245
vLLM lora_only nu100,920,0.658648
vLLM lora_only nu100,930,0.648146
vLLM lora_only nu100,940,0.708353
vLLM lora_only nu100,950,0.684023
vLLM lora_only nu100,960,0.659121
vLLM lora_only nu100,970,0.628298
vLLM lora_only nu100,980,0.662531
vLLM lora_only nu100,990,0.650923
vLLM lora_only nu100,1000,0.617626
vLLM lora_only nu100,1010,0.71933
vLLM lora_only nu100,1020,0.618316
vLLM lora_only nu100,1030,0.575619
vLLM lora_only nu100,1040,0.509621
vLLM lora_only nu100,1050,0.616717
vLLM lora_only nu100,1060,0.585036
vLLM lora_only nu100,1070,0.71927
vLLM lora_only nu100,1080,0.565671
vLLM lora_only nu100,1090,0.577156
vLLM lora_only nu100,1100,0.593629
vLLM lora_only nu100,1110,0.550278
vLLM lora_only nu100,1120,0.567083
vLLM lora_only nu100,1130,0.679481
vLLM lora_only nu100,1140,0.575507
vLLM lora_only nu100,1150,0.636003
vLLM lora_only nu100,1160,0.489179
vLLM lora_only nu100,1170,0.62362
vLLM lora_only nu100,1180,0.566123
vLLM lora_only nu100,1190,0.577118
vLLM lora_only nu100,1200,0.592124
vLLM lora_only nu100,1210,0.593712
vLLM lora_only nu100,1220,0.487477
vLLM lora_only nu100,1230,0.565282
vLLM lora_only nu100,1240,0.525694
vLLM lora_only nu100,1250,0.668792
vLLM lora_only nu100,1260,0.650177
vLLM lora_only nu100,1270,0.609207
vLLM lora_only nu100,1280,0.555573
vLLM lora_only nu100,1290,0.577073
vLLM lora_only nu100,1300,0.523835
vLLM lora_only nu100,1310,0.549517
vLLM lora_only nu100,1320,0.655138
vLLM lora_only nu100,1330,0.610278
vLLM lora_only nu100,1340,0.599643
vLLM lora_only nu100,1350,0.511743
vLLM lora_only nu100,1360,0.552638
vLLM lora_only nu100,1370,0.541417
vLLM lora_only nu100,1380,0.652234
vLLM lora_only nu100,1390,0.541403
vLLM lora_only nu100,1400,0.514237
vLLM lora_only nu100,1410,0.544725
vLLM lora_only nu100,1420,0.555349
vLLM lora_only nu100,1430,0.506031
vLLM lora_only nu100,1440,0.675555
vLLM lora_only nu100,1450,0.550265
vLLM lora_only nu100,1460,0.535481
vLLM lora_only nu100,1470,0.487092
vLLM lora_only nu100,1480,0.591784
vLLM lora_only nu100,1490,0.51981
vLLM lora_only nu100,1500,0.652325
vLLM lora_only nu100,1510,0.60127
vLLM lora_only nu100,1520,0.567393
vLLM lora_only nu100,1530,0.476315
vLLM lora_only nu100,1540,0.588182
vLLM lora_only nu100,1550,0.518679
vLLM lora_only nu100,1560,0.546901
vLLM lora_only nu100,1570,0.616573
vLLM lora_only nu100,1580,0.568537
vLLM lora_only nu100,1590,0.512095
vLLM lora_only nu100,1600,0.55398
vLLM lora_only nu100,1610,0.540264
vLLM lora_only nu100,1620,0.511293
vLLM lora_only nu100,1630,0.646063
vLLM lora_only nu100,1640,0.569593
vLLM lora_only nu100,1650,0.538957
vLLM lora_only nu100,1660,0.523369
vLLM lora_only nu100,1670,0.502613
vLLM lora_only nu100,1680,0.519268
vLLM lora_only nu100,1690,0.66562
vLLM lora_only nu100,1700,0.515701
vLLM lora_only nu100,1710,0.496234
vLLM lora_only nu100,1720,0.515153
vLLM lora_only nu100,1730,0.513895
vLLM lora_only nu100,1740,0.493591
vLLM lora_only nu100,1750,0.632365
vLLM lora_only nu100,1760,0.525656
vLLM lora_only nu100,1770,0.51162
vLLM lora_only nu100,1780,0.46811
vLLM lora_only nu100,1790,0.573995
vLLM lora_only nu100,1800,0.453894
vLLM lora_only nu100,1810,0.585408
vLLM lora_only nu100,1820,0.578639
vLLM lora_only nu100,1830,0.50258
vLLM lora_only nu100,1840,0.434993
vLLM lora_only nu100,1850,0.52409
vLLM lora_only nu100,1860,0.475999
vLLM lora_only nu100,1870,0.510113
vLLM lora_only nu100,1880,0.56535
vLLM lora_only nu100,1890,0.524861
vLLM lora_only nu100,1900,0.459131
vLLM lora_only nu100,1910,0.549008
vLLM lora_only nu100,1920,0.468437
vLLM lora_only nu100,1930,0.469388
vLLM lora_only nu100,1940,0.587939
vLLM lora_only nu100,1950,0.520393
vLLM lora_only nu100,1960,0.504776
vLLM lora_only nu100,1970,0.446177
vLLM lora_only nu100,1980,0.511633
vLLM lora_only nu100,1990,0.466815
vLLM lora_only nu100,2000,0.569729
vLLM lora_only nu100,2010,0.541005
vLLM lora_only nu100,2020,0.49429
vLLM lora_only nu100,2030,0.506093
vLLM lora_only nu100,2040,0.512103
vLLM lora_only nu100,2050,0.480387
vLLM lora_only nu100,2060,0.546019
vLLM lora_only nu100,2070,0.513283
vLLM lora_only nu100,2080,0.502079
vLLM lora_only nu100,2090,0.456151
vLLM lora_only nu100,2100,0.523539
vLLM lora_only nu100,2110,0.450144
vLLM lora_only nu100,2120,0.56203
vLLM lora_only nu100,2130,0.549293
vLLM lora_only nu100,2140,0.480015
vLLM lora_only nu100,2150,0.426241
vLLM lora_only nu100,2160,0.514386
vLLM lora_only nu100,2170,0.467115
vLLM lora_only nu100,2180,0.5114
vLLM lora_only nu100,2190,0.54299
vLLM lora_only nu100,2200,0.505192
vLLM lora_only nu100,2210,0.462781
vLLM lora_only nu100,2220,0.497852
vLLM lora_only nu100,2230,0.489816
vLLM lora_only nu100,2240,0.47527
vLLM lora_only nu100,2250,0.517695
vLLM lora_only nu100,2260,0.486945
vLLM lora_only nu100,2270,0.534813
vLLM lora_only nu100,2280,0.482202
vLLM lora_only nu100,2290,0.50616
vLLM lora_only nu100,2300,0.496246
vLLM lora_only nu100,2310,0.572746
vLLM lora_only nu100,2320,0.487324
vLLM lora_only nu100,2330,0.462158
vLLM lora_only nu100,2340,0.424853
vLLM lora_only nu100,2350,0.448603
vLLM lora_only nu100,2360,0.440132
vLLM lora_only nu100,2370,0.55647
vLLM lora_only nu100,2380,0.48453
vLLM lora_only nu100,2390,0.482279
vLLM lora_only nu100,2400,0.428546
vLLM lora_only nu100,2410,0.463922
vLLM lora_only nu100,2420,0.452273
vLLM lora_only nu100,2430,0.529471
vLLM lora_only nu100,2440,0.494458
vLLM lora_only nu100,2450,0.502073
vLLM lora_only nu100,2460,0.41969
vLLM lora_only nu100,2470,0.518744
vLLM lora_only nu100,2480,0.453572
vLLM lora_only nu100,2490,0.435727
vLLM lora_only nu100,2500,0.511652
vLLM lora_only nu100,2510,0.488853
vLLM lora_only nu100,2520,0.43479
vLLM lora_only nu100,2530,0.517297
vLLM lora_only nu100,2540,0.468283
vLLM lora_only nu100,2550,0.420723
vLLM lora_only nu100,2560,0.513123
vLLM lora_only nu100,2570,0.490414
vLLM lora_only nu100,2580,0.459758
vLLM lora_only nu100,2590,0.452787
vLLM lora_only nu100,2600,0.456463
vLLM lora_only nu100,2610,0.41806
vLLM lora_only nu100,2620,0.521736
vLLM lora_only nu100,2630,0.445375
vLLM lora_only nu100,2640,0.444555
vLLM lora_only nu100,2650,0.446293
vLLM lora_only nu100,2660,0.412035
vLLM lora_only nu100,2670,0.430499
vLLM lora_only nu100,2680,0.53302
vLLM lora_only nu100,2690,0.497592
vLLM lora_only nu100,2700,0.4725
vLLM lora_only nu100,2710,0.41526
vLLM lora_only nu100,2720,0.492459
vLLM lora_only nu100,2730,0.417312
vLLM lora_only nu100,2740,0.497641
vLLM lora_only nu100,2750,0.480275
vLLM lora_only nu100,2760,0.470119
vLLM lora_only nu100,2770,0.42299
vLLM lora_only nu100,2780,0.435713
vLLM lora_only nu100,2790,0.442754
vLLM lora_only nu100,2800,0.438164
vLLM lora_only nu100,2810,0.516051
vLLM lora_only nu100,2820,0.464054
vLLM lora_only nu100,2830,0.434876
vLLM lora_only nu100,2840,0.448802
vLLM lora_only nu100,2850,0.41301
vLLM lora_only nu100,2860,0.385454
vLLM lora_only nu100,2870,0.447958
vLLM lora_only nu100,2880,0.480353
vLLM lora_only nu100,2890,0.435579
vLLM lora_only nu100,2900,0.433147
vLLM lora_only nu100,2910,0.46346
vLLM lora_only nu100,2920,0.402538
vLLM lora_only nu100,2930,0.535469
vLLM lora_only nu100,2940,0.401965
vLLM lora_only nu100,2950,0.427413
vLLM lora_only nu100,2960,0.438992
vLLM lora_only nu100,2970,0.397226
vLLM lora_only nu100,2980,0.442964
vLLM lora_only nu100,2990,0.552983
vLLM lora_only nu100,3000,0.432794
vLLM lora_only nu100,3010,0.446978
vLLM lora_only nu100,3020,0.455033
vLLM lora_only nu100,3030,0.461177
vLLM lora_only nu100,3040,0.445367
vLLM lora_only nu100,3050,0.514586
vLLM lora_only nu100,3060,0.444158
vLLM lora_only nu100,3070,0.498139
vLLM lora_only nu100,3080,0.417528
vLLM lora_only nu100,3090,0.452253
vLLM lora_only nu100,3100,0.443994
vLLM lora_only nu100,3110,0.465199
vLLM lora_only nu100,3120,0.487356
vLLM lora_only nu100,3130,0.46301
vLLM lora_only nu100,3140,0.440523
vLLM lora_only nu100,3150,0.475233
vLLM lora_only nu100,3160,0.413763
vLLM lora_only nu100,3170,0.383001
vLLM lora_only nu100,3180,0.519046
vLLM lora_only nu100,3190,0.445712
vLLM lora_only nu100,3200,0.441898
vLLM lora_only nu100,3210,0.432126
vLLM lora_only nu100,3220,0.433009
vLLM lora_only nu100,3230,0.424859
vLLM lora_only nu100,3240,0.474274
vLLM lora_only nu100,3250,0.442108
vLLM lora_only nu100,3260,0.428677
vLLM lora_only nu100,3270,0.41274
vLLM lora_only nu100,3280,0.409533
vLLM lora_only nu100,3290,0.415048
vLLM lora_only nu100,3300,0.460333
vLLM lora_only nu100,3310,0.456566
vLLM lora_only nu100,3320,0.43408
vLLM lora_only nu100,3330,0.400121
vLLM lora_only nu100,3340,0.448898
vLLM lora_only nu100,3350,0.42792
vLLM lora_only nu100,3360,0.460778
vLLM lora_only nu100,3370,0.477652
vLLM lora_only nu100,3380,0.458012
vLLM lora_only nu100,3390,0.392323
vLLM lora_only nu100,3400,0.455649
vLLM lora_only nu100,3410,0.469795
vLLM lora_only nu100,3420,0.458227
vLLM lora_only nu100,3430,0.501635
vLLM lora_only nu100,3440,0.451012
vLLM lora_only nu100,3450,0.413166
vLLM lora_only nu100,3460,0.445806
vLLM lora_only nu100,3470,0.477209
vLLM lora_only nu100,3480,0.4203
vLLM lora_only nu100,3490,0.50229
vLLM lora_only nu100,3500,0.46141
vLLM lora_only nu100,3510,0.456075
vLLM lora_only nu100,3520,0.403191
vLLM lora_only nu100,3530,0.405756
vLLM lora_only nu100,3540,0.427449
vLLM lora_only nu100,3550,0.517245
vLLM lora_only nu100,3560,0.456558
vLLM lora_only nu100,3570,0.448509
vLLM lora_only nu100,3580,0.435722
vLLM lora_only nu100,3590,0.376413
vLLM lora_only nu100,3600,0.439287
vLLM lora_only nu100,3610,0.449991
vLLM lora_only nu100,3620,0.45999
vLLM lora_only nu100,3630,0.408074
vLLM lora_only nu100,3640,0.356558
vLLM lora_only nu100,3650,0.416395
vLLM lora_only nu100,3660,0.397767
vLLM lora_only nu100,3670,0.447065
vLLM lora_only nu100,3680,0.468475
vLLM lora_only nu100,3690,0.497964
vLLM lora_only nu100,3700,0.401842
vLLM lora_only nu100,3710,0.424054
vLLM lora_only nu100,3720,0.404922
vLLM lora_only nu100,3730,0.406065
vLLM lora_only nu100,3740,0.481784
vLLM lora_only nu100,3750,0.466438
vLLM lora_only nu100,3760,0.375349
vLLM lora_only nu100,3770,0.459272
vLLM lora_only nu100,3780,0.385361
vLLM lora_only nu100,3790,0.417805
vLLM lora_only nu100,3800,0.52921
vLLM lora_only nu100,3810,0.442763
vLLM lora_only nu100,3820,0.429058
vLLM lora_only nu100,3830,0.407162
vLLM lora_only nu100,3840,0.396136
vLLM lora_only nu100,3850,0.402682
vLLM lora_only nu100,3860,0.469987
vLLM lora_only nu100,3870,0.399079
vLLM lora_only nu100,3880,0.429005
vLLM lora_only nu100,3890,0.391064
vLLM lora_only nu100,3900,0.36177
vLLM lora_only nu100,3910,0.392669
vLLM lora_only nu100,3920,0.428665
vLLM lora_only nu100,3930,0.368423
vLLM lora_only nu100,3940,0.451255
vLLM lora_only nu100,3950,0.411398
vLLM lora_only nu100,3960,0.417843
vLLM lora_only nu100,3970,0.408873
vLLM lora_only nu100,3980,0.434028
vLLM lora_only nu100,3990,0.423104
vLLM lora_only nu100,4000,0.414048
vLLM lora_only nu100,4010,0.396046
vLLM lora_only nu100,4020,0.380707
vLLM lora_only nu100,4030,0.376188
vLLM lora_only nu100,4040,0.406415
vLLM lora_only nu100,4050,0.452463
vLLM lora_only nu100,4060,0.452502
vLLM lora_only nu100,4070,0.360264
vLLM lora_only nu100,4080,0.443272
vLLM lora_only nu100,4090,0.398392
vLLM lora_only nu100,4100,0.377921
vLLM lora_only nu100,4110,0.459194
vLLM lora_only nu100,4120,0.404668
vLLM lora_only nu100,4130,0.431027
vLLM lora_only nu100,4140,0.413747
vLLM lora_only nu100,4150,0.386138
vLLM lora_only nu100,4160,0.396404
vLLM lora_only nu100,4170,0.421741
vLLM lora_only nu100,4180,0.358208
vLLM lora_only nu100,4190,0.39251
vLLM lora_only nu100,4200,0.439141
vLLM lora_only nu100,4210,0.413834
vLLM lora_only nu100,4220,0.403597
vLLM lora_only nu100,4230,0.45997
vLLM lora_only nu100,4240,0.460684
vLLM lora_only nu100,4250,0.417915
vLLM lora_only nu100,4260,0.412165
vLLM lora_only nu100,4270,0.384423
vLLM lora_only nu100,4280,0.392644
vLLM lora_only nu100,4290,0.406496
vLLM lora_only nu100,4300,0.432224
vLLM lora_only nu100,4310,0.406164
vLLM lora_only nu100,4320,0.375666
vLLM lora_only nu100,4330,0.412986
vLLM lora_only nu100,4340,0.398115
vLLM lora_only nu100,4350,0.396736
vLLM lora_only nu100,4360,0.4315
vLLM lora_only nu100,4370,0.414913
vLLM lora_only nu100,4380,0.367517
vLLM lora_only nu100,4390,0.419796
vLLM lora_only nu100,4400,0.402389
vLLM lora_only nu100,4410,0.385742
vLLM lora_only nu100,4420,0.411817
vLLM lora_only nu100,4430,0.427996
vLLM lora_only nu100,4440,0.375233
vLLM lora_only nu100,4450,0.417781
vLLM lora_only nu100,4460,0.386339
vLLM lora_only nu100,4470,0.392064
vLLM lora_only nu100,4480,0.441671
vLLM lora_only nu100,4490,0.410848
vLLM lora_only nu100,4500,0.404445
vLLM lora_only nu100,4510,0.376408
vLLM lora_only nu100,4520,0.346239
vLLM lora_only nu100,4530,0.398038
vLLM lora_only nu100,4540,0.413232
vLLM lora_only nu100,4550,0.375208
vLLM lora_only nu100,4560,0.369026
vLLM lora_only nu100,4570,0.386969
vLLM lora_only nu100,4580,0.372622
vLLM lora_only nu100,4590,0.400223
vLLM lora_only nu100,4600,0.377981
vLLM lora_only nu100,4610,0.425647
vLLM lora_only nu100,4620,0.428765
vLLM lora_only nu100,4630,0.365114
vLLM lora_only nu100,4640,0.383552
vLLM lora_only nu100,4650,0.385595
vLLM lora_only nu100,4660,0.396078
vLLM lora_only nu100,4670,0.450381
vLLM lora_only nu100,4680,0.433144
vLLM lora_only nu100,4690,0.319232
vLLM lora_only nu100,4700,0.43148
vLLM lora_only nu100,4710,0.348606
vLLM lora_only nu100,4720,0.364597
vLLM lora_only nu100,4730,0.442193
vLLM lora_only nu100,4740,0.409527
vLLM lora_only nu100,4750,0.38178
vLLM lora_only nu100,4760,0.371929
vLLM lora_only nu100,4770,0.386209
vLLM lora_only nu100,4780,0.381585
vLLM lora_only nu100,4790,0.437055
vLLM lora_only nu100,4800,0.40326
vLLM lora_only nu100,4810,0.374442
vLLM lora_only nu100,4820,0.409314
vLLM lora_only nu100,4830,0.35706
vLLM lora_only nu100,4840,0.407438
vLLM lora_only nu100,4850,0.401039
vLLM lora_only nu100,4860,0.379225
vLLM lora_only nu100,4870,0.397813
vLLM lora_only nu100,4880,0.352273
vLLM lora_only nu100,4890,0.390665
vLLM lora_only nu100,4900,0.361037
vLLM lora_only nu100,4910,0.432578
vLLM lora_only nu100,4920,0.408065
vLLM lora_only nu100,4930,0.404205
vLLM lora_only nu100,4940,0.393339
vLLM lora_only nu100,4950,0.39492
vLLM lora_only nu100,4960,0.398968
vLLM lora_only nu100,4970,0.400182
vLLM lora_only nu100,4980,0.438399
vLLM lora_only nu100,4990,0.405738
vLLM lora_only nu100,5000,0.37928
vLLM lora_only nu100,5010,0.412828
vLLM lora_only nu100,5020,0.326718
vLLM lora_only nu100,5030,0.388061
vLLM lora_only nu100,5040,0.462141
vLLM lora_only nu100,5050,0.442625
vLLM lora_only nu100,5060,0.382817
vLLM lora_only nu100,5070,0.372476
vLLM lora_only nu100,5080,0.365288
vLLM lora_only nu100,5090,0.347876
vLLM lora_only nu100,5100,0.363846
vLLM lora_only nu100,5110,0.351519
vLLM lora_only nu100,5120,0.377115
vLLM lora_only nu100,5130,0.416219
vLLM lora_only nu100,5140,0.354879
vLLM lora_only nu100,5150,0.374204
vLLM lora_only nu100,5160,0.415517
vLLM lora_only nu100,5170,0.393537
vLLM lora_only nu100,5180,0.410518
vLLM lora_only nu100,5190,0.368244
vLLM lora_only nu100,5200,0.370018
vLLM lora_only nu100,5210,0.341857
vLLM lora_only nu100,5220,0.411653
vLLM lora_only nu100,5230,0.427642
vLLM lora_only nu100,5240,0.389787
vLLM lora_only nu100,5250,0.350732
vLLM lora_only nu100,5260,0.378453
vLLM lora_only nu100,5270,0.360523
vLLM lora_only nu100,5280,0.343657
vLLM lora_only nu100,5290,0.420298
vLLM lora_only nu100,5300,0.38274
vLLM lora_only nu100,5310,0.365895
vLLM lora_only nu100,5320,0.406106
vLLM lora_only nu100,5330,0.411658
vLLM lora_only nu100,5340,0.353835
vLLM lora_only nu100,5350,0.441247
vLLM lora_only nu100,5360,0.396605
vLLM lora_only nu100,5370,0.406401
vLLM lora_only nu100,5380,0.411291
vLLM lora_only nu100,5390,0.379378
vLLM lora_only nu100,5400,0.40685
vLLM lora_only nu100,5410,0.362309
vLLM lora_only nu100,5420,0.36297
vLLM lora_only nu100,5430,0.398841
vLLM lora_only nu100,5440,0.426802
vLLM lora_only nu100,5450,0.339221
vLLM lora_only nu100,5460,0.398822
vLLM lora_only nu100,5470,0.429889
vLLM lora_only nu100,5480,0.370306
vLLM lora_only nu100,5490,0.381474
vLLM lora_only nu100,5500,0.378212
vLLM lora_only nu100,5510,0.414071
vLLM lora_only nu100,5520,0.354373
vLLM lora_only nu100,5530,0.385391
vLLM lora_only nu100,5540,0.410443
vLLM lora_only nu100,5550,0.361128
vLLM lora_only nu100,5560,0.345189
vLLM lora_only nu100,5570,0.389466
vLLM lora_only nu100,5580,0.368285
vLLM lora_only nu100,5590,0.348142
vLLM lora_only nu100,5600,0.402426
vLLM lora_only nu100,5610,0.395708
vLLM lora_only nu100,5620,0.371926
vLLM lora_only nu100,5630,0.404923
vLLM lora_only nu100,5640,0.370242
vLLM lora_only nu100,5650,0.358755
vLLM lora_only nu100,5660,0.43028
vLLM lora_only nu100,5670,0.361725
vLLM lora_only nu100,5680,0.375124
vLLM lora_only nu100,5690,0.412952
vLLM lora_only nu100,5700,0.350404
vLLM lora_only nu100,5710,0.348206
vLLM lora_only nu100,5720,0.403722
vLLM lora_only nu100,5730,0.317082
vLLM lora_only nu100,5740,0.371153
vLLM lora_only nu100,5750,0.365517
vLLM lora_only nu100,5760,0.340027
vLLM lora_only nu100,5770,0.366648
vLLM lora_only nu100,5780,0.403047
vLLM lora_only nu100,5790,0.336828
vLLM lora_only nu100,5800,0.367727
vLLM lora_only nu100,5810,0.41839
vLLM lora_only nu100,5820,0.432915
vLLM lora_only nu100,5830,0.387258
vLLM lora_only nu100,5840,0.416189
vLLM lora_only nu100,5850,0.370302
vLLM lora_only nu100,5860,0.409507
vLLM lora_only nu100,5870,0.42118
vLLM lora_only nu100,5880,0.412594
vLLM lora_only nu100,5890,0.351561
vLLM lora_only nu100,5900,0.390926
vLLM lora_only nu100,5910,0.429302
vLLM lora_only nu100,5920,0.407059
vLLM lora_only nu100,5930,0.335732
vLLM lora_only nu100,5940,0.374328
vLLM lora_only nu100,5950,0.342087
vLLM lora_only nu100,5960,0.36754
vLLM lora_only nu100,5970,0.386143
vLLM lora_only nu100,5980,0.396117
vLLM lora_only nu100,5990,0.350946
vLLM lora_only nu100,6000,0.329546
vLLM lora_only nu100,6010,0.353169
vLLM lora_only nu100,6020,0.339792
vLLM lora_only nu100,6030,0.399686
vLLM lora_only nu100,6040,0.365881
vLLM lora_only nu100,6050,0.374017
vLLM lora_only nu100,6060,0.375937
vLLM lora_only nu100,6070,0.335712
vLLM lora_only nu100,6080,0.381357
vLLM lora_only nu100,6090,0.430964
vLLM lora_only nu100,6100,0.364956
vLLM lora_only nu100,6110,0.365272
vLLM lora_only nu100,6120,0.355342
vLLM lora_only nu100,6130,0.34914
vLLM lora_only nu100,6140,0.347553
vLLM lora_only nu100,6150,0.406617
vLLM lora_only nu100,6160,0.367782
vLLM lora_only nu100,6170,0.356038
vLLM lora_only nu100,6180,0.308042
vLLM lora_only nu100,6190,0.351746
vLLM lora_only nu100,6200,0.34302
vLLM lora_only nu100,6210,0.345818
vLLM lora_only nu100,6220,0.39265
vLLM lora_only nu100,6230,0.372764
vLLM lora_only nu100,6240,0.316389
vLLM lora_only nu100,6250,0.373157
vLLM lora_only nu100,6260,0.345811
vLLM lora_only nu100,6270,0.333725
vLLM lora_only nu100,6280,0.38699
vLLM lora_only nu100,6290,0.341675
vLLM lora_only nu100,6300,0.359692
vLLM lora_only nu100,6310,0.335672
vLLM lora_only nu100,6320,0.326462
vLLM lora_only nu100,6330,0.320271
vLLM lora_only nu100,6340,0.393285
vLLM lora_only nu100,6350,0.363785
vLLM lora_only nu100,6360,0.360196
vLLM lora_only nu100,6370,0.329912
vLLM lora_only nu100,6380,0.30161
vLLM lora_only nu100,6390,0.325411
vLLM lora_only nu100,6400,0.367126
vLLM lora_only nu100,6410,0.332585
vLLM lora_only nu100,6420,0.367329
vLLM lora_only nu100,6430,0.315256
vLLM lora_only nu100,6440,0.358317
vLLM lora_only nu100,6450,0.306198
vLLM lora_only nu100,6460,0.361253
vLLM lora_only nu100,6470,0.37495
vLLM lora_only nu100,6480,0.337648
vLLM lora_only nu100,6490,0.316461
vLLM lora_only nu100,6500,0.34295
vLLM lora_only nu100,6510,0.296495
vLLM lora_only nu100,6520,0.325362
vLLM lora_only nu100,6530,0.367678
vLLM lora_only nu100,6540,0.380976
vLLM lora_only nu100,6550,0.294649
vLLM lora_only nu100,6560,0.376954
vLLM lora_only nu100,6570,0.320396
vLLM lora_only nu100,6580,0.306295
vLLM lora_only nu100,6590,0.385716
vLLM lora_only nu100,6600,0.338744
vLLM lora_only nu100,6610,0.332791
vLLM lora_only nu100,6620,0.354781
vLLM lora_only nu100,6630,0.359302
vLLM lora_only nu100,6640,0.331612
vLLM lora_only nu100,6650,0.401213
vLLM lora_only nu100,6660,0.349488
vLLM lora_only nu100,6670,0.347027
vLLM lora_only nu100,6680,0.368987
vLLM lora_only nu100,6690,0.328442
vLLM lora_only nu100,6700,0.342376
vLLM lora_only nu100,6710,0.315532
vLLM lora_only nu100,6720,0.293917
vLLM lora_only nu100,6730,0.315062
vLLM lora_only nu100,6740,0.300174
vLLM lora_only nu100,6750,0.326434
vLLM lora_only nu100,6760,0.310367
vLLM lora_only nu100,6770,0.33917
vLLM lora_only nu100,6780,0.378495
vLLM lora_only nu100,6790,0.340575
vLLM lora_only nu100,6800,0.321658
vLLM lora_only nu100,6810,0.360797
vLLM lora_only nu100,6820,0.337849
vLLM lora_only nu100,6830,0.314709
vLLM lora_only nu100,6840,0.379367
vLLM lora_only nu100,6850,0.35974
vLLM lora_only nu100,6860,0.283343
vLLM lora_only nu100,6870,0.354016
vLLM lora_only nu100,6880,0.292567
vLLM lora_only nu100,6890,0.320393
vLLM lora_only nu100,6900,0.349549
vLLM lora_only nu100,6910,0.348917
vLLM lora_only nu100,6920,0.337195
vLLM lora_only nu100,6930,0.349429
vLLM lora_only nu100,6940,0.318454
vLLM lora_only nu100,6950,0.3078
vLLM lora_only nu100,6960,0.394635
vLLM lora_only nu100,6970,0.356204
vLLM lora_only nu100,6980,0.311924
vLLM lora_only nu100,6990,0.362497
vLLM lora_only nu100,7000,0.281929
vLLM lora_only nu100,7010,0.358704
vLLM lora_only nu100,7020,0.361588
vLLM lora_only nu100,7030,0.320197
vLLM lora_only nu100,7040,0.322551
vLLM lora_only nu100,7050,0.284753
vLLM lora_only nu100,7060,0.350431
vLLM lora_only nu100,7070,0.323731
vLLM lora_only nu100,7080,0.361382
vLLM lora_only nu100,7090,0.334096
vLLM lora_only nu100,7100,0.354164
vLLM lora_only nu100,7110,0.296588
vLLM lora_only nu100,7120,0.327816
vLLM lora_only nu100,7130,0.317786
vLLM lora_only nu100,7140,0.329302
vLLM lora_only nu100,7150,0.354261
vLLM lora_only nu100,7160,0.361047
vLLM lora_only nu100,7170,0.282283
vLLM lora_only nu100,7180,0.350199
vLLM lora_only nu100,7190,0.315196
vLLM lora_only nu100,7200,0.304439
vLLM lora_only nu100,7210,0.376538
vLLM lora_only nu100,7220,0.337421
vLLM lora_only nu100,7230,0.313216
vLLM lora_only nu100,7240,0.325643
vLLM lora_only nu100,7250,0.289346
vLLM lora_only nu100,7260,0.34899
vLLM lora_only nu100,7270,0.377564
vLLM lora_only nu100,7280,0.318389
vLLM lora_only nu100,7290,0.312685
vLLM lora_only nu100,7300,0.311579
vLLM lora_only nu100,7310,0.301977
vLLM lora_only nu100,7320,0.350656
vLLM lora_only nu100,7330,0.352886
vLLM lora_only nu100,7340,0.307311
vLLM lora_only nu100,7350,0.315168
vLLM lora_only nu100,7360,0.296179
vLLM lora_only nu100,7370,0.312678
vLLM lora_only nu100,7380,0.309938
vLLM lora_only nu100,7390,0.34628
vLLM lora_only nu100,7400,0.357525
vLLM lora_only nu100,7410,0.35605
vLLM lora_only nu100,7420,0.326012
vLLM lora_only nu100,7430,0.327135
vLLM lora_only nu100,7440,0.315069
vLLM lora_only nu100,7450,0.367677
vLLM lora_only nu100,7460,0.368297
vLLM lora_only nu100,7470,0.335096
vLLM lora_only nu100,7480,0.330079
vLLM lora_only nu100,7490,0.347094
vLLM lora_only nu100,7500,0.311219
vLLM lora_only nu100,7510,0.281381
vLLM lora_only nu100,7520,0.314464
vLLM lora_only nu100,7530,0.319041
vLLM lora_only nu100,7540,0.283182
vLLM lora_only nu100,7550,0.285672
vLLM lora_only nu100,7560,0.317687
vLLM lora_only nu100,7570,0.35379
vLLM lora_only nu100,7580,0.32825
vLLM lora_only nu100,7590,0.333806
vLLM lora_only nu100,7600,0.31853
vLLM lora_only nu100,7610,0.380338
vLLM lora_only nu100,7620,0.353991
vLLM lora_only nu100,7630,0.387308
vLLM lora_only nu100,7640,0.38344
vLLM lora_only nu100,7650,0.347405
vLLM lora_only nu100,7660,0.333397
vLLM lora_only nu100,7670,0.336266
vLLM lora_only nu100,7680,0.340249
vLLM lora_only nu100,7690,0.34781
vLLM lora_only nu100,7700,0.391082
vLLM lora_only nu100,7710,0.323708
vLLM lora_only nu100,7720,0.327052
vLLM lora_only nu100,7730,0.323669
vLLM lora_only nu100,7740,0.324231
vLLM lora_only nu100,7750,0.286069
vLLM lora_only nu100,7760,0.325808
vLLM lora_only nu100,7770,0.385077
vLLM lora_only nu100,7780,0.332324
vLLM lora_only nu100,7790,0.279038
vLLM lora_only nu100,7800,0.36203
vLLM lora_only nu100,7810,0.269058
vLLM lora_only nu100,7820,0.307556
vLLM lora_only nu100,7830,0.314894
vLLM lora_only nu100,7840,0.313391
vLLM lora_only nu100,7850,0.30561
vLLM lora_only nu100,7860,0.308958
vLLM lora_only nu100,7870,0.301927
vLLM lora_only nu100,7880,0.34632
vLLM lora_only nu100,7890,0.333179
vLLM lora_only nu100,7900,0.292287
vLLM lora_only nu100,7910,0.288448
vLLM lora_only nu100,7920,0.327279
vLLM lora_only nu100,7930,0.30674
vLLM lora_only nu100,7940,0.288949
vLLM lora_only nu100,7950,0.385639
vLLM lora_only nu100,7960,0.332801
vLLM lora_only nu100,7970,0.310239
vLLM lora_only nu100,7980,0.283955
vLLM lora_only nu100,7990,0.307021
vLLM lora_only nu100,8000,0.2952
vLLM lora_only nu100,8010,0.353421
vLLM lora_only nu100,8020,0.301585
vLLM lora_only nu100,8030,0.336344
vLLM lora_only nu100,8040,0.295905
vLLM lora_only nu100,8050,0.305867
vLLM lora_only nu100,8060,0.288436
vLLM lora_only nu100,8070,0.330975
vLLM lora_only nu100,8080,0.374841
vLLM lora_only nu100,8090,0.335374
vLLM lora_only nu100,8100,0.296986
vLLM lora_only nu100,8110,0.325325
vLLM lora_only nu100,8120,0.249247
vLLM lora_only nu100,8130,0.291122
vLLM lora_only nu100,8140,0.331136
vLLM lora_only nu100,8150,0.322043
vLLM lora_only nu100,8160,0.264792
vLLM lora_only nu100,8170,0.308234
vLLM lora_only nu100,8180,0.267166
vLLM lora_only nu100,8190,0.34567
vLLM lora_only nu100,8200,0.324069
vLLM lora_only nu100,8210,0.35969
vLLM lora_only nu100,8220,0.306822
vLLM lora_only nu100,8230,0.279522
vLLM lora_only nu100,8240,0.274584
vLLM lora_only nu100,8250,0.33622
vLLM lora_only nu100,8260,0.325912
vLLM lora_only nu100,8270,0.302879
vLLM lora_only nu100,8280,0.326527
vLLM lora_only nu100,8290,0.299115
vLLM lora_only nu100,8300,0.313207
vLLM lora_only nu100,8310,0.308822
vLLM lora_only nu100,8320,0.318428
vLLM lora_only nu100,8330,0.290067
vLLM lora_only nu100,8340,0.307577
vLLM lora_only nu100,8350,0.299093
vLLM lora_only nu100,8360,0.366574
vLLM lora_only nu100,8370,0.316243
vLLM lora_only nu100,8380,0.310352
vLLM lora_only nu100,8390,0.338197
vLLM lora_only nu100,8400,0.31113
vLLM lora_only nu100,8410,0.327122
vLLM lora_only nu100,8420,0.355695
vLLM lora_only nu100,8430,0.34647
vLLM lora_only nu100,8440,0.334927
vLLM lora_only nu100,8450,0.281887
vLLM lora_only nu100,8460,0.373627
vLLM lora_only nu100,8470,0.360002
vLLM lora_only nu100,8480,0.37728
vLLM lora_only nu100,8490,0.313099
vLLM lora_only nu100,8500,0.398788
vLLM lora_only nu100,8510,0.337687
vLLM lora_only nu100,8520,0.274265
vLLM lora_only nu100,8530,0.305249
vLLM lora_only nu100,8540,0.323565
vLLM lora_only nu100,8550,0.289608
vLLM lora_only nu100,8560,0.287926
vLLM lora_only nu100,8570,0.336182
vLLM lora_only nu100,8580,0.289458
vLLM lora_only nu100,8590,0.32834
vLLM lora_only nu100,8600,0.280916
vLLM lora_only nu100,8610,0.278616
vLLM lora_only nu100,8620,0.301276
vLLM lora_only nu100,8630,0.328488
vLLM lora_only nu100,8640,0.309631
vLLM lora_only nu100,8650,0.285148
vLLM lora_only nu100,8660,0.340219
vLLM lora_only nu100,8670,0.286733
vLLM lora_only nu100,8680,0.309281
vLLM lora_only nu100,8690,0.292718
vLLM lora_only nu100,8700,0.311765
vLLM lora_only nu100,8710,0.322747
vLLM lora_only nu100,8720,0.252626
vLLM lora_only nu100,8730,0.299038
vLLM lora_only nu100,8740,0.264311
vLLM lora_only nu100,8750,0.277271
vLLM lora_only nu100,8760,0.282786
vLLM lora_only nu100,8770,0.292287
vLLM lora_only nu100,8780,0.280793
vLLM lora_only nu100,8790,0.335209
vLLM lora_only nu100,8800,0.272007
vLLM lora_only nu100,8810,0.292257
vLLM lora_only nu100,8820,0.338257
vLLM lora_only nu100,8830,0.304554
vLLM lora_only nu100,8840,0.309048
vLLM lora_only nu100,8850,0.293489
vLLM lora_only nu100,8860,0.251467
vLLM lora_only nu100,8870,0.320693
vLLM lora_only nu100,8880,0.343341
vLLM lora_only nu100,8890,0.287089
vLLM lora_only nu100,8900,0.319032
vLLM lora_only nu100,8910,0.267786
vLLM lora_only nu100,8920,0.294401
vLLM lora_only nu100,8930,0.312544
vLLM lora_only nu100,8940,0.334135
vLLM lora_only nu100,8950,0.298761
vLLM lora_only nu100,8960,0.321963
vLLM lora_only nu100,8970,0.277893
vLLM lora_only nu100,8980,0.298439
vLLM lora_only nu100,8990,0.30879
vLLM lora_only nu100,9000,0.300826
vLLM lora_only nu100,9010,0.39424
vLLM lora_only nu100,9020,0.419775
vLLM lora_only nu100,9030,0.358085
vLLM lora_only nu100,9040,0.358637
vLLM lora_only nu100,9050,0.367991
vLLM lora_only nu100,9060,0.348836
vLLM lora_only nu100,9070,0.379737
vLLM lora_only nu100,9080,0.375124
vLLM lora_only nu100,9090,0.348921
vLLM lora_only nu100,9100,0.385292
vLLM lora_only nu100,9110,0.24228
vLLM lora_only nu100,9120,0.330987
vLLM lora_only nu100,9130,0.318316
vLLM lora_only nu100,9140,0.303925
vLLM lora_only nu100,9150,0.286094
vLLM lora_only nu100,9160,0.295081
vLLM lora_only nu100,9170,0.239934
vLLM lora_only nu100,9180,0.318867
vLLM lora_only nu100,9190,0.355658
vLLM lora_only nu100,9200,0.304104
vLLM lora_only nu100,9210,0.312168
vLLM lora_only nu100,9220,0.318642
vLLM lora_only nu100,9230,0.284666
vLLM lora_only nu100,9240,0.314652
vLLM lora_only nu100,9250,0.322686
vLLM lora_only nu100,9260,0.278926
vLLM lora_only nu100,9270,0.304641
vLLM lora_only nu100,9280,0.294985
vLLM lora_only nu100,9290,0.258157
vLLM lora_only nu100,9300,0.316028
vLLM lora_only nu100,9310,0.282642
vLLM lora_only nu100,9320,0.344887
vLLM lora_only nu100,9330,0.30046
vLLM lora_only nu100,9340,0.259461
vLLM lora_only nu100,9350,0.318787
vLLM lora_only nu100,9360,0.273355
vLLM lora_only nu100,9370,0.264636
vLLM lora_only nu100,9380,0.307819
vLLM lora_only nu100,9390,0.29634
vLLM lora_only nu100,9400,0.298189
vLLM lora_only nu100,9410,0.242496
vLLM lora_only nu100,9420,0.257224
vLLM lora_only nu100,9430,0.299621
vLLM lora_only nu100,9440,0.34261
vLLM lora_only nu100,9450,0.307437
vLLM lora_only nu100,9460,0.265833
vLLM lora_only nu100,9470,0.259624
vLLM lora_only nu100,9480,0.218461
vLLM lora_only nu100,9490,0.29444
vLLM lora_only nu100,9500,0.313073
vLLM lora_only nu100,9510,0.368552
vLLM lora_only nu100,9520,0.401351
vLLM lora_only nu100,9530,0.354253
vLLM lora_only nu100,9540,0.385872
vLLM lora_only nu100,9550,0.340898
vLLM lora_only nu100,9560,0.396961
vLLM lora_only nu100,9570,0.348651
vLLM lora_only nu100,9580,0.397282
vLLM lora_only nu100,9590,0.374337
vLLM lora_only nu100,9600,0.36248
vLLM lora_only nu100,9610,0.298166
vLLM lora_only nu100,9620,0.294756
vLLM lora_only nu100,9630,0.337239
vLLM lora_only nu100,9640,0.316142
vLLM lora_only nu100,9650,0.23523
vLLM lora_only nu100,9660,0.310792
vLLM lora_only nu100,9670,0.247545
vLLM lora_only nu100,9680,0.273053
vLLM lora_only nu100,9690,0.296133
vLLM lora_only nu100,9700,0.330794
vLLM lora_only nu100,9710,0.30039
vLLM lora_only nu100,9720,0.258361
vLLM lora_only nu100,9730,0.227769
vLLM lora_only nu100,9740,0.275777
vLLM lora_only nu100,9750,0.297222
vLLM lora_only nu100,9760,0.319826
vLLM lora_only nu100,9770,0.287593
vLLM lora_only nu100,9780,0.274863
vLLM lora_only nu100,9790,0.250006
vLLM lora_only nu100,9800,0.321925
vLLM lora_only nu100,9810,0.333639
vLLM lora_only nu100,9820,0.255481
vLLM lora_only nu100,9830,0.305102
vLLM lora_only nu100,9840,0.267616
vLLM lora_only nu100,9850,0.280563
vLLM lora_only nu100,9860,0.248614
vLLM lora_only nu100,9870,0.297936
vLLM lora_only nu100,9880,0.282411
vLLM lora_only nu100,9890,0.274796
vLLM lora_only nu100,9900,0.247647
vLLM lora_only nu100,9910,0.275841
vLLM lora_only nu100,9920,0.263919
vLLM lora_only nu100,9930,0.262497
vLLM lora_only nu100,9940,0.301588
vLLM lora_only nu100,9950,0.275226
vLLM lora_only nu100,9960,0.208975
vLLM lora_only nu100,9970,0.283393
vLLM lora_only nu100,9980,0.235114
vLLM lora_only nu100,9990,0.287241
vLLM lora_only nu100,10000,0.28682
vLLM lora_only nu100,10010,0.345317
vLLM lora_only nu100,10020,0.24846
vLLM lora_only nu100,10030,0.30455
vLLM lora_only nu100,10040,0.247617
vLLM lora_only nu100,10050,0.303327
vLLM lora_only nu100,10060,0.31768
vLLM lora_only nu100,10070,0.306407
vLLM lora_only nu100,10080,0.290128
vLLM lora_only nu100,10090,0.314411
vLLM lora_only nu100,10100,0.245882
vLLM lora_only nu100,10110,0.280397
vLLM lora_only nu100,10120,0.310515
vLLM lora_only nu100,10130,0.285788
vLLM lora_only nu100,10140,0.29135
vLLM lora_only nu100,10150,0.240352
vLLM lora_only nu100,10160,0.234994
vLLM lora_only nu100,10170,0.228639
vLLM lora_only nu100,10180,0.305673
vLLM lora_only nu100,10190,0.25687
vLLM lora_only nu100,10200,0.273809
vLLM lora_only nu100,10210,0.260814
vLLM lora_only nu100,10220,0.297157
vLLM lora_only nu100,10230,0.247023
vLLM lora_only nu100,10240,0.265801
vLLM lora_only nu100,10250,0.30386
vLLM lora_only nu100,10260,0.30665
vLLM lora_only nu100,10270,0.261829
vLLM lora_only nu100,10280,0.289218
vLLM lora_only nu100,10290,0.230056
vLLM lora_only nu100,10300,0.279812
vLLM lora_only nu100,10310,0.27882
vLLM lora_only nu100,10320,0.300341
vLLM lora_only nu100,10330,0.259748
vLLM lora_only nu100,10340,0.275389
vLLM lora_only nu100,10350,0.208788
vLLM lora_only nu100,10360,0.295455
vLLM lora_only nu100,10370,0.312503
vLLM lora_only nu100,10380,0.276964
vLLM lora_only nu100,10390,0.238605
vLLM lora_only nu100,10400,0.265249
vLLM lora_only nu100,10410,0.234671
vLLM lora_only nu100,10420,0.278105
vLLM lora_only nu100,10430,0.331778
vLLM lora_only nu100,10440,0.254558
vLLM lora_only nu100,10450,0.289071
vLLM lora_only nu100,10460,0.292899
vLLM lora_only nu100,10470,0.2954
vLLM lora_only nu100,10480,0.224996
vLLM lora_only nu100,10490,0.26741
vLLM lora_only nu100,10500,0.274696
vLLM lora_only nu100,10510,0.341145
vLLM lora_only nu100,10520,0.289836
vLLM lora_only nu100,10530,0.333176
vLLM lora_only nu100,10540,0.299163
vLLM lora_only nu100,10550,0.316159
vLLM lora_only nu100,10560,0.385739
vLLM lora_only nu100,10570,0.374047
vLLM lora_only nu100,10580,0.281204
vLLM lora_only nu100,10590,0.325405
vLLM lora_only nu100,10600,0.278148
vLLM lora_only nu100,10610,0.252071
vLLM lora_only nu100,10620,0.319364
vLLM lora_only nu100,10630,0.308164
vLLM lora_only nu100,10640,0.275113
vLLM lora_only nu100,10650,0.217177
vLLM lora_only nu100,10660,0.242069
vLLM lora_only nu100,10670,0.260176
vLLM lora_only nu100,10680,0.286193
vLLM lora_only nu100,10690,0.289764
vLLM lora_only nu100,10700,0.276543
vLLM lora_only nu100,10710,0.272082
vLLM lora_only nu100,10720,0.215996
vLLM lora_only nu100,10730,0.295413
vLLM lora_only nu100,10740,0.252068
vLLM lora_only nu100,10750,0.25113
vLLM lora_only nu100,10760,0.262703
vLLM lora_only nu100,10770,0.246611
vLLM lora_only nu100,10780,0.26071
vLLM lora_only nu100,10790,0.266618
vLLM lora_only nu100,10800,0.306266
vLLM lora_only nu100,10810,0.22478
vLLM lora_only nu100,10820,0.284809
vLLM lora_only nu100,10830,0.261535
vLLM lora_only nu100,10840,0.277018
vLLM lora_only nu100,10850,0.219871
vLLM lora_only nu100,10860,0.254784
vLLM lora_only nu100,10870,0.307127
vLLM lora_only nu100,10880,0.314234
vLLM lora_only nu100,10890,0.206346
vLLM lora_only nu100,10900,0.270347
vLLM lora_only nu100,10910,0.201741
vLLM lora_only nu100,10920,0.254195
vLLM lora_only nu100,10930,0.320878
vLLM lora_only nu100,10940,0.271561
vLLM lora_only nu100,10950,0.295526
vLLM lora_only nu100,10960,0.278243
vLLM lora_only nu100,10970,0.219983
vLLM lora_only nu100,10980,0.276484
vLLM lora_only nu100,10990,0.288722
vLLM lora_only nu100,11000,0.251428
vLLM lora_only nu100,11010,0.251826
vLLM lora_only nu100,11020,0.299838
vLLM lora_only nu100,11030,0.222084
vLLM lora_only nu100,11040,0.25428
vLLM lora_only nu100,11050,0.275043
vLLM lora_only nu100,11060,0.229761
vLLM lora_only nu100,11070,0.287301
vLLM lora_only nu100,11080,0.260591
vLLM lora_only nu100,11090,0.252467
vLLM lora_only nu100,11100,0.243831
vLLM lora_only nu100,11110,0.287957
vLLM lora_only nu100,11120,0.264774
vLLM lora_only nu100,11130,0.245033
vLLM lora_only nu100,11140,0.206114
vLLM lora_only nu100,11150,0.260182
vLLM lora_only nu100,11160,0.220248
vLLM lora_only nu100,11170,0.263811
vLLM lora_only nu100,11180,0.310978
vLLM lora_only nu100,11190,0.269973
vLLM lora_only nu100,11200,0.216051
vLLM lora_only nu100,11210,0.312728
vLLM lora_only nu100,11220,0.249663
vLLM lora_only nu100,11230,0.309445
vLLM lora_only nu100,11240,0.318295
vLLM lora_only nu100,11250,0.316378
vLLM lora_only nu100,11260,0.300827
vLLM lora_only nu100,11270,0.339585
vLLM lora_only nu100,11280,0.261469
vLLM lora_only nu100,11290,0.286135
vLLM lora_only nu100,11300,0.298251
vLLM lora_only nu100,11310,0.276438
vLLM lora_only nu100,11320,0.293719
vLLM lora_only nu100,11330,0.313418
vLLM lora_only nu100,11340,0.227196
vLLM lora_only nu100,11350,0.277249
vLLM lora_only nu100,11360,0.301233
vLLM lora_only nu100,11370,0.275711
vLLM lora_only nu100,11380,0.298472
vLLM lora_only nu100,11390,0.329057
vLLM lora_only nu100,11400,0.25107
vLLM lora_only nu100,11410,0.26656
vLLM lora_only nu100,11420,0.335968
vLLM lora_only nu100,11430,0.26571
vLLM lora_only nu100,11440,0.289211
vLLM lora_only nu100,11450,0.241336
vLLM lora_only nu100,11460,0.267441
vLLM lora_only nu100,11470,0.291092
vLLM lora_only nu100,11480,0.26407
vLLM lora_only nu100,11490,0.28235
vLLM lora_only nu100,11500,0.304026
vLLM lora_only nu100,11510,0.22793
vLLM lora_only nu100,11520,0.255676
vLLM lora_only nu100,11530,0.219634
vLLM lora_only nu100,11540,0.247508
vLLM lora_only nu100,11550,0.269796
vLLM lora_only nu100,11560,0.284579
vLLM lora_only nu100,11570,0.269417
vLLM lora_only nu100,11580,0.23378
vLLM lora_only nu100,11590,0.198717
vLLM lora_only nu100,11600,0.261621
vLLM lora_only nu100,11610,0.298368
vLLM lora_only nu100,11620,0.231509
vLLM lora_only nu100,11630,0.24796
vLLM lora_only nu100,11640,0.282819
vLLM lora_only nu100,11650,0.195932
vLLM lora_only nu100,11660,0.30241
vLLM lora_only nu100,11670,0.312359
vLLM lora_only nu100,11680,0.230339
vLLM lora_only nu100,11690,0.281046
vLLM lora_only nu100,11700,0.233467
vLLM lora_only nu100,11710,0.262559
vLLM lora_only nu100,11720,0.252739
vLLM lora_only nu100,11730,0.275148
vLLM lora_only nu100,11740,0.304261
vLLM lora_only nu100,11750,0.271222
vLLM lora_only nu100,11760,0.271196
vLLM lora_only nu100,11770,0.253254
vLLM lora_only nu100,11780,0.289749
vLLM lora_only nu100,11790,0.266148
vLLM lora_only nu100,11800,0.288948
vLLM lora_only nu100,11810,0.327995
vLLM lora_only nu100,11820,0.259641
vLLM lora_only nu100,11830,0.288693
vLLM lora_only nu100,11840,0.236134
vLLM lora_only nu100,11850,0.296231
vLLM lora_only nu100,11860,0.277667
vLLM lora_only nu100,11870,0.268703
vLLM lora_only nu100,11880,0.256728
vLLM lora_only nu100,11890,0.280037
vLLM lora_only nu100,11900,0.24993
vLLM lora_only nu100,11910,0.263145
vLLM lora_only nu100,11920,0.291239
vLLM lora_only nu100,11930,0.270709
vLLM lora_only nu100,11940,0.225619
vLLM lora_only nu100,11950,0.234593
vLLM lora_only nu100,11960,0.217213
vLLM lora_only nu100,11970,0.272262
vLLM lora_only nu100,11980,0.283903
vLLM lora_only nu100,11990,0.243051
vLLM lora_only nu100,12000,0.254274
vLLM lora_only nu100,12010,0.268269
vLLM lora_only nu100,12020,0.242114
vLLM lora_only nu100,12030,0.280452
vLLM lora_only nu100,12040,0.327133
vLLM lora_only nu100,12050,0.237486
vLLM lora_only nu100,12060,0.270764
vLLM lora_only nu100,12070,0.23271
vLLM lora_only nu100,12080,0.265044
vLLM lora_only nu100,12090,0.223888
vLLM lora_only nu100,12100,0.259183
vLLM lora_only nu100,12110,0.26209
vLLM lora_only nu100,12120,0.283583
vLLM lora_only nu100,12130,0.216578
vLLM lora_only nu100,12140,0.261165
vLLM lora_only nu100,12150,0.200582
vLLM lora_only nu100,12160,0.243428
vLLM lora_only nu100,12170,0.30976
vLLM lora_only nu100,12180,0.282867
vLLM lora_only nu100,12190,0.242818
vLLM lora_only nu100,12200,0.22101
vLLM lora_only nu100,12210,0.219122
vLLM lora_only nu100,12220,0.25649
vLLM lora_only nu100,12230,0.28367
vLLM lora_only nu100,12240,0.238511
vLLM lora_only nu100,12250,0.260933
vLLM lora_only nu100,12260,0.264647
vLLM lora_only nu100,12270,0.193955
vLLM lora_only nu100,12280,0.257344
vLLM lora_only nu100,12290,0.300836
vLLM lora_only nu100,12300,0.222898
vLLM lora_only nu100,12310,0.304076
vLLM lora_only nu100,12320,0.210558
vLLM lora_only nu100,12330,0.246165
vLLM lora_only nu100,12340,0.22864
vLLM lora_only nu100,12350,0.295635
vLLM lora_only nu100,12360,0.282681
vLLM lora_only nu100,12370,0.278688
vLLM lora_only nu100,12380,0.2316
vLLM lora_only nu100,12390,0.249314
vLLM lora_only nu100,12400,0.285902
vLLM lora_only nu100,12410,0.303931
vLLM lora_only nu100,12420,0.295733
vLLM lora_only nu100,12430,0.30514
vLLM lora_only nu100,12440,0.23212
vLLM lora_only nu100,12450,0.331486
vLLM lora_only nu100,12460,0.220601
vLLM lora_only nu100,12470,0.252259
vLLM lora_only nu100,12480,0.25982
vLLM lora_only nu100,12490,0.28566
vLLM lora_only nu100,12500,0.244697
vLLM lora_only nu100,12510,0.258237
vLLM lora_only nu100,12520,0.181983
vLLM lora_only nu100,12530,0.283677
vLLM lora_only nu100,12540,0.250944
vLLM lora_only nu100,12550,0.238808
vLLM lora_only nu100,12560,0.259388
vLLM lora_only nu100,12570,0.280625
vLLM lora_only nu100,12580,0.233341
vLLM lora_only nu100,12590,0.273612
vLLM lora_only nu100,12600,0.235724
vLLM lora_only nu100,12610,0.269517
vLLM lora_only nu100,12620,0.321368
vLLM lora_only nu100,12630,0.271346
vLLM lora_only nu100,12640,0.286318
vLLM lora_only nu100,12650,0.277027
vLLM lora_only nu100,12660,0.359646
vLLM lora_only nu100,12670,0.2505
vLLM lora_only nu100,12680,0.341838
vLLM lora_only nu100,12690,0.213439
vLLM lora_only nu100,12700,0.321571
vLLM lora_only nu100,12710,0.230298
vLLM lora_only nu100,12720,0.291
vLLM lora_only nu100,12730,0.31026
vLLM lora_only nu100,12740,0.287821
vLLM lora_only nu100,12750,0.21491
vLLM lora_only nu100,12760,0.280317
vLLM lora_only nu100,12770,0.220164
vLLM lora_only nu100,12780,0.236941
vLLM lora_only nu100,12790,0.307621
vLLM lora_only nu100,12800,0.285065
vLLM lora_only nu100,12810,0.273859
vLLM lora_only nu100,12820,0.324254
vLLM lora_only nu100,12830,0.243738
vLLM lora_only nu100,12840,0.271518
vLLM lora_only nu100,12850,0.272718
vLLM lora_only nu100,12860,0.271691
vLLM lora_only nu100,12870,0.234433
vLLM lora_only nu100,12880,0.290351
vLLM lora_only nu100,12890,0.226771
vLLM lora_only nu100,12900,0.296036
vLLM lora_only nu100,12910,0.257046
vLLM lora_only nu100,12920,0.22382
vLLM lora_only nu100,12930,0.246702
vLLM lora_only nu100,12940,0.217756
vLLM lora_only nu100,12950,0.264987
vLLM lora_only nu100,12960,0.23527
vLLM lora_only nu100,12970,0.281245
vLLM lora_only nu100,12980,0.292515
vLLM lora_only nu100,12990,0.249394
vLLM lora_only nu100,13000,0.228663
vLLM lora_only nu100,13010,0.374884
vLLM lora_only nu100,13020,0.321101
vLLM lora_only nu100,13030,0.41921
vLLM lora_only nu100,13040,0.364028
vLLM lora_only nu100,13050,0.431235
vLLM lora_only nu100,13060,0.264814
vLLM lora_only nu100,13070,0.376482
vLLM lora_only nu100,13080,0.326095
vLLM lora_only nu100,13090,0.403823
vLLM lora_only nu100,13100,0.427881
vLLM lora_only nu100,13110,0.281611
vLLM lora_only nu100,13120,0.254682
vLLM lora_only nu100,13130,0.226767
vLLM lora_only nu100,13140,0.179183
vLLM lora_only nu100,13150,0.276701
vLLM lora_only nu100,13160,0.292041
vLLM lora_only nu100,13170,0.292023
vLLM lora_only nu100,13180,0.255964
vLLM lora_only nu100,13190,0.248751
vLLM lora_only nu100,13200,0.197572
vLLM lora_only nu100,13210,0.314212
vLLM lora_only nu100,13220,0.30185
vLLM lora_only nu100,13230,0.265821
vLLM lora_only nu100,13240,0.294463
vLLM lora_only nu100,13250,0.260583
vLLM lora_only nu100,13260,0.275589
vLLM lora_only nu100,13270,0.25861
vLLM lora_only nu100,13280,0.367204
vLLM lora_only nu100,13290,0.242596
vLLM lora_only nu100,13300,0.32554
vLLM lora_only nu100,13310,0.189592
vLLM lora_only nu100,13320,0.215474
vLLM lora_only nu100,13330,0.214699
vLLM lora_only nu100,13340,0.218893
vLLM lora_only nu100,13350,0.281932
vLLM lora_only nu100,13360,0.263106
vLLM lora_only nu100,13370,0.2242
vLLM lora_only nu100,13380,0.218781
vLLM lora_only nu100,13390,0.189299
vLLM lora_only nu100,13400,0.258945
vLLM lora_only nu100,13410,0.292879
vLLM lora_only nu100,13420,0.261649
vLLM lora_only nu100,13430,0.23565
vLLM lora_only nu100,13440,0.251968
vLLM lora_only nu100,13450,0.219826
vLLM lora_only nu100,13460,0.279241
vLLM lora_only nu100,13470,0.321076
vLLM lora_only nu100,13480,0.220929
vLLM lora_only nu100,13490,0.275929
vLLM lora_only nu100,13500,0.271413
vLLM lora_only nu100,13510,0.189956
vLLM lora_only nu100,13520,0.276377
vLLM lora_only nu100,13530,0.21693
vLLM lora_only nu100,13540,0.199641
vLLM lora_only nu100,13550,0.242685
vLLM lora_only nu100,13560,0.193082
vLLM lora_only nu100,13570,0.243044
vLLM lora_only nu100,13580,0.236779
vLLM lora_only nu100,13590,0.253585
vLLM lora_only nu100,13600,0.229315
vLLM lora_only nu100,13610,0.248714
vLLM lora_only nu100,13620,0.273
vLLM lora_only nu100,13630,0.238243
vLLM lora_only nu100,13640,0.180934
vLLM lora_only nu100,13650,0.25102
vLLM lora_only nu100,13660,0.29672
vLLM lora_only nu100,13670,0.275975
vLLM lora_only nu100,13680,0.218457
vLLM lora_only nu100,13690,0.234817
vLLM lora_only nu100,13700,0.209902
vLLM lora_only nu100,13710,0.234284
vLLM lora_only nu100,13720,0.253459
vLLM lora_only nu100,13730,0.286472
vLLM lora_only nu100,13740,0.237039
vLLM lora_only nu100,13750,0.245816
vLLM lora_only nu100,13760,0.207147
vLLM lora_only nu100,13770,0.249537
vLLM lora_only nu100,13780,0.269116
vLLM lora_only nu100,13790,0.246454
vLLM lora_only nu100,13800,0.247749
vLLM lora_only nu100,13810,0.230564
vLLM lora_only nu100,13820,0.17519
vLLM lora_only nu100,13830,0.250724
vLLM lora_only nu100,13840,0.287797
vLLM lora_only nu100,13850,0.208709
vLLM lora_only nu100,13860,0.293986
vLLM lora_only nu100,13870,0.245764
vLLM lora_only nu100,13880,0.24368
vLLM lora_only nu100,13890,0.240278
vLLM lora_only nu100,13900,0.303619
vLLM lora_only nu100,13910,0.238191
vLLM lora_only nu100,13920,0.254448
vLLM lora_only nu100,13930,0.238994
vLLM lora_only nu100,13940,0.20042
vLLM lora_only nu100,13950,0.275558
vLLM lora_only nu100,13960,0.221041
vLLM lora_only nu100,13970,0.268233
vLLM lora_only nu100,13980,0.324533
vLLM lora_only nu100,13990,0.178947
vLLM lora_only nu100,14000,0.276305
vLLM lora_only nu100,14010,0.232518
vLLM lora_only nu100,14020,0.243946
vLLM lora_only nu100,14030,0.252588
vLLM lora_only nu100,14040,0.272764
vLLM lora_only nu100,14050,0.218238
vLLM lora_only nu100,14060,0.283196
vLLM lora_only nu100,14070,0.225528
vLLM lora_only nu100,14080,0.302249
vLLM lora_only nu100,14090,0.34423
vLLM lora_only nu100,14100,0.259234
vLLM lora_only nu100,14110,0.22407
vLLM lora_only nu100,14120,0.258373
vLLM lora_only nu100,14130,0.205621
vLLM lora_only nu100,14140,0.272801
vLLM lora_only nu100,14150,0.282173
vLLM lora_only nu100,14160,0.211127
vLLM lora_only nu100,14170,0.286548
vLLM lora_only nu100,14180,0.2032
vLLM lora_only nu100,14190,0.225301
vLLM lora_only nu100,14200,0.215828
vLLM lora_only nu100,14210,0.430702
vLLM lora_only nu100,14220,0.357515
vLLM lora_only nu100,14230,0.380514
vLLM lora_only nu100,14240,0.397879
vLLM lora_only nu100,14250,0.384821
vLLM lora_only nu100,14260,0.458182
vLLM lora_only nu100,14270,0.452894
vLLM lora_only nu100,14280,0.492792
vLLM lora_only nu100,14290,0.520503
vLLM lora_only nu100,14300,0.305964
vLLM lora_only nu100,14310,0.23945
vLLM lora_only nu100,14320,0.197918
vLLM lora_only nu100,14330,0.240107
vLLM lora_only nu100,14340,0.249637
vLLM lora_only nu100,14350,0.242419
vLLM lora_only nu100,14360,0.249093
vLLM lora_only nu100,14370,0.271005
vLLM lora_only nu100,14380,0.18255
vLLM lora_only nu100,14390,0.274663
vLLM lora_only nu100,14400,0.289925
vLLM lora_only nu100,14410,0.258557
vLLM lora_only nu100,14420,0.220303
vLLM lora_only nu100,14430,0.220324
vLLM lora_only nu100,14440,0.195134
vLLM lora_only nu100,14450,0.250121
vLLM lora_only nu100,14460,0.26647
vLLM lora_only nu100,14470,0.253838
vLLM lora_only nu100,14480,0.230825
vLLM lora_only nu100,14490,0.196982
vLLM lora_only nu100,14500,0.231297
vLLM lora_only nu100,14510,0.266969
vLLM lora_only nu100,14520,0.263961
vLLM lora_only nu100,14530,0.292062
vLLM lora_only nu100,14540,0.259176
vLLM lora_only nu100,14550,0.246929
vLLM lora_only nu100,14560,0.279777
vLLM lora_only nu100,14570,0.273355
vLLM lora_only nu100,14580,0.231172
vLLM lora_only nu100,14590,0.294811
vLLM lora_only nu100,14600,0.274726
vLLM lora_only nu100,14610,0.240696
vLLM lora_only nu100,14620,0.302509
vLLM lora_only nu100,14630,0.219912
vLLM lora_only nu100,14640,0.272691
vLLM lora_only nu100,14650,0.214261
vLLM lora_only nu100,14660,0.263982
vLLM lora_only nu100,14670,0.241366
vLLM lora_only nu100,14680,0.224483
vLLM lora_only nu100,14690,0.186109
vLLM lora_only nu100,14700,0.263439
vLLM lora_only nu100,14710,0.268551
vLLM lora_only nu100,14720,0.249276
vLLM lora_only nu100,14730,0.211024
vLLM lora_only nu100,14740,0.26723
vLLM lora_only nu100,14750,0.173332
vLLM lora_only nu100,14760,0.277423
vLLM lora_only nu100,14770,0.302121
vLLM lora_only nu100,14780,0.232301
vLLM lora_only nu100,14790,0.258368
vLLM lora_only nu100,14800,0.21976
vLLM lora_only nu100,14810,0.18188
vLLM lora_only nu100,14820,0.257647
vLLM lora_only nu100,14830,0.312979
vLLM lora_only nu100,14840,0.217902
vLLM lora_only nu100,14850,0.264756
vLLM lora_only nu100,14860,0.240197
vLLM lora_only nu100,14870,0.241213
vLLM lora_only nu100,14880,0.271511
vLLM lora_only nu100,14890,0.292305
vLLM lora_only nu100,14900,0.269492
vLLM lora_only nu100,14910,0.339152
vLLM lora_only nu100,14920,0.270116
vLLM lora_only nu100,14930,0.249461
vLLM lora_only nu100,14940,0.222335
vLLM lora_only nu100,14950,0.309002
vLLM lora_only nu100,14960,0.287469
vLLM lora_only nu100,14970,0.309047
vLLM lora_only nu100,14980,0.276242
vLLM lora_only nu100,14990,0.259195
vLLM lora_only nu100,15000,0.205039
vLLM lora_only nu100,15010,0.232619
vLLM lora_only nu100,15020,0.241133
vLLM lora_only nu100,15030,0.206315
vLLM lora_only nu100,15040,0.251032
vLLM lora_only nu100,15050,0.226765
vLLM lora_only nu100,15060,0.189094
vLLM lora_only nu100,15070,0.248993
vLLM lora_only nu100,15080,0.248372
vLLM lora_only nu100,15090,0.187473
vLLM lora_only nu100,15100,0.23218
vLLM lora_only nu100,15110,0.190627
vLLM lora_only nu100,15120,0.186215
vLLM lora_only nu100,15130,0.18864
vLLM lora_only nu100,15140,0.285094
vLLM lora_only nu100,15150,0.240849
vLLM lora_only nu100,15160,0.23125
vLLM lora_only nu100,15170,0.212287
vLLM lora_only nu100,15180,0.236765
vLLM lora_only nu100,15190,0.220071
vLLM lora_only nu100,15200,0.245329
vLLM lora_only nu100,15210,0.27928
vLLM lora_only nu100,15220,0.264098
vLLM lora_only nu100,15230,0.183353
vLLM lora_only nu100,15240,0.227882
vLLM lora_only nu100,15250,0.179999
vLLM lora_only nu100,15260,0.205003
vLLM lora_only nu100,15270,0.290056
vLLM lora_only nu100,15280,0.280498
vLLM lora_only nu100,15290,0.272618
vLLM lora_only nu100,15300,0.206113
vLLM lora_only nu100,15310,0.159538
vLLM lora_only nu100,15320,0.242373
vLLM lora_only nu100,15330,0.258358
vLLM lora_only nu100,15340,0.25661
vLLM lora_only nu100,15350,0.202302
vLLM lora_only nu100,15360,0.230083
vLLM lora_only nu100,15370,0.17764
vLLM lora_only nu100,15380,0.297406
vLLM lora_only nu100,15390,0.24572
vLLM lora_only nu100,15400,0.226696
vLLM lora_only nu100,15410,0.260314
vLLM lora_only nu100,15420,0.230471
vLLM lora_only nu100,15430,0.24997
vLLM lora_only nu100,15440,0.262054
vLLM lora_only nu100,15450,0.324831
vLLM lora_only nu100,15460,0.255416
vLLM lora_only nu100,15470,0.253305
vLLM lora_only nu100,15480,0.21851
vLLM lora_only nu100,15490,0.210797
vLLM lora_only nu100,15500,0.273222
vLLM lora_only nu100,15510,0.230292
vLLM lora_only nu100,15520,0.282436
vLLM lora_only nu100,15530,0.25773
vLLM lora_only nu100,15540,0.150098
vLLM lora_only nu100,15550,0.193909
vLLM lora_only nu100,15560,0.17827
vLLM lora_only nu100,15570,0.217076
vLLM lora_only nu100,15580,0.2459
vLLM lora_only nu100,15590,0.266256
vLLM lora_only nu100,15600,0.197819
vLLM lora_only nu100,15610,0.269673
vLLM lora_only nu100,15620,0.173866
vLLM lora_only nu100,15630,0.226096
vLLM lora_only nu100,15640,0.26208
vLLM lora_only nu100,15650,0.240307
vLLM lora_only nu100,15660,0.236866
vLLM lora_only nu100,15670,0.221984
vLLM lora_only nu100,15680,0.166443
vLLM lora_only nu100,15690,0.257611
vLLM lora_only nu100,15700,0.288738
vLLM lora_only nu100,15710,0.228679
vLLM lora_only nu100,15720,0.319095
vLLM lora_only nu100,15730,0.218255
vLLM lora_only nu100,15740,0.239621
vLLM lora_only nu100,15750,0.225127
vLLM lora_only nu100,15760,0.342537
vLLM lora_only nu100,15770,0.212422
vLLM lora_only nu100,15780,0.255561
vLLM lora_only nu100,15790,0.249559
vLLM lora_only nu100,15800,0.208493
vLLM lora_only nu100,15810,0.18809
vLLM lora_only nu100,15820,0.249927
vLLM lora_only nu100,15830,0.269615
vLLM lora_only nu100,15840,0.249102
vLLM lora_only nu100,15850,0.183402
vLLM lora_only nu100,15860,0.20697
vLLM lora_only nu100,15870,0.15595
vLLM lora_only nu100,15880,0.266274
vLLM lora_only nu100,15890,0.249979
vLLM lora_only nu100,15900,0.252563
vLLM lora_only nu100,15910,0.21096
vLLM lora_only nu100,15920,0.235969
vLLM lora_only nu100,15930,0.173618
vLLM lora_only nu100,15940,0.293678
vLLM lora_only nu100,15950,0.272782
vLLM lora_only nu100,15960,0.276145
vLLM lora_only nu100,15970,0.232113
vLLM lora_only nu100,15980,0.265434
vLLM lora_only nu100,15990,0.14602
vLLM lora_only nu100,16000,0.241865
vLLM lora_only nu100,16010,0.234508
vLLM lora_only nu100,16020,0.214978
vLLM lora_only nu100,16030,0.279671
vLLM lora_only nu100,16040,0.193227
vLLM lora_only nu100,16050,0.213574
vLLM lora_only nu100,16060,0.244785
vLLM lora_only nu100,16070,0.297094
vLLM lora_only nu100,16080,0.248133
vLLM lora_only nu100,16090,0.23317
vLLM lora_only nu100,16100,0.194179
vLLM lora_only nu100,16110,0.229023
vLLM lora_only nu100,16120,0.219344
vLLM lora_only nu100,16130,0.263266
vLLM lora_only nu100,16140,0.262099
vLLM lora_only nu100,16150,0.273775
vLLM lora_only nu100,16160,0.169308
vLLM lora_only nu100,16170,0.200614
vLLM lora_only nu100,16180,0.183121
vLLM lora_only nu100,16190,0.226343
vLLM lora_only nu100,16200,0.236987
vLLM lora_only nu100,16210,0.316255
vLLM lora_only nu100,16220,0.234863
vLLM lora_only nu100,16230,0.296338
vLLM lora_only nu100,16240,0.255384
vLLM lora_only nu100,16250,0.316424
vLLM lora_only nu100,16260,0.329301
vLLM lora_only nu100,16270,0.283958
vLLM lora_only nu100,16280,0.328275
vLLM lora_only nu100,16290,0.234022
vLLM lora_only nu100,16300,0.288728
vLLM lora_only nu100,16310,0.266916
vLLM lora_only nu100,16320,0.230151
vLLM lora_only nu100,16330,0.246422
vLLM lora_only nu100,16340,0.281128
vLLM lora_only nu100,16350,0.227921
vLLM lora_only nu100,16360,0.199766
vLLM lora_only nu100,16370,0.205611
vLLM lora_only nu100,16380,0.29418
vLLM lora_only nu100,16390,0.237426
vLLM lora_only nu100,16400,0.267084
vLLM lora_only nu100,16410,0.197466
vLLM lora_only nu100,16420,0.226818
vLLM lora_only nu100,16430,0.18787
vLLM lora_only nu100,16440,0.233278
vLLM lora_only nu100,16450,0.279755
vLLM lora_only nu100,16460,0.228496
vLLM lora_only nu100,16470,0.192653
vLLM lora_only nu100,16480,0.232264
vLLM lora_only nu100,16490,0.210356
vLLM lora_only nu100,16500,0.23752
vLLM lora_only nu100,16510,0.222627
vLLM lora_only nu100,16520,0.245354
vLLM lora_only nu100,16530,0.212428
vLLM lora_only nu100,16540,0.215295
vLLM lora_only nu100,16550,0.168982
vLLM lora_only nu100,16560,0.227082
vLLM lora_only nu100,16570,0.284833
vLLM lora_only nu100,16580,0.252554
vLLM lora_only nu100,16590,0.245629
vLLM lora_only nu100,16600,0.240165
vLLM lora_only nu100,16610,0.170441
vLLM lora_only nu100,16620,0.303333
vLLM lora_only nu100,16630,0.280187
vLLM lora_only nu100,16640,0.216527
vLLM lora_only nu100,16650,0.274179
vLLM lora_only nu100,16660,0.278109
vLLM lora_only nu100,16670,0.186952
vLLM lora_only nu100,16680,0.21171
vLLM lora_only nu100,16690,0.34015
vLLM lora_only nu100,16700,0.212168
vLLM lora_only nu100,16710,0.25829
vLLM lora_only nu100,16720,0.19912
vLLM lora_only nu100,16730,0.228513
vLLM lora_only nu100,16740,0.200475
vLLM lora_only nu100,16750,0.242955
vLLM lora_only nu100,16760,0.266155
vLLM lora_only nu100,16770,0.258016
vLLM lora_only nu100,16780,0.194439
vLLM lora_only nu100,16790,0.224465
vLLM lora_only nu100,16800,0.157282
vLLM lora_only nu100,16810,0.238851
vLLM lora_only nu100,16820,0.255465
vLLM lora_only nu100,16830,0.254753
vLLM lora_only nu100,16840,0.200576
vLLM lora_only nu100,16850,0.205422
vLLM lora_only nu100,16860,0.161573
vLLM lora_only nu100,16870,0.254381
vLLM lora_only nu100,16880,0.21383
vLLM lora_only nu100,16890,0.247
vLLM lora_only nu100,16900,0.239451
vLLM lora_only nu100,16910,0.196568
vLLM lora_only nu100,16920,0.156206
vLLM lora_only nu100,16930,0.229694
vLLM lora_only nu100,16940,0.238417
vLLM lora_only nu100,16950,0.21285
vLLM lora_only nu100,16960,0.246779
vLLM lora_only nu100,16970,0.167911
vLLM lora_only nu100,16980,0.1875
vLLM lora_only nu100,16990,0.197614
vLLM lora_only nu100,17000,0.273287
vLLM lora_only nu100,17010,0.224716
vLLM lora_only nu100,17020,0.23281
vLLM lora_only nu100,17030,0.189863
vLLM lora_only nu100,17040,0.225446
vLLM lora_only nu100,17050,0.17995
vLLM lora_only nu100,17060,0.218398
vLLM lora_only nu100,17070,0.259933
vLLM lora_only nu100,17080,0.32681
vLLM lora_only nu100,17090,0.180971
vLLM lora_only nu100,17100,0.192153
vLLM lora_only nu100,17110,0.338683
vLLM lora_only nu100,17120,0.290002
vLLM lora_only nu100,17130,0.353326
vLLM lora_only nu100,17140,0.348219
vLLM lora_only nu100,17150,0.380574
vLLM lora_only nu100,17160,0.295569
vLLM lora_only nu100,17170,0.331016
vLLM lora_only nu100,17180,0.355226
vLLM lora_only nu100,17190,0.38558
vLLM lora_only nu100,17200,0.269866
vLLM lora_only nu100,17210,0.254921
vLLM lora_only nu100,17220,0.21791
vLLM lora_only nu100,17230,0.164488
vLLM lora_only nu100,17240,0.261267
vLLM lora_only nu100,17250,0.277434
vLLM lora_only nu100,17260,0.20935
vLLM lora_only nu100,17270,0.260206
vLLM lora_only nu100,17280,0.199708
vLLM lora_only nu100,17290,0.221093
vLLM lora_only nu100,17300,0.196253
vLLM lora_only nu100,17310,0.243949
vLLM lora_only nu100,17320,0.211336
vLLM lora_only nu100,17330,0.207273
vLLM lora_only nu100,17340,0.22486
vLLM lora_only nu100,17350,0.239701
vLLM lora_only nu100,17360,0.1908
vLLM lora_only nu100,17370,0.212003
vLLM lora_only nu100,17380,0.268487
vLLM lora_only nu100,17390,0.243458
vLLM lora_only nu100,17400,0.172987
vLLM lora_only nu100,17410,0.245822
vLLM lora_only nu100,17420,0.22668
vLLM lora_only nu100,17430,0.295589
vLLM lora_only nu100,17440,0.252198
vLLM lora_only nu100,17450,0.274414
vLLM lora_only nu100,17460,0.264433
vLLM lora_only nu100,17470,0.317621
vLLM lora_only nu100,17480,0.239266
vLLM lora_only nu100,17490,0.348108
vLLM lora_only nu100,17500,0.247229
vLLM lora_only nu100,17510,0.2257
vLLM lora_only nu100,17520,0.220701
vLLM lora_only nu100,17530,0.214384
vLLM lora_only nu100,17540,0.174925
vLLM lora_only nu100,17550,0.261228
vLLM lora_only nu100,17560,0.262873
vLLM lora_only nu100,17570,0.250587
vLLM lora_only nu100,17580,0.311607
vLLM lora_only nu100,17590,0.225885
vLLM lora_only nu100,17600,0.201871
vLLM lora_only nu100,17610,0.249026
vLLM lora_only nu100,17620,0.352448
vLLM lora_only nu100,17630,0.250058
vLLM lora_only nu100,17640,0.352092
vLLM lora_only nu100,17650,0.224681
vLLM lora_only nu100,17660,0.264538
vLLM lora_only nu100,17670,0.304583
vLLM lora_only nu100,17680,0.251732
vLLM lora_only nu100,17690,0.223515
vLLM lora_only nu100,17700,0.340124
vLLM lora_only nu100,17710,0.173228
vLLM lora_only nu100,17720,0.230799
vLLM lora_only nu100,17730,0.165488
vLLM lora_only nu100,17740,0.285839
vLLM lora_only nu100,17750,0.21325
vLLM lora_only nu100,17760,0.227925
vLLM lora_only nu100,17770,0.213294
vLLM lora_only nu100,17780,0.241728
vLLM lora_only nu100,17790,0.228208
vLLM lora_only nu100,17800,0.257836
vLLM lora_only nu100,17810,0.244794
vLLM lora_only nu100,17820,0.2734
vLLM lora_only nu100,17830,0.225778
vLLM lora_only nu100,17840,0.21731
vLLM lora_only nu100,17850,0.175008
vLLM lora_only nu100,17860,0.223892
vLLM lora_only nu100,17870,0.235308
vLLM lora_only nu100,17880,0.205764
vLLM lora_only nu100,17890,0.226373
vLLM lora_only nu100,17900,0.183424
vLLM lora_only nu100,17910,0.226946
vLLM lora_only nu100,17920,0.20376
vLLM lora_only nu100,17930,0.251419
vLLM lora_only nu100,17940,0.278894
vLLM lora_only nu100,17950,0.25847
vLLM lora_only nu100,17960,0.235167
vLLM lora_only nu100,17970,0.21287
vLLM lora_only nu100,17980,0.16614
vLLM lora_only nu100,17990,0.230683
vLLM lora_only nu100,18000,0.297213
vLLM lora_only nu100,18010,0.255524
vLLM lora_only nu100,18020,0.155629
vLLM lora_only nu100,18030,0.250621
vLLM lora_only nu100,18040,0.177808
vLLM lora_only nu100,18050,0.202911
vLLM lora_only nu100,18060,0.286505
vLLM lora_only nu100,18070,0.221732
vLLM lora_only nu100,18080,0.246387
vLLM lora_only nu100,18090,0.216799
vLLM lora_only nu100,18100,0.186713
vLLM lora_only nu100,18110,0.224073
vLLM lora_only nu100,18120,0.291819
vLLM lora_only nu100,18130,0.218876
vLLM lora_only nu100,18140,0.222764
vLLM lora_only nu100,18150,0.211468
vLLM lora_only nu100,18160,0.195531
vLLM lora_only nu100,18170,0.296962
vLLM lora_only nu100,18180,0.247197
vLLM lora_only nu100,18190,0.22739
vLLM lora_only nu100,18200,0.270448
vLLM lora_only nu100,18210,0.197678
vLLM lora_only nu100,18220,0.229151
vLLM lora_only nu100,18230,0.248411
vLLM lora_only nu100,18240,0.257282
vLLM lora_only nu100,18250,0.244078
vLLM lora_only nu100,18260,0.259468
vLLM lora_only nu100,18270,0.215142
vLLM lora_only nu100,18280,0.196291
vLLM lora_only nu100,18290,0.217587
vLLM lora_only nu100,18300,0.226746
vLLM lora_only nu100,18310,0.233277
vLLM lora_only nu100,18320,0.298882
vLLM lora_only nu100,18330,0.186465
vLLM lora_only nu100,18340,0.220695
vLLM lora_only nu100,18350,0.187788
vLLM lora_only nu100,18360,0.224132
vLLM lora_only nu100,18370,0.176247
vLLM lora_only nu100,18380,0.265871
vLLM lora_only nu100,18390,0.252408
vLLM lora_only nu100,18400,0.193982
vLLM lora_only nu100,18410,0.217129
vLLM lora_only nu100,18420,0.245095
vLLM lora_only nu100,18430,0.265756
vLLM lora_only nu100,18440,0.221255
vLLM lora_only nu100,18450,0.228963
vLLM lora_only nu100,18460,0.245849
vLLM lora_only nu100,18470,0.149131
vLLM lora_only nu100,18480,0.279827
vLLM lora_only nu100,18490,0.280703
vLLM lora_only nu100,18500,0.226574
vLLM lora_only nu100,18510,0.245109
vLLM lora_only nu100,18520,0.220983
vLLM lora_only nu100,18530,0.201204
vLLM lora_only nu100,18540,0.206267
vLLM lora_only nu100,18550,0.261642
vLLM lora_only nu100,18560,0.236547
vLLM lora_only nu100,18570,0.327143
vLLM lora_only nu100,18580,0.220753
vLLM lora_only nu100,18590,0.19116
vLLM lora_only nu100,18600,0.256075
vLLM lora_only nu100,18610,0.201051
vLLM lora_only nu100,18620,0.250361
vLLM lora_only nu100,18630,0.24866
vLLM lora_only nu100,18640,0.158955
vLLM lora_only nu100,18650,0.239682
vLLM lora_only nu100,18660,0.178643
vLLM lora_only nu100,18670,0.211278
vLLM lora_only nu100,18680,0.256828
vLLM lora_only nu100,18690,0.246618
vLLM lora_only nu100,18700,0.228741
vLLM lora_only nu100,18710,0.24022
vLLM lora_only nu100,18720,0.160118
vLLM lora_only nu100,18730,0.221378
vLLM lora_only nu100,18740,0.273983
vLLM lora_only nu100,18750,0.206477
vLLM lora_only nu100,18760,0.176934
vLLM lora_only nu100,18770,0.220699
vLLM lora_only nu100,18780,0.173573
vLLM lora_only nu100,18790,0.216968
vLLM lora_only nu100,18800,0.257377
vLLM lora_only nu100,18810,0.210107
vLLM lora_only nu100,18820,0.217544
vLLM lora_only nu100,18830,0.174634
vLLM lora_only nu100,18840,0.192191
vLLM lora_only nu100,18850,0.196014
vLLM lora_only nu100,18860,0.253136
vLLM lora_only nu100,18870,0.213542
vLLM lora_only nu100,18880,0.238522
vLLM lora_only nu100,18890,0.171042
vLLM lora_only nu100,18900,0.204455
vLLM lora_only nu100,18910,0.217946
vLLM lora_only nu100,18920,0.226169
vLLM lora_only nu100,18930,0.244333
vLLM lora_only nu100,18940,0.375837
vLLM lora_only nu100,18950,0.186608
vLLM lora_only nu100,18960,0.240922
vLLM lora_only nu100,18970,0.206836
vLLM lora_only nu100,18980,0.195101
vLLM lora_only nu100,18990,0.25223
vLLM lora_only nu100,19000,0.265537
vLLM lora_only nu100,19010,0.21478
vLLM lora_only nu100,19020,0.183727
vLLM lora_only nu100,19030,0.181923
vLLM lora_only nu100,19040,0.244983
vLLM lora_only nu100,19050,0.233682
vLLM lora_only nu100,19060,0.242301
vLLM lora_only nu100,19070,0.25189
vLLM lora_only nu100,19080,0.251027
vLLM lora_only nu100,19090,0.180215
vLLM lora_only nu100,19100,0.229818
vLLM lora_only nu100,19110,0.295191
vLLM lora_only nu100,19120,0.214866
vLLM lora_only nu100,19130,0.32312
vLLM lora_only nu100,19140,0.266239
vLLM lora_only nu100,19150,0.259619
vLLM lora_only nu100,19160,0.246659
vLLM lora_only nu100,19170,0.286781
vLLM lora_only nu100,19180,0.246688
vLLM lora_only nu100,19190,0.269126
vLLM lora_only nu100,19200,0.22178
vLLM lora_only nu100,19210,0.248133
vLLM lora_only nu100,19220,0.218879
vLLM lora_only nu100,19230,0.239367
vLLM lora_only nu100,19240,0.256348
vLLM lora_only nu100,19250,0.296128
vLLM lora_only nu100,19260,0.205433
vLLM lora_only nu100,19270,0.253023
vLLM lora_only nu100,19280,0.182429
vLLM lora_only nu100,19290,0.210477
vLLM lora_only nu100,19300,0.290514
vLLM lora_only nu100,19310,0.235751
vLLM lora_only nu100,19320,0.210144
vLLM lora_only nu100,19330,0.226369
vLLM lora_only nu100,19340,0.14856
vLLM lora_only nu100,19350,0.25583
vLLM lora_only nu100,19360,0.212232
vLLM lora_only nu100,19370,0.248414
vLLM lora_only nu100,19380,0.218812
vLLM lora_only nu100,19390,0.204949
vLLM lora_only nu100,19400,0.159837
vLLM lora_only nu100,19410,0.243987
vLLM lora_only nu100,19420,0.255812
vLLM lora_only nu100,19430,0.228372
vLLM lora_only nu100,19440,0.227135
vLLM lora_only nu100,19450,0.170172
vLLM lora_only nu100,19460,0.202797
vLLM lora_only nu100,19470,0.157552
vLLM lora_only nu100,19480,0.258022
vLLM lora_only nu100,19490,0.202922
vLLM lora_only nu100,19500,0.252621
vLLM lora_only nu100,19510,0.229622
vLLM lora_only nu100,19520,0.247008
vLLM lora_only nu100,19530,0.20577
vLLM lora_only nu100,19540,0.239687
vLLM lora_only nu100,19550,0.322518
vLLM lora_only nu100,19560,0.327475
vLLM lora_only nu100,19570,0.23407
vLLM lora_only nu100,19580,0.238728
vLLM lora_only nu100,19590,0.163119
vLLM lora_only nu100,19600,0.326015
vLLM lora_only nu100,19610,0.263256
vLLM lora_only nu100,19620,0.284522
vLLM lora_only nu100,19630,0.228118
vLLM lora_only nu100,19640,0.204456
vLLM lora_only nu100,19650,0.142493
vLLM lora_only nu100,19660,0.254472
vLLM lora_only nu100,19670,0.229738
vLLM lora_only nu100,19680,0.203817
vLLM lora_only nu100,19690,0.254497
vLLM lora_only nu100,19700,0.232482
vLLM lora_only nu100,19710,0.187942
vLLM lora_only nu100,19720,0.249042
vLLM lora_only nu100,19730,0.213308
vLLM lora_only nu100,19740,0.177161
vLLM lora_only nu100,19750,0.235414
vLLM lora_only nu100,19760,0.186014
vLLM lora_only nu100,19770,0.191721
vLLM lora_only nu100,19780,0.205594
vLLM lora_only nu100,19790,0.261053
vLLM lora_only nu100,19800,0.20348
vLLM lora_only nu100,19810,0.271897
vLLM lora_only nu100,19820,0.243464
vLLM lora_only nu100,19830,0.198768
vLLM lora_only nu100,19840,0.256291
vLLM lora_only nu100,19850,0.238111
vLLM lora_only nu100,19860,0.279676
vLLM lora_only nu100,19870,0.228364
vLLM lora_only nu100,19880,0.202739
vLLM lora_only nu100,19890,0.239451
vLLM lora_only nu100,19900,0.197431
vLLM lora_only nu100,19910,0.25107
vLLM lora_only nu100,19920,0.269196
vLLM lora_only nu100,19930,0.247027
vLLM lora_only nu100,19940,0.22108
vLLM lora_only nu100,19950,0.168226
vLLM lora_only nu100,19960,0.191352
vLLM lora_only nu100,19970,0.218986
vLLM lora_only nu100,19980,0.207384
vLLM lora_only nu100,19990,0.25017
vLLM lora_only nu100,20000,0.205544
