series,estimated_min,step,probe_loss,mean_step_s
LOZO full nu50,0.134675,10,0.9181,0.80805
LOZO full nu50,0.269350,20,0.9251,0.80805
LOZO full nu50,0.404025,30,0.976,0.80805
LOZO full nu50,0.538700,40,0.9034,0.80805
LOZO full nu50,0.673375,50,0.946,0.80805
LOZO full nu50,0.808050,60,0.7381,0.80805
LOZO full nu50,0.942725,70,0.9089,0.80805
LOZO full nu50,1.077400,80,0.7924,0.80805
LOZO full nu50,1.212075,90,0.778,0.80805
LOZO full nu50,1.346750,100,0.8423,0.80805
LOZO full nu50,1.481425,110,0.825,0.80805
LOZO full nu50,1.616100,120,0.9143,0.80805
LOZO full nu50,1.750775,130,0.7368,0.80805
LOZO full nu50,1.885450,140,0.9197,0.80805
LOZO full nu50,2.020125,150,0.8109,0.80805
LOZO full nu50,2.154800,160,0.6749,0.80805
LOZO full nu50,2.289475,170,0.8795,0.80805
LOZO full nu50,2.424150,180,0.7965,0.80805
LOZO full nu50,2.558825,190,0.8277,0.80805
LOZO full nu50,2.693500,200,0.9245,0.80805
LOZO full nu50,2.828175,210,0.7346,0.80805
LOZO full nu50,2.962850,220,0.6849,0.80805
LOZO full nu50,3.097525,230,0.842,0.80805
LOZO full nu50,3.232200,240,0.9149,0.80805
LOZO full nu50,3.366875,250,0.7316,0.80805
LOZO full nu50,3.501550,260,0.8792,0.80805
LOZO full nu50,3.636225,270,0.8659,0.80805
LOZO full nu50,3.770900,280,0.7482,0.80805
LOZO full nu50,3.905575,290,0.8342,0.80805
LOZO full nu50,4.040250,300,0.6355,0.80805
LOZO full nu50,4.174925,310,0.7834,0.80805
LOZO full nu50,4.309600,320,0.6725,0.80805
LOZO full nu50,4.444275,330,0.6643,0.80805
LOZO full nu50,4.578950,340,0.7301,0.80805
LOZO full nu50,4.713625,350,0.8418,0.80805
LOZO full nu50,4.848300,360,0.7723,0.80805
LOZO full nu50,4.982975,370,0.7472,0.80805
LOZO full nu50,5.117650,380,0.7403,0.80805
LOZO full nu50,5.252325,390,0.7408,0.80805
LOZO full nu50,5.387000,400,0.6507,0.80805
LOZO full nu50,5.521675,410,0.8208,0.80805
LOZO full nu50,5.656350,420,0.6818,0.80805
LOZO full nu50,5.791025,430,0.6677,0.80805
LOZO full nu50,5.925700,440,0.6641,0.80805
LOZO full nu50,6.060375,450,0.6574,0.80805
LOZO full nu50,6.195050,460,0.8082,0.80805
LOZO full nu50,6.329725,470,0.7374,0.80805
LOZO full nu50,6.464400,480,0.742,0.80805
LOZO full nu50,6.599075,490,0.7999,0.80805
LOZO full nu50,6.733750,500,0.6662,0.80805
LOZO full nu50,6.868425,510,0.6137,0.80805
LOZO full nu50,7.003100,520,0.7429,0.80805
LOZO full nu50,7.137775,530,0.7179,0.80805
LOZO full nu50,7.272450,540,0.6136,0.80805
LOZO full nu50,7.407125,550,0.6793,0.80805
LOZO full nu50,7.541800,560,0.6502,0.80805
LOZO full nu50,7.676475,570,0.5838,0.80805
LOZO full nu50,7.811150,580,0.6287,0.80805
LOZO full nu50,7.945825,590,0.5585,0.80805
LOZO full nu50,8.080500,600,0.6581,0.80805
LOZO full nu50,8.215175,610,0.6455,0.80805
LOZO full nu50,8.349850,620,0.6582,0.80805
LOZO full nu50,8.484525,630,0.7132,0.80805
LOZO full nu50,8.619200,640,0.6014,0.80805
LOZO full nu50,8.753875,650,0.5975,0.80805
LOZO full nu50,8.888550,660,0.7898,0.80805
LOZO full nu50,9.023225,670,0.7085,0.80805
LOZO full nu50,9.157900,680,0.6173,0.80805
LOZO full nu50,9.292575,690,0.5694,0.80805
LOZO full nu50,9.427250,700,0.7082,0.80805
LOZO full nu50,9.561925,710,0.612,0.80805
LOZO full nu50,9.696600,720,0.5468,0.80805
LOZO full nu50,9.831275,730,0.6468,0.80805
LOZO full nu50,9.965950,740,0.6062,0.80805
LOZO full nu50,10.100625,750,0.7709,0.80805
LOZO full nu50,10.235300,760,0.6172,0.80805
LOZO full nu50,10.369975,770,0.5791,0.80805
LOZO full nu50,10.504650,780,0.629,0.80805
LOZO full nu50,10.639325,790,0.6782,0.80805
LOZO full nu50,10.774000,800,0.6053,0.80805
LOZO full nu50,10.908675,810,0.6531,0.80805
LOZO full nu50,11.043350,820,0.646,0.80805
LOZO full nu50,11.178025,830,0.5868,0.80805
LOZO full nu50,11.312700,840,0.6389,0.80805
LOZO full nu50,11.447375,850,0.5892,0.80805
LOZO full nu50,11.582050,860,0.5833,0.80805
LOZO full nu50,11.716725,870,0.6135,0.80805
LOZO full nu50,11.851400,880,0.6663,0.80805
LOZO full nu50,11.986075,890,0.624,0.80805
LOZO full nu50,12.120750,900,0.7264,0.80805
LOZO full nu50,12.255425,910,0.6218,0.80805
LOZO full nu50,12.390100,920,0.568,0.80805
LOZO full nu50,12.524775,930,0.6096,0.80805
LOZO full nu50,12.659450,940,0.507,0.80805
LOZO full nu50,12.794125,950,0.6574,0.80805
LOZO full nu50,12.928800,960,0.618,0.80805
LOZO full nu50,13.063475,970,0.6988,0.80805
LOZO full nu50,13.198150,980,0.5826,0.80805
LOZO full nu50,13.332825,990,0.5078,0.80805
LOZO full nu50,13.467500,1000,0.545,0.80805
LOZO full nu50,13.602175,1010,0.5768,0.80805
LOZO full nu50,13.736850,1020,0.6232,0.80805
LOZO full nu50,13.871525,1030,0.6247,0.80805
LOZO full nu50,14.006200,1040,0.5612,0.80805
LOZO full nu50,14.140875,1050,0.4974,0.80805
LOZO full nu50,14.275550,1060,0.6065,0.80805
LOZO full nu50,14.410225,1070,0.568,0.80805
LOZO full nu50,14.544900,1080,0.5351,0.80805
LOZO full nu50,14.679575,1090,0.567,0.80805
LOZO full nu50,14.814250,1100,0.5507,0.80805
LOZO full nu50,14.948925,1110,0.6209,0.80805
LOZO full nu50,15.083600,1120,0.5947,0.80805
LOZO full nu50,15.218275,1130,0.612,0.80805
LOZO full nu50,15.352950,1140,0.5708,0.80805
LOZO full nu50,15.487625,1150,0.4598,0.80805
LOZO full nu50,15.622300,1160,0.5932,0.80805
LOZO full nu50,15.756975,1170,0.6373,0.80805
LOZO full nu50,15.891650,1180,0.6812,0.80805
LOZO full nu50,16.026325,1190,0.5616,0.80805
LOZO full nu50,16.161000,1200,0.6931,0.80805
LOZO full nu50,16.295675,1210,0.57,0.80805
LOZO full nu50,16.430350,1220,0.5054,0.80805
LOZO full nu50,16.565025,1230,0.6115,0.80805
LOZO full nu50,16.699700,1240,0.4327,0.80805
LOZO full nu50,16.834375,1250,0.5976,0.80805
LOZO full nu50,16.969050,1260,0.4636,0.80805
LOZO full nu50,17.103725,1270,0.5386,0.80805
LOZO full nu50,17.238400,1280,0.5211,0.80805
LOZO full nu50,17.373075,1290,0.4806,0.80805
LOZO full nu50,17.507750,1300,0.5143,0.80805
LOZO full nu50,17.642425,1310,0.5842,0.80805
LOZO full nu50,17.777100,1320,0.519,0.80805
LOZO full nu50,17.911775,1330,0.5792,0.80805
LOZO full nu50,18.046450,1340,0.5228,0.80805
LOZO full nu50,18.181125,1350,0.5162,0.80805
LOZO full nu50,18.315800,1360,0.4959,0.80805
LOZO full nu50,18.450475,1370,0.5712,0.80805
LOZO full nu50,18.585150,1380,0.6838,0.80805
LOZO full nu50,18.719825,1390,0.5264,0.80805
LOZO full nu50,18.854500,1400,0.5512,0.80805
LOZO full nu50,18.989175,1410,0.5593,0.80805
LOZO full nu50,19.123850,1420,0.5505,0.80805
LOZO full nu50,19.258525,1430,0.577,0.80805
LOZO full nu50,19.393200,1440,0.5489,0.80805
LOZO full nu50,19.527875,1450,0.5161,0.80805
LOZO full nu50,19.662550,1460,0.4916,0.80805
LOZO full nu50,19.797225,1470,0.602,0.80805
LOZO full nu50,19.931900,1480,0.6137,0.80805
LOZO full nu50,20.066575,1490,0.5338,0.80805
LOZO full nu50,20.201250,1500,0.592,0.80805
LOZO full nu50,20.335925,1510,0.5002,0.80805
LOZO full nu50,20.470600,1520,0.4922,0.80805
LOZO full nu50,20.605275,1530,0.6119,0.80805
LOZO full nu50,20.739950,1540,0.4624,0.80805
LOZO full nu50,20.874625,1550,0.5548,0.80805
LOZO full nu50,21.009300,1560,0.5388,0.80805
LOZO full nu50,21.143975,1570,0.5537,0.80805
LOZO full nu50,21.278650,1580,0.5328,0.80805
LOZO full nu50,21.413325,1590,0.5074,0.80805
LOZO full nu50,21.548000,1600,0.5639,0.80805
LOZO full nu50,21.682675,1610,0.588,0.80805
LOZO full nu50,21.817350,1620,0.5605,0.80805
LOZO full nu50,21.952025,1630,0.4797,0.80805
LOZO full nu50,22.086700,1640,0.5086,0.80805
LOZO full nu50,22.221375,1650,0.5695,0.80805
LOZO full nu50,22.356050,1660,0.5211,0.80805
LOZO full nu50,22.490725,1670,0.5019,0.80805
LOZO full nu50,22.625400,1680,0.5115,0.80805
LOZO full nu50,22.760075,1690,0.5646,0.80805
LOZO full nu50,22.894750,1700,0.5111,0.80805
LOZO full nu50,23.029425,1710,0.4709,0.80805
LOZO full nu50,23.164100,1720,0.5351,0.80805
LOZO full nu50,23.298775,1730,0.5704,0.80805
LOZO full nu50,23.433450,1740,0.5156,0.80805
LOZO full nu50,23.568125,1750,0.5354,0.80805
LOZO full nu50,23.702800,1760,0.5528,0.80805
LOZO full nu50,23.837475,1770,0.534,0.80805
LOZO full nu50,23.972150,1780,0.5218,0.80805
LOZO full nu50,24.106825,1790,0.5697,0.80805
LOZO full nu50,24.241500,1800,0.5671,0.80805
LOZO full nu50,24.376175,1810,0.4999,0.80805
LOZO full nu50,24.510850,1820,0.6276,0.80805
LOZO full nu50,24.645525,1830,0.4916,0.80805
LOZO full nu50,24.780200,1840,0.5074,0.80805
LOZO full nu50,24.914875,1850,0.4836,0.80805
LOZO full nu50,25.049550,1860,0.5069,0.80805
LOZO full nu50,25.184225,1870,0.4974,0.80805
LOZO full nu50,25.318900,1880,0.4665,0.80805
LOZO full nu50,25.453575,1890,0.5205,0.80805
LOZO full nu50,25.588250,1900,0.5538,0.80805
LOZO full nu50,25.722925,1910,0.5011,0.80805
LOZO full nu50,25.857600,1920,0.4771,0.80805
LOZO full nu50,25.992275,1930,0.5441,0.80805
LOZO full nu50,26.126950,1940,0.4725,0.80805
LOZO full nu50,26.261625,1950,0.4847,0.80805
LOZO full nu50,26.396300,1960,0.4911,0.80805
LOZO full nu50,26.530975,1970,0.5216,0.80805
LOZO full nu50,26.665650,1980,0.5292,0.80805
LOZO full nu50,26.800325,1990,0.4518,0.80805
LOZO full nu50,26.935000,2000,0.4995,0.80805
LOZO full nu50,27.069675,2010,0.5185,0.80805
LOZO full nu50,27.204350,2020,0.4346,0.80805
LOZO full nu50,27.339025,2030,0.5073,0.80805
LOZO full nu50,27.473700,2040,0.4906,0.80805
LOZO full nu50,27.608375,2050,0.5583,0.80805
LOZO full nu50,27.743050,2060,0.4781,0.80805
LOZO full nu50,27.877725,2070,0.5312,0.80805
LOZO full nu50,28.012400,2080,0.5137,0.80805
LOZO full nu50,28.147075,2090,0.4839,0.80805
LOZO full nu50,28.281750,2100,0.5344,0.80805
LOZO full nu50,28.416425,2110,0.5296,0.80805
LOZO full nu50,28.551100,2120,0.4999,0.80805
LOZO full nu50,28.685775,2130,0.5676,0.80805
LOZO full nu50,28.820450,2140,0.5088,0.80805
LOZO full nu50,28.955125,2150,0.5866,0.80805
LOZO full nu50,29.089800,2160,0.4906,0.80805
LOZO full nu50,29.224475,2170,0.4903,0.80805
LOZO full nu50,29.359150,2180,0.4802,0.80805
LOZO full nu50,29.493825,2190,0.5632,0.80805
LOZO full nu50,29.628500,2200,0.4288,0.80805
LOZO full nu50,29.763175,2210,0.5703,0.80805
LOZO full nu50,29.897850,2220,0.4256,0.80805
LOZO full nu50,30.032525,2230,0.486,0.80805
LOZO full nu50,30.167200,2240,0.5043,0.80805
LOZO full nu50,30.301875,2250,0.5491,0.80805
LOZO full nu50,30.436550,2260,0.5067,0.80805
LOZO full nu50,30.571225,2270,0.4534,0.80805
LOZO full nu50,30.705900,2280,0.5045,0.80805
LOZO full nu50,30.840575,2290,0.4496,0.80805
LOZO full nu50,30.975250,2300,0.513,0.80805
LOZO full nu50,31.109925,2310,0.4657,0.80805
LOZO full nu50,31.244600,2320,0.5338,0.80805
LOZO full nu50,31.379275,2330,0.4627,0.80805
LOZO full nu50,31.513950,2340,0.5584,0.80805
LOZO full nu50,31.648625,2350,0.4553,0.80805
LOZO full nu50,31.783300,2360,0.456,0.80805
LOZO full nu50,31.917975,2370,0.5084,0.80805
LOZO full nu50,32.052650,2380,0.4916,0.80805
LOZO full nu50,32.187325,2390,0.4841,0.80805
LOZO full nu50,32.322000,2400,0.442,0.80805
LOZO full nu50,32.456675,2410,0.4646,0.80805
LOZO full nu50,32.591350,2420,0.4875,0.80805
LOZO full nu50,32.726025,2430,0.4478,0.80805
LOZO full nu50,32.860700,2440,0.532,0.80805
LOZO full nu50,32.995375,2450,0.4819,0.80805
LOZO full nu50,33.130050,2460,0.5726,0.80805
LOZO full nu50,33.264725,2470,0.5306,0.80805
LOZO full nu50,33.399400,2480,0.4962,0.80805
LOZO full nu50,33.534075,2490,0.4778,0.80805
LOZO full nu50,33.668750,2500,0.5437,0.80805
LOZO full nu50,33.803425,2510,0.5224,0.80805
LOZO full nu50,33.938100,2520,0.5331,0.80805
LOZO full nu50,34.072775,2530,0.53,0.80805
LOZO full nu50,34.207450,2540,0.5468,0.80805
LOZO full nu50,34.342125,2550,0.4984,0.80805
LOZO full nu50,34.476800,2560,0.5041,0.80805
LOZO full nu50,34.611475,2570,0.4898,0.80805
LOZO full nu50,34.746150,2580,0.5253,0.80805
LOZO full nu50,34.880825,2590,0.5707,0.80805
LOZO full nu50,35.015500,2600,0.4594,0.80805
LOZO full nu50,35.150175,2610,0.5398,0.80805
LOZO full nu50,35.284850,2620,0.4731,0.80805
LOZO full nu50,35.419525,2630,0.5009,0.80805
LOZO full nu50,35.554200,2640,0.3954,0.80805
LOZO full nu50,35.688875,2650,0.4635,0.80805
LOZO full nu50,35.823550,2660,0.4267,0.80805
LOZO full nu50,35.958225,2670,0.4813,0.80805
LOZO full nu50,36.092900,2680,0.4259,0.80805
LOZO full nu50,36.227575,2690,0.4917,0.80805
LOZO full nu50,36.362250,2700,0.4725,0.80805
LOZO full nu50,36.496925,2710,0.4622,0.80805
LOZO full nu50,36.631600,2720,0.5444,0.80805
LOZO full nu50,36.766275,2730,0.4326,0.80805
LOZO full nu50,36.900950,2740,0.4917,0.80805
LOZO full nu50,37.035625,2750,0.4525,0.80805
LOZO full nu50,37.170300,2760,0.4764,0.80805
LOZO full nu50,37.304975,2770,0.5451,0.80805
LOZO full nu50,37.439650,2780,0.5671,0.80805
LOZO full nu50,37.574325,2790,0.4682,0.80805
LOZO full nu50,37.709000,2800,0.5049,0.80805
LOZO full nu50,37.843675,2810,0.4259,0.80805
LOZO full nu50,37.978350,2820,0.4529,0.80805
LOZO full nu50,38.113025,2830,0.4626,0.80805
LOZO full nu50,38.247700,2840,0.4727,0.80805
LOZO full nu50,38.382375,2850,0.4142,0.80805
LOZO full nu50,38.517050,2860,0.4959,0.80805
LOZO full nu50,38.651725,2870,0.4647,0.80805
LOZO full nu50,38.786400,2880,0.4971,0.80805
LOZO full nu50,38.921075,2890,0.4742,0.80805
LOZO full nu50,39.055750,2900,0.4692,0.80805
LOZO full nu50,39.190425,2910,0.5043,0.80805
LOZO full nu50,39.325100,2920,0.4824,0.80805
LOZO full nu50,39.459775,2930,0.4565,0.80805
LOZO full nu50,39.594450,2940,0.4316,0.80805
LOZO full nu50,39.729125,2950,0.4509,0.80805
LOZO full nu50,39.863800,2960,0.5142,0.80805
LOZO full nu50,39.998475,2970,0.495,0.80805
LOZO full nu50,40.133150,2980,0.4673,0.80805
LOZO full nu50,40.267825,2990,0.4828,0.80805
LOZO full nu50,40.402500,3000,0.5624,0.80805
LOZO full nu50,40.537175,3010,0.4874,0.80805
LOZO full nu50,40.671850,3020,0.4906,0.80805
LOZO full nu50,40.806525,3030,0.5203,0.80805
LOZO full nu50,40.941200,3040,0.4397,0.80805
LOZO full nu50,41.075875,3050,0.4309,0.80805
LOZO full nu50,41.210550,3060,0.4667,0.80805
LOZO full nu50,41.345225,3070,0.4714,0.80805
LOZO full nu50,41.479900,3080,0.4859,0.80805
LOZO full nu50,41.614575,3090,0.4496,0.80805
LOZO full nu50,41.749250,3100,0.4791,0.80805
LOZO full nu50,41.883925,3110,0.4612,0.80805
LOZO full nu50,42.018600,3120,0.388,0.80805
LOZO full nu50,42.153275,3130,0.4722,0.80805
LOZO full nu50,42.287950,3140,0.4654,0.80805
LOZO full nu50,42.422625,3150,0.4753,0.80805
LOZO full nu50,42.557300,3160,0.3995,0.80805
LOZO full nu50,42.691975,3170,0.4758,0.80805
LOZO full nu50,42.826650,3180,0.5094,0.80805
LOZO full nu50,42.961325,3190,0.4784,0.80805
LOZO full nu50,43.096000,3200,0.4076,0.80805
LOZO full nu50,43.230675,3210,0.5098,0.80805
LOZO full nu50,43.365350,3220,0.5598,0.80805
LOZO full nu50,43.500025,3230,0.458,0.80805
LOZO full nu50,43.634700,3240,0.4295,0.80805
LOZO full nu50,43.769375,3250,0.4547,0.80805
LOZO full nu50,43.904050,3260,0.4484,0.80805
LOZO full nu50,44.038725,3270,0.4175,0.80805
LOZO full nu50,44.173400,3280,0.5292,0.80805
LOZO full nu50,44.308075,3290,0.4785,0.80805
LOZO full nu50,44.442750,3300,0.4711,0.80805
LOZO full nu50,44.577425,3310,0.4059,0.80805
LOZO full nu50,44.712100,3320,0.4761,0.80805
LOZO full nu50,44.846775,3330,0.4756,0.80805
LOZO full nu50,44.981450,3340,0.4156,0.80805
LOZO full nu50,45.116125,3350,0.4711,0.80805
LOZO full nu50,45.250800,3360,0.448,0.80805
LOZO full nu50,45.385475,3370,0.4065,0.80805
LOZO full nu50,45.520150,3380,0.4645,0.80805
LOZO full nu50,45.654825,3390,0.4072,0.80805
LOZO full nu50,45.789500,3400,0.4429,0.80805
LOZO full nu50,45.924175,3410,0.417,0.80805
LOZO full nu50,46.058850,3420,0.4333,0.80805
LOZO full nu50,46.193525,3430,0.4731,0.80805
LOZO full nu50,46.328200,3440,0.447,0.80805
LOZO full nu50,46.462875,3450,0.4238,0.80805
LOZO full nu50,46.597550,3460,0.4219,0.80805
LOZO full nu50,46.732225,3470,0.426,0.80805
LOZO full nu50,46.866900,3480,0.4361,0.80805
LOZO full nu50,47.001575,3490,0.4325,0.80805
LOZO full nu50,47.136250,3500,0.3762,0.80805
LOZO full nu50,47.270925,3510,0.4811,0.80805
LOZO full nu50,47.405600,3520,0.4001,0.80805
LOZO full nu50,47.540275,3530,0.5177,0.80805
LOZO full nu50,47.674950,3540,0.477,0.80805
LOZO full nu50,47.809625,3550,0.445,0.80805
LOZO full nu50,47.944300,3560,0.5526,0.80805
LOZO full nu50,48.078975,3570,0.4302,0.80805
LOZO full nu50,48.213650,3580,0.3874,0.80805
LOZO full nu50,48.348325,3590,0.3996,0.80805
LOZO full nu50,48.483000,3600,0.4415,0.80805
LOZO full nu50,48.617675,3610,0.4318,0.80805
LOZO full nu50,48.752350,3620,0.4469,0.80805
LOZO full nu50,48.887025,3630,0.4503,0.80805
LOZO full nu50,49.021700,3640,0.4243,0.80805
LOZO full nu50,49.156375,3650,0.4402,0.80805
LOZO full nu50,49.291050,3660,0.3934,0.80805
LOZO full nu50,49.425725,3670,0.4899,0.80805
LOZO full nu50,49.560400,3680,0.4168,0.80805
LOZO full nu50,49.695075,3690,0.4351,0.80805
LOZO full nu50,49.829750,3700,0.4755,0.80805
LOZO full nu50,49.964425,3710,0.4695,0.80805
LOZO full nu50,50.099100,3720,0.4538,0.80805
LOZO full nu50,50.233775,3730,0.4512,0.80805
LOZO full nu50,50.368450,3740,0.4954,0.80805
LOZO full nu50,50.503125,3750,0.4744,0.80805
LOZO full nu50,50.637800,3760,0.4036,0.80805
LOZO full nu50,50.772475,3770,0.4163,0.80805
LOZO full nu50,50.907150,3780,0.4148,0.80805
LOZO full nu50,51.041825,3790,0.4272,0.80805
LOZO full nu50,51.176500,3800,0.3538,0.80805
LOZO full nu50,51.311175,3810,0.4113,0.80805
LOZO full nu50,51.445850,3820,0.4659,0.80805
LOZO full nu50,51.580525,3830,0.4619,0.80805
LOZO full nu50,51.715200,3840,0.4158,0.80805
LOZO full nu50,51.849875,3850,0.4171,0.80805
LOZO full nu50,51.984550,3860,0.4708,0.80805
LOZO full nu50,52.119225,3870,0.4177,0.80805
LOZO full nu50,52.253900,3880,0.441,0.80805
LOZO full nu50,52.388575,3890,0.5251,0.80805
LOZO full nu50,52.523250,3900,0.4767,0.80805
LOZO full nu50,52.657925,3910,0.4269,0.80805
LOZO full nu50,52.792600,3920,0.4855,0.80805
LOZO full nu50,52.927275,3930,0.4516,0.80805
LOZO full nu50,53.061950,3940,0.4273,0.80805
LOZO full nu50,53.196625,3950,0.5138,0.80805
LOZO full nu50,53.331300,3960,0.4453,0.80805
LOZO full nu50,53.465975,3970,0.3732,0.80805
LOZO full nu50,53.600650,3980,0.3915,0.80805
LOZO full nu50,53.735325,3990,0.3561,0.80805
LOZO full nu50,53.870000,4000,0.4021,0.80805
LOZO full nu50,54.004675,4010,0.4348,0.80805
LOZO full nu50,54.139350,4020,0.513,0.80805
LOZO full nu50,54.274025,4030,0.4374,0.80805
LOZO full nu50,54.408700,4040,0.4509,0.80805
LOZO full nu50,54.543375,4050,0.4029,0.80805
LOZO full nu50,54.678050,4060,0.4619,0.80805
LOZO full nu50,54.812725,4070,0.4612,0.80805
LOZO full nu50,54.947400,4080,0.3738,0.80805
LOZO full nu50,55.082075,4090,0.3869,0.80805
LOZO full nu50,55.216750,4100,0.4628,0.80805
LOZO full nu50,55.351425,4110,0.491,0.80805
LOZO full nu50,55.486100,4120,0.3433,0.80805
LOZO full nu50,55.620775,4130,0.4516,0.80805
LOZO full nu50,55.755450,4140,0.4959,0.80805
LOZO full nu50,55.890125,4150,0.4318,0.80805
LOZO full nu50,56.024800,4160,0.4323,0.80805
LOZO full nu50,56.159475,4170,0.4022,0.80805
LOZO full nu50,56.294150,4180,0.4338,0.80805
LOZO full nu50,56.428825,4190,0.4435,0.80805
LOZO full nu50,56.563500,4200,0.4642,0.80805
LOZO full nu50,56.698175,4210,0.4638,0.80805
LOZO full nu50,56.832850,4220,0.3806,0.80805
LOZO full nu50,56.967525,4230,0.4722,0.80805
LOZO full nu50,57.102200,4240,0.4559,0.80805
LOZO full nu50,57.236875,4250,0.436,0.80805
LOZO full nu50,57.371550,4260,0.4244,0.80805
LOZO full nu50,57.506225,4270,0.4653,0.80805
LOZO full nu50,57.640900,4280,0.4447,0.80805
LOZO full nu50,57.775575,4290,0.4535,0.80805
LOZO full nu50,57.910250,4300,0.4715,0.80805
LOZO full nu50,58.044925,4310,0.4809,0.80805
LOZO full nu50,58.179600,4320,0.3998,0.80805
LOZO full nu50,58.314275,4330,0.4239,0.80805
LOZO full nu50,58.448950,4340,0.3959,0.80805
LOZO full nu50,58.583625,4350,0.4088,0.80805
LOZO full nu50,58.718300,4360,0.4507,0.80805
LOZO full nu50,58.852975,4370,0.384,0.80805
LOZO full nu50,58.987650,4380,0.3928,0.80805
LOZO full nu50,59.122325,4390,0.4263,0.80805
LOZO full nu50,59.257000,4400,0.4109,0.80805
LOZO full nu50,59.391675,4410,0.451,0.80805
LOZO full nu50,59.526350,4420,0.4064,0.80805
LOZO full nu50,59.661025,4430,0.3799,0.80805
LOZO full nu50,59.795700,4440,0.4524,0.80805
LOZO full nu50,59.930375,4450,0.3883,0.80805
LOZO full nu50,60.065050,4460,0.4166,0.80805
LOZO full nu50,60.199725,4470,0.424,0.80805
LOZO full nu50,60.334400,4480,0.4631,0.80805
LOZO full nu50,60.469075,4490,0.4147,0.80805
LOZO full nu50,60.603750,4500,0.3785,0.80805
LOZO full nu50,60.738425,4510,0.4247,0.80805
LOZO full nu50,60.873100,4520,0.4241,0.80805
LOZO full nu50,61.007775,4530,0.5236,0.80805
LOZO full nu50,61.142450,4540,0.3626,0.80805
LOZO full nu50,61.277125,4550,0.4117,0.80805
LOZO full nu50,61.411800,4560,0.4654,0.80805
LOZO full nu50,61.546475,4570,0.3731,0.80805
LOZO full nu50,61.681150,4580,0.4019,0.80805
LOZO full nu50,61.815825,4590,0.396,0.80805
LOZO full nu50,61.950500,4600,0.463,0.80805
LOZO full nu50,62.085175,4610,0.4343,0.80805
LOZO full nu50,62.219850,4620,0.421,0.80805
LOZO full nu50,62.354525,4630,0.409,0.80805
LOZO full nu50,62.489200,4640,0.4613,0.80805
LOZO full nu50,62.623875,4650,0.4194,0.80805
LOZO full nu50,62.758550,4660,0.4751,0.80805
LOZO full nu50,62.893225,4670,0.4074,0.80805
LOZO full nu50,63.027900,4680,0.4076,0.80805
LOZO full nu50,63.162575,4690,0.449,0.80805
LOZO full nu50,63.297250,4700,0.4393,0.80805
LOZO full nu50,63.431925,4710,0.3881,0.80805
LOZO full nu50,63.566600,4720,0.4467,0.80805
LOZO full nu50,63.701275,4730,0.337,0.80805
LOZO full nu50,63.835950,4740,0.4331,0.80805
LOZO full nu50,63.970625,4750,0.3754,0.80805
LOZO full nu50,64.105300,4760,0.3708,0.80805
LOZO full nu50,64.239975,4770,0.4774,0.80805
LOZO full nu50,64.374650,4780,0.4186,0.80805
LOZO full nu50,64.509325,4790,0.4419,0.80805
LOZO full nu50,64.644000,4800,0.4195,0.80805
LOZO full nu50,64.778675,4810,0.4619,0.80805
LOZO full nu50,64.913350,4820,0.3719,0.80805
LOZO full nu50,65.048025,4830,0.4141,0.80805
LOZO full nu50,65.182700,4840,0.4132,0.80805
LOZO full nu50,65.317375,4850,0.414,0.80805
LOZO full nu50,65.452050,4860,0.4601,0.80805
LOZO full nu50,65.586725,4870,0.4508,0.80805
LOZO full nu50,65.721400,4880,0.4145,0.80805
LOZO full nu50,65.856075,4890,0.4183,0.80805
LOZO full nu50,65.990750,4900,0.5014,0.80805
LOZO full nu50,66.125425,4910,0.3849,0.80805
LOZO full nu50,66.260100,4920,0.4384,0.80805
LOZO full nu50,66.394775,4930,0.3823,0.80805
LOZO full nu50,66.529450,4940,0.4368,0.80805
LOZO full nu50,66.664125,4950,0.4478,0.80805
LOZO full nu50,66.798800,4960,0.4676,0.80805
LOZO full nu50,66.933475,4970,0.342,0.80805
LOZO full nu50,67.068150,4980,0.4627,0.80805
LOZO full nu50,67.202825,4990,0.3545,0.80805
LOZO full nu50,67.337500,5000,0.484,0.80805
LOZO full nu50,67.472175,5010,0.4276,0.80805
LOZO full nu50,67.606850,5020,0.3978,0.80805
LOZO full nu50,67.741525,5030,0.4081,0.80805
LOZO full nu50,67.876200,5040,0.4473,0.80805
LOZO full nu50,68.010875,5050,0.4083,0.80805
LOZO full nu50,68.145550,5060,0.4293,0.80805
LOZO full nu50,68.280225,5070,0.3901,0.80805
LOZO lora_only nu50,0.120314,10,0.8526,0.721883
LOZO lora_only nu50,0.240628,20,0.944,0.721883
LOZO lora_only nu50,0.360942,30,0.8619,0.721883
LOZO lora_only nu50,0.481255,40,0.8677,0.721883
LOZO lora_only nu50,0.601569,50,0.919,0.721883
LOZO lora_only nu50,0.721883,60,0.7385,0.721883
LOZO lora_only nu50,0.842197,70,0.9685,0.721883
LOZO lora_only nu50,0.962511,80,0.7803,0.721883
LOZO lora_only nu50,1.082825,90,0.7541,0.721883
LOZO lora_only nu50,1.203138,100,0.8092,0.721883
LOZO lora_only nu50,1.323452,110,0.9001,0.721883
LOZO lora_only nu50,1.443766,120,1.0028,0.721883
LOZO lora_only nu50,1.564080,130,0.7937,0.721883
LOZO lora_only nu50,1.684394,140,0.8125,0.721883
LOZO lora_only nu50,1.804708,150,0.8178,0.721883
LOZO lora_only nu50,1.925021,160,0.6675,0.721883
LOZO lora_only nu50,2.045335,170,0.9047,0.721883
LOZO lora_only nu50,2.165649,180,0.8562,0.721883
LOZO lora_only nu50,2.285963,190,0.8913,0.721883
LOZO lora_only nu50,2.406277,200,0.9239,0.721883
LOZO lora_only nu50,2.526591,210,0.8057,0.721883
LOZO lora_only nu50,2.646904,220,0.7344,0.721883
LOZO lora_only nu50,2.767218,230,0.8965,0.721883
LOZO lora_only nu50,2.887532,240,0.8915,0.721883
LOZO lora_only nu50,3.007846,250,0.871,0.721883
LOZO lora_only nu50,3.128160,260,0.8916,0.721883
LOZO lora_only nu50,3.248474,270,0.8981,0.721883
LOZO lora_only nu50,3.368787,280,0.7742,0.721883
LOZO lora_only nu50,3.489101,290,0.8516,0.721883
LOZO lora_only nu50,3.609415,300,0.647,0.721883
LOZO lora_only nu50,3.729729,310,0.8472,0.721883
LOZO lora_only nu50,3.850043,320,0.6693,0.721883
LOZO lora_only nu50,3.970357,330,0.6577,0.721883
LOZO lora_only nu50,4.090670,340,0.7675,0.721883
LOZO lora_only nu50,4.210984,350,0.8564,0.721883
LOZO lora_only nu50,4.331298,360,0.845,0.721883
LOZO lora_only nu50,4.451612,370,0.775,0.721883
LOZO lora_only nu50,4.571926,380,0.7626,0.721883
LOZO lora_only nu50,4.692240,390,0.8033,0.721883
LOZO lora_only nu50,4.812553,400,0.6777,0.721883
LOZO lora_only nu50,4.932867,410,0.8502,0.721883
LOZO lora_only nu50,5.053181,420,0.7368,0.721883
LOZO lora_only nu50,5.173495,430,0.8653,0.721883
LOZO lora_only nu50,5.293809,440,0.7213,0.721883
LOZO lora_only nu50,5.414123,450,0.6658,0.721883
LOZO lora_only nu50,5.534436,460,0.8478,0.721883
LOZO lora_only nu50,5.654750,470,0.7598,0.721883
LOZO lora_only nu50,5.775064,480,0.7166,0.721883
LOZO lora_only nu50,5.895378,490,0.8273,0.721883
LOZO lora_only nu50,6.015692,500,0.7079,0.721883
LOZO lora_only nu50,6.136006,510,0.7065,0.721883
LOZO lora_only nu50,6.256319,520,0.7588,0.721883
LOZO lora_only nu50,6.376633,530,0.7817,0.721883
LOZO lora_only nu50,6.496947,540,0.6931,0.721883
LOZO lora_only nu50,6.617261,550,0.7325,0.721883
LOZO lora_only nu50,6.737575,560,0.7236,0.721883
LOZO lora_only nu50,6.857889,570,0.673,0.721883
LOZO lora_only nu50,6.978202,580,0.6329,0.721883
LOZO lora_only nu50,7.098516,590,0.6707,0.721883
LOZO lora_only nu50,7.218830,600,0.6521,0.721883
LOZO lora_only nu50,7.339144,610,0.7543,0.721883
LOZO lora_only nu50,7.459458,620,0.8019,0.721883
LOZO lora_only nu50,7.579772,630,0.7915,0.721883
LOZO lora_only nu50,7.700085,640,0.7134,0.721883
LOZO lora_only nu50,7.820399,650,0.7209,0.721883
LOZO lora_only nu50,7.940713,660,0.7724,0.721883
LOZO lora_only nu50,8.061027,670,0.777,0.721883
LOZO lora_only nu50,8.181341,680,0.6507,0.721883
LOZO lora_only nu50,8.301655,690,0.6171,0.721883
LOZO lora_only nu50,8.421968,700,0.6875,0.721883
LOZO lora_only nu50,8.542282,710,0.6634,0.721883
LOZO lora_only nu50,8.662596,720,0.6027,0.721883
LOZO lora_only nu50,8.782910,730,0.7894,0.721883
LOZO lora_only nu50,8.903224,740,0.7599,0.721883
LOZO lora_only nu50,9.023538,750,0.8237,0.721883
LOZO lora_only nu50,9.143851,760,0.634,0.721883
LOZO lora_only nu50,9.264165,770,0.6567,0.721883
LOZO lora_only nu50,9.384479,780,0.7331,0.721883
LOZO lora_only nu50,9.504793,790,0.663,0.721883
LOZO lora_only nu50,9.625107,800,0.725,0.721883
LOZO lora_only nu50,9.745420,810,0.7075,0.721883
LOZO lora_only nu50,9.865734,820,0.6685,0.721883
LOZO lora_only nu50,9.986048,830,0.6433,0.721883
LOZO lora_only nu50,10.106362,840,0.7426,0.721883
LOZO lora_only nu50,10.226676,850,0.6264,0.721883
LOZO lora_only nu50,10.346990,860,0.6977,0.721883
LOZO lora_only nu50,10.467304,870,0.7875,0.721883
LOZO lora_only nu50,10.587617,880,0.7155,0.721883
LOZO lora_only nu50,10.707931,890,0.7298,0.721883
LOZO lora_only nu50,10.828245,900,0.8785,0.721883
LOZO lora_only nu50,10.948559,910,0.6194,0.721883
LOZO lora_only nu50,11.068873,920,0.7021,0.721883
LOZO lora_only nu50,11.189187,930,0.6692,0.721883
LOZO lora_only nu50,11.309500,940,0.6171,0.721883
LOZO lora_only nu50,11.429814,950,0.73,0.721883
LOZO lora_only nu50,11.550128,960,0.6631,0.721883
LOZO lora_only nu50,11.670442,970,0.7368,0.721883
LOZO lora_only nu50,11.790756,980,0.674,0.721883
LOZO lora_only nu50,11.911069,990,0.603,0.721883
LOZO lora_only nu50,12.031383,1000,0.5514,0.721883
LOZO lora_only nu50,12.151697,1010,0.6065,0.721883
LOZO lora_only nu50,12.272011,1020,0.7073,0.721883
LOZO lora_only nu50,12.392325,1030,0.6653,0.721883
LOZO lora_only nu50,12.512639,1040,0.6042,0.721883
LOZO lora_only nu50,12.632953,1050,0.5681,0.721883
LOZO lora_only nu50,12.753266,1060,0.7288,0.721883
LOZO lora_only nu50,12.873580,1070,0.6018,0.721883
LOZO lora_only nu50,12.993894,1080,0.547,0.721883
LOZO lora_only nu50,13.114208,1090,0.6325,0.721883
LOZO lora_only nu50,13.234522,1100,0.5423,0.721883
LOZO lora_only nu50,13.354836,1110,0.6509,0.721883
LOZO lora_only nu50,13.475149,1120,0.684,0.721883
LOZO lora_only nu50,13.595463,1130,0.6445,0.721883
LOZO lora_only nu50,13.715777,1140,0.6502,0.721883
LOZO lora_only nu50,13.836091,1150,0.4565,0.721883
LOZO lora_only nu50,13.956405,1160,0.5977,0.721883
LOZO lora_only nu50,14.076719,1170,0.61,0.721883
LOZO lora_only nu50,14.197032,1180,0.7138,0.721883
LOZO lora_only nu50,14.317346,1190,0.6487,0.721883
LOZO lora_only nu50,14.437660,1200,0.6601,0.721883
LOZO lora_only nu50,14.557974,1210,0.6474,0.721883
LOZO lora_only nu50,14.678288,1220,0.5718,0.721883
LOZO lora_only nu50,14.798602,1230,0.6915,0.721883
LOZO lora_only nu50,14.918915,1240,0.4481,0.721883
LOZO lora_only nu50,15.039229,1250,0.7059,0.721883
LOZO lora_only nu50,15.159543,1260,0.5498,0.721883
LOZO lora_only nu50,15.279857,1270,0.6421,0.721883
LOZO lora_only nu50,15.400171,1280,0.6107,0.721883
LOZO lora_only nu50,15.520485,1290,0.4761,0.721883
LOZO lora_only nu50,15.640798,1300,0.5852,0.721883
LOZO lora_only nu50,15.761112,1310,0.7176,0.721883
LOZO lora_only nu50,15.881426,1320,0.5826,0.721883
LOZO lora_only nu50,16.001740,1330,0.6755,0.721883
LOZO lora_only nu50,16.122054,1340,0.5892,0.721883
LOZO lora_only nu50,16.242368,1350,0.6187,0.721883
LOZO lora_only nu50,16.362681,1360,0.5908,0.721883
LOZO lora_only nu50,16.482995,1370,0.5904,0.721883
LOZO lora_only nu50,16.603309,1380,0.5929,0.721883
LOZO lora_only nu50,16.723623,1390,0.5157,0.721883
LOZO lora_only nu50,16.843937,1400,0.6155,0.721883
LOZO lora_only nu50,16.964251,1410,0.5827,0.721883
LOZO lora_only nu50,17.084564,1420,0.6111,0.721883
LOZO lora_only nu50,17.204878,1430,0.6438,0.721883
LOZO lora_only nu50,17.325192,1440,0.6066,0.721883
LOZO lora_only nu50,17.445506,1450,0.5511,0.721883
LOZO lora_only nu50,17.565820,1460,0.5177,0.721883
LOZO lora_only nu50,17.686134,1470,0.6195,0.721883
LOZO lora_only nu50,17.806447,1480,0.6059,0.721883
LOZO lora_only nu50,17.926761,1490,0.5185,0.721883
LOZO lora_only nu50,18.047075,1500,0.6756,0.721883
LOZO lora_only nu50,18.167389,1510,0.5566,0.721883
LOZO lora_only nu50,18.287703,1520,0.5206,0.721883
LOZO lora_only nu50,18.408016,1530,0.6277,0.721883
LOZO lora_only nu50,18.528330,1540,0.4962,0.721883
LOZO lora_only nu50,18.648644,1550,0.5624,0.721883
LOZO lora_only nu50,18.768958,1560,0.6037,0.721883
LOZO lora_only nu50,18.889272,1570,0.6287,0.721883
LOZO lora_only nu50,19.009586,1580,0.5841,0.721883
LOZO lora_only nu50,19.129900,1590,0.5612,0.721883
LOZO lora_only nu50,19.250213,1600,0.5669,0.721883
LOZO lora_only nu50,19.370527,1610,0.6174,0.721883
LOZO lora_only nu50,19.490841,1620,0.6199,0.721883
LOZO lora_only nu50,19.611155,1630,0.5313,0.721883
LOZO lora_only nu50,19.731469,1640,0.5649,0.721883
LOZO lora_only nu50,19.851783,1650,0.5941,0.721883
LOZO lora_only nu50,19.972096,1660,0.5207,0.721883
LOZO lora_only nu50,20.092410,1670,0.5415,0.721883
LOZO lora_only nu50,20.212724,1680,0.5927,0.721883
LOZO lora_only nu50,20.333038,1690,0.6022,0.721883
LOZO lora_only nu50,20.453352,1700,0.5141,0.721883
LOZO lora_only nu50,20.573666,1710,0.5166,0.721883
LOZO lora_only nu50,20.693979,1720,0.5541,0.721883
LOZO lora_only nu50,20.814293,1730,0.6083,0.721883
LOZO lora_only nu50,20.934607,1740,0.5787,0.721883
LOZO lora_only nu50,21.054921,1750,0.5565,0.721883
LOZO lora_only nu50,21.175235,1760,0.5355,0.721883
LOZO lora_only nu50,21.295549,1770,0.4934,0.721883
LOZO lora_only nu50,21.415862,1780,0.4628,0.721883
LOZO lora_only nu50,21.536176,1790,0.6456,0.721883
LOZO lora_only nu50,21.656490,1800,0.5644,0.721883
LOZO lora_only nu50,21.776804,1810,0.5453,0.721883
LOZO lora_only nu50,21.897118,1820,0.5809,0.721883
LOZO lora_only nu50,22.017432,1830,0.4957,0.721883
LOZO lora_only nu50,22.137745,1840,0.5587,0.721883
LOZO lora_only nu50,22.258059,1850,0.5129,0.721883
LOZO lora_only nu50,22.378373,1860,0.585,0.721883
LOZO lora_only nu50,22.498687,1870,0.546,0.721883
LOZO lora_only nu50,22.619001,1880,0.5058,0.721883
LOZO lora_only nu50,22.739314,1890,0.5303,0.721883
LOZO lora_only nu50,22.859628,1900,0.5807,0.721883
LOZO lora_only nu50,22.979942,1910,0.5146,0.721883
LOZO lora_only nu50,23.100256,1920,0.5267,0.721883
LOZO lora_only nu50,23.220570,1930,0.5925,0.721883
LOZO lora_only nu50,23.340884,1940,0.4949,0.721883
LOZO lora_only nu50,23.461198,1950,0.5088,0.721883
LOZO lora_only nu50,23.581511,1960,0.5126,0.721883
LOZO lora_only nu50,23.701825,1970,0.5592,0.721883
LOZO lora_only nu50,23.822139,1980,0.599,0.721883
LOZO lora_only nu50,23.942453,1990,0.4496,0.721883
LOZO lora_only nu50,24.062767,2000,0.5432,0.721883
LOZO lora_only nu50,24.183081,2010,0.5293,0.721883
LOZO lora_only nu50,24.303394,2020,0.5216,0.721883
LOZO lora_only nu50,24.423708,2030,0.5415,0.721883
LOZO lora_only nu50,24.544022,2040,0.5345,0.721883
LOZO lora_only nu50,24.664336,2050,0.6306,0.721883
LOZO lora_only nu50,24.784650,2060,0.5223,0.721883
LOZO lora_only nu50,24.904964,2070,0.5115,0.721883
LOZO lora_only nu50,25.025277,2080,0.5403,0.721883
LOZO lora_only nu50,25.145591,2090,0.5382,0.721883
LOZO lora_only nu50,25.265905,2100,0.5907,0.721883
LOZO lora_only nu50,25.386219,2110,0.5066,0.721883
LOZO lora_only nu50,25.506533,2120,0.4763,0.721883
LOZO lora_only nu50,25.626847,2130,0.5578,0.721883
LOZO lora_only nu50,25.747160,2140,0.5356,0.721883
LOZO lora_only nu50,25.867474,2150,0.6282,0.721883
LOZO lora_only nu50,25.987788,2160,0.4826,0.721883
LOZO lora_only nu50,26.108102,2170,0.4485,0.721883
LOZO lora_only nu50,26.228416,2180,0.4957,0.721883
LOZO lora_only nu50,26.348730,2190,0.6016,0.721883
LOZO lora_only nu50,26.469043,2200,0.4492,0.721883
LOZO lora_only nu50,26.589357,2210,0.5118,0.721883
LOZO lora_only nu50,26.709671,2220,0.4987,0.721883
LOZO lora_only nu50,26.829985,2230,0.4687,0.721883
LOZO lora_only nu50,26.950299,2240,0.4774,0.721883
LOZO lora_only nu50,27.070612,2250,0.4932,0.721883
LOZO lora_only nu50,27.190926,2260,0.5259,0.721883
LOZO lora_only nu50,27.311240,2270,0.4868,0.721883
LOZO lora_only nu50,27.431554,2280,0.5166,0.721883
LOZO lora_only nu50,27.551868,2290,0.4573,0.721883
LOZO lora_only nu50,27.672182,2300,0.5317,0.721883
LOZO lora_only nu50,27.792496,2310,0.483,0.721883
LOZO lora_only nu50,27.912809,2320,0.6037,0.721883
LOZO lora_only nu50,28.033123,2330,0.4773,0.721883
LOZO lora_only nu50,28.153437,2340,0.5421,0.721883
LOZO lora_only nu50,28.273751,2350,0.476,0.721883
LOZO lora_only nu50,28.394065,2360,0.4809,0.721883
LOZO lora_only nu50,28.514379,2370,0.5085,0.721883
LOZO lora_only nu50,28.634692,2380,0.5397,0.721883
LOZO lora_only nu50,28.755006,2390,0.4666,0.721883
LOZO lora_only nu50,28.875320,2400,0.5023,0.721883
LOZO lora_only nu50,28.995634,2410,0.4478,0.721883
LOZO lora_only nu50,29.115948,2420,0.4634,0.721883
LOZO lora_only nu50,29.236262,2430,0.4868,0.721883
LOZO lora_only nu50,29.356575,2440,0.5495,0.721883
LOZO lora_only nu50,29.476889,2450,0.5114,0.721883
LOZO lora_only nu50,29.597203,2460,0.542,0.721883
LOZO lora_only nu50,29.717517,2470,0.5311,0.721883
LOZO lora_only nu50,29.837831,2480,0.4656,0.721883
LOZO lora_only nu50,29.958145,2490,0.4445,0.721883
LOZO lora_only nu50,30.078458,2500,0.5234,0.721883
LOZO lora_only nu50,30.198772,2510,0.4521,0.721883
LOZO lora_only nu50,30.319086,2520,0.5138,0.721883
LOZO lora_only nu50,30.439400,2530,0.5224,0.721883
LOZO lora_only nu50,30.559714,2540,0.5073,0.721883
LOZO lora_only nu50,30.680028,2550,0.4873,0.721883
LOZO lora_only nu50,30.800341,2560,0.4507,0.721883
LOZO lora_only nu50,30.920655,2570,0.4473,0.721883
LOZO lora_only nu50,31.040969,2580,0.4944,0.721883
LOZO lora_only nu50,31.161283,2590,0.574,0.721883
LOZO lora_only nu50,31.281597,2600,0.4769,0.721883
LOZO lora_only nu50,31.401910,2610,0.5107,0.721883
LOZO lora_only nu50,31.522224,2620,0.4643,0.721883
LOZO lora_only nu50,31.642538,2630,0.4621,0.721883
LOZO lora_only nu50,31.762852,2640,0.3788,0.721883
LOZO lora_only nu50,31.883166,2650,0.4701,0.721883
LOZO lora_only nu50,32.003480,2660,0.4992,0.721883
LOZO lora_only nu50,32.123794,2670,0.4765,0.721883
LOZO lora_only nu50,32.244107,2680,0.4819,0.721883
LOZO lora_only nu50,32.364421,2690,0.4922,0.721883
LOZO lora_only nu50,32.484735,2700,0.5185,0.721883
LOZO lora_only nu50,32.605049,2710,0.4755,0.721883
LOZO lora_only nu50,32.725363,2720,0.5188,0.721883
LOZO lora_only nu50,32.845677,2730,0.4436,0.721883
LOZO lora_only nu50,32.965990,2740,0.4755,0.721883
LOZO lora_only nu50,33.086304,2750,0.423,0.721883
LOZO lora_only nu50,33.206618,2760,0.4224,0.721883
LOZO lora_only nu50,33.326932,2770,0.5305,0.721883
LOZO lora_only nu50,33.447246,2780,0.4935,0.721883
LOZO lora_only nu50,33.567560,2790,0.4826,0.721883
LOZO lora_only nu50,33.687873,2800,0.4658,0.721883
LOZO lora_only nu50,33.808187,2810,0.4355,0.721883
LOZO lora_only nu50,33.928501,2820,0.4966,0.721883
LOZO lora_only nu50,34.048815,2830,0.4922,0.721883
LOZO lora_only nu50,34.169129,2840,0.4833,0.721883
LOZO lora_only nu50,34.289442,2850,0.4216,0.721883
LOZO lora_only nu50,34.409756,2860,0.4961,0.721883
LOZO lora_only nu50,34.530070,2870,0.4479,0.721883
LOZO lora_only nu50,34.650384,2880,0.5316,0.721883
LOZO lora_only nu50,34.770698,2890,0.5107,0.721883
LOZO lora_only nu50,34.891012,2900,0.4925,0.721883
LOZO lora_only nu50,35.011326,2910,0.4866,0.721883
LOZO lora_only nu50,35.131639,2920,0.4916,0.721883
LOZO lora_only nu50,35.251953,2930,0.4483,0.721883
LOZO lora_only nu50,35.372267,2940,0.4005,0.721883
LOZO lora_only nu50,35.492581,2950,0.4971,0.721883
LOZO lora_only nu50,35.612895,2960,0.5059,0.721883
LOZO lora_only nu50,35.733209,2970,0.4991,0.721883
LOZO lora_only nu50,35.853522,2980,0.4301,0.721883
LOZO lora_only nu50,35.973836,2990,0.4562,0.721883
LOZO lora_only nu50,36.094150,3000,0.4993,0.721883
LOZO lora_only nu50,36.214464,3010,0.5126,0.721883
LOZO lora_only nu50,36.334778,3020,0.5159,0.721883
LOZO lora_only nu50,36.455092,3030,0.509,0.721883
LOZO lora_only nu50,36.575405,3040,0.529,0.721883
LOZO lora_only nu50,36.695719,3050,0.4551,0.721883
LOZO lora_only nu50,36.816033,3060,0.4752,0.721883
LOZO lora_only nu50,36.936347,3070,0.4687,0.721883
LOZO lora_only nu50,37.056661,3080,0.4679,0.721883
LOZO lora_only nu50,37.176975,3090,0.4487,0.721883
LOZO lora_only nu50,37.297288,3100,0.5241,0.721883
LOZO lora_only nu50,37.417602,3110,0.4766,0.721883
LOZO lora_only nu50,37.537916,3120,0.4398,0.721883
LOZO lora_only nu50,37.658230,3130,0.4726,0.721883
LOZO lora_only nu50,37.778544,3140,0.4618,0.721883
LOZO lora_only nu50,37.898857,3150,0.491,0.721883
LOZO lora_only nu50,38.019171,3160,0.3967,0.721883
LOZO lora_only nu50,38.139485,3170,0.4741,0.721883
LOZO lora_only nu50,38.259799,3180,0.4742,0.721883
LOZO lora_only nu50,38.380113,3190,0.4726,0.721883
LOZO lora_only nu50,38.500427,3200,0.4325,0.721883
LOZO lora_only nu50,38.620741,3210,0.5459,0.721883
LOZO lora_only nu50,38.741054,3220,0.5827,0.721883
LOZO lora_only nu50,38.861368,3230,0.4749,0.721883
LOZO lora_only nu50,38.981682,3240,0.4315,0.721883
LOZO lora_only nu50,39.101996,3250,0.4575,0.721883
LOZO lora_only nu50,39.222310,3260,0.4688,0.721883
LOZO lora_only nu50,39.342624,3270,0.4099,0.721883
LOZO lora_only nu50,39.462937,3280,0.5564,0.721883
LOZO lora_only nu50,39.583251,3290,0.4698,0.721883
LOZO lora_only nu50,39.703565,3300,0.4573,0.721883
LOZO lora_only nu50,39.823879,3310,0.4135,0.721883
LOZO lora_only nu50,39.944193,3320,0.4808,0.721883
LOZO lora_only nu50,40.064507,3330,0.455,0.721883
LOZO lora_only nu50,40.184820,3340,0.4287,0.721883
LOZO lora_only nu50,40.305134,3350,0.4672,0.721883
LOZO lora_only nu50,40.425448,3360,0.4586,0.721883
LOZO lora_only nu50,40.545762,3370,0.4665,0.721883
LOZO lora_only nu50,40.666076,3380,0.5234,0.721883
LOZO lora_only nu50,40.786390,3390,0.4646,0.721883
LOZO lora_only nu50,40.906703,3400,0.4706,0.721883
LOZO lora_only nu50,41.027017,3410,0.4622,0.721883
LOZO lora_only nu50,41.147331,3420,0.5193,0.721883
LOZO lora_only nu50,41.267645,3430,0.5159,0.721883
LOZO lora_only nu50,41.387959,3440,0.501,0.721883
LOZO lora_only nu50,41.508273,3450,0.4182,0.721883
LOZO lora_only nu50,41.628586,3460,0.4887,0.721883
LOZO lora_only nu50,41.748900,3470,0.4376,0.721883
LOZO lora_only nu50,41.869214,3480,0.4448,0.721883
LOZO lora_only nu50,41.989528,3490,0.4563,0.721883
LOZO lora_only nu50,42.109842,3500,0.4089,0.721883
LOZO lora_only nu50,42.230156,3510,0.4782,0.721883
LOZO lora_only nu50,42.350469,3520,0.4306,0.721883
LOZO lora_only nu50,42.470783,3530,0.6145,0.721883
LOZO lora_only nu50,42.591097,3540,0.4651,0.721883
LOZO lora_only nu50,42.711411,3550,0.4078,0.721883
LOZO lora_only nu50,42.831725,3560,0.4972,0.721883
LOZO lora_only nu50,42.952039,3570,0.426,0.721883
LOZO lora_only nu50,43.072352,3580,0.3898,0.721883
LOZO lora_only nu50,43.192666,3590,0.4482,0.721883
LOZO lora_only nu50,43.312980,3600,0.4375,0.721883
LOZO lora_only nu50,43.433294,3610,0.4438,0.721883
LOZO lora_only nu50,43.553608,3620,0.4839,0.721883
LOZO lora_only nu50,43.673922,3630,0.4779,0.721883
LOZO lora_only nu50,43.794235,3640,0.4666,0.721883
LOZO lora_only nu50,43.914549,3650,0.479,0.721883
LOZO lora_only nu50,44.034863,3660,0.4418,0.721883
LOZO lora_only nu50,44.155177,3670,0.4873,0.721883
LOZO lora_only nu50,44.275491,3680,0.4248,0.721883
LOZO lora_only nu50,44.395805,3690,0.4377,0.721883
LOZO lora_only nu50,44.516118,3700,0.4824,0.721883
LOZO lora_only nu50,44.636432,3710,0.4624,0.721883
LOZO lora_only nu50,44.756746,3720,0.4281,0.721883
LOZO lora_only nu50,44.877060,3730,0.4827,0.721883
LOZO lora_only nu50,44.997374,3740,0.4613,0.721883
LOZO lora_only nu50,45.117688,3750,0.4675,0.721883
LOZO lora_only nu50,45.238001,3760,0.4251,0.721883
LOZO lora_only nu50,45.358315,3770,0.4463,0.721883
LOZO lora_only nu50,45.478629,3780,0.4198,0.721883
LOZO lora_only nu50,45.598943,3790,0.4424,0.721883
LOZO lora_only nu50,45.719257,3800,0.4174,0.721883
LOZO lora_only nu50,45.839571,3810,0.4356,0.721883
LOZO lora_only nu50,45.959884,3820,0.4394,0.721883
LOZO lora_only nu50,46.080198,3830,0.4813,0.721883
LOZO lora_only nu50,46.200512,3840,0.4414,0.721883
LOZO lora_only nu50,46.320826,3850,0.4251,0.721883
LOZO lora_only nu50,46.441140,3860,0.4335,0.721883
LOZO lora_only nu50,46.561453,3870,0.425,0.721883
LOZO lora_only nu50,46.681767,3880,0.4432,0.721883
LOZO lora_only nu50,46.802081,3890,0.4988,0.721883
LOZO lora_only nu50,46.922395,3900,0.4386,0.721883
LOZO lora_only nu50,47.042709,3910,0.456,0.721883
LOZO lora_only nu50,47.163023,3920,0.505,0.721883
LOZO lora_only nu50,47.283337,3930,0.4494,0.721883
LOZO lora_only nu50,47.403650,3940,0.4378,0.721883
LOZO lora_only nu50,47.523964,3950,0.431,0.721883
LOZO lora_only nu50,47.644278,3960,0.4759,0.721883
LOZO lora_only nu50,47.764592,3970,0.4255,0.721883
LOZO lora_only nu50,47.884906,3980,0.4129,0.721883
LOZO lora_only nu50,48.005220,3990,0.3849,0.721883
LOZO lora_only nu50,48.125533,4000,0.4341,0.721883
LOZO lora_only nu50,48.245847,4010,0.491,0.721883
LOZO lora_only nu50,48.366161,4020,0.4833,0.721883
LOZO lora_only nu50,48.486475,4030,0.4241,0.721883
LOZO lora_only nu50,48.606789,4040,0.4371,0.721883
LOZO lora_only nu50,48.727103,4050,0.4185,0.721883
LOZO lora_only nu50,48.847416,4060,0.4834,0.721883
LOZO lora_only nu50,48.967730,4070,0.4539,0.721883
LOZO lora_only nu50,49.088044,4080,0.4198,0.721883
LOZO lora_only nu50,49.208358,4090,0.4068,0.721883
LOZO lora_only nu50,49.328672,4100,0.4976,0.721883
LOZO lora_only nu50,49.448986,4110,0.4872,0.721883
LOZO lora_only nu50,49.569299,4120,0.369,0.721883
LOZO lora_only nu50,49.689613,4130,0.5089,0.721883
LOZO lora_only nu50,49.809927,4140,0.4934,0.721883
LOZO lora_only nu50,49.930241,4150,0.4311,0.721883
LOZO lora_only nu50,50.050555,4160,0.4311,0.721883
LOZO lora_only nu50,50.170869,4170,0.3945,0.721883
LOZO lora_only nu50,50.291182,4180,0.4446,0.721883
LOZO lora_only nu50,50.411496,4190,0.4478,0.721883
LOZO lora_only nu50,50.531810,4200,0.4245,0.721883
LOZO lora_only nu50,50.652124,4210,0.4609,0.721883
LOZO lora_only nu50,50.772438,4220,0.3906,0.721883
LOZO lora_only nu50,50.892752,4230,0.4767,0.721883
LOZO lora_only nu50,51.013065,4240,0.4531,0.721883
LOZO lora_only nu50,51.133379,4250,0.4318,0.721883
LOZO lora_only nu50,51.253693,4260,0.4497,0.721883
LOZO lora_only nu50,51.374007,4270,0.4076,0.721883
LOZO lora_only nu50,51.494321,4280,0.4589,0.721883
LOZO lora_only nu50,51.614635,4290,0.3722,0.721883
LOZO lora_only nu50,51.734948,4300,0.437,0.721883
LOZO lora_only nu50,51.855262,4310,0.4847,0.721883
LOZO lora_only nu50,51.975576,4320,0.4163,0.721883
LOZO lora_only nu50,52.095890,4330,0.4548,0.721883
LOZO lora_only nu50,52.216204,4340,0.4476,0.721883
LOZO lora_only nu50,52.336518,4350,0.4565,0.721883
LOZO lora_only nu50,52.456831,4360,0.4545,0.721883
LOZO lora_only nu50,52.577145,4370,0.4392,0.721883
LOZO lora_only nu50,52.697459,4380,0.4402,0.721883
LOZO lora_only nu50,52.817773,4390,0.4204,0.721883
LOZO lora_only nu50,52.938087,4400,0.411,0.721883
LOZO lora_only nu50,53.058400,4410,0.4333,0.721883
LOZO lora_only nu50,53.178714,4420,0.3758,0.721883
LOZO lora_only nu50,53.299028,4430,0.3922,0.721883
LOZO lora_only nu50,53.419342,4440,0.4689,0.721883
LOZO lora_only nu50,53.539656,4450,0.3974,0.721883
LOZO lora_only nu50,53.659970,4460,0.4623,0.721883
LOZO lora_only nu50,53.780284,4470,0.4092,0.721883
LOZO lora_only nu50,53.900597,4480,0.4764,0.721883
LOZO lora_only nu50,54.020911,4490,0.4342,0.721883
LOZO lora_only nu50,54.141225,4500,0.3732,0.721883
LOZO lora_only nu50,54.261539,4510,0.3963,0.721883
LOZO lora_only nu50,54.381853,4520,0.4469,0.721883
LOZO lora_only nu50,54.502167,4530,0.4886,0.721883
LOZO lora_only nu50,54.622480,4540,0.3947,0.721883
LOZO lora_only nu50,54.742794,4550,0.4071,0.721883
LOZO lora_only nu50,54.863108,4560,0.5002,0.721883
LOZO lora_only nu50,54.983422,4570,0.3829,0.721883
LOZO lora_only nu50,55.103736,4580,0.3897,0.721883
LOZO lora_only nu50,55.224049,4590,0.4556,0.721883
LOZO lora_only nu50,55.344363,4600,0.4882,0.721883
LOZO lora_only nu50,55.464677,4610,0.3855,0.721883
LOZO lora_only nu50,55.584991,4620,0.4356,0.721883
LOZO lora_only nu50,55.705305,4630,0.3692,0.721883
LOZO lora_only nu50,55.825619,4640,0.405,0.721883
LOZO lora_only nu50,55.945933,4650,0.4687,0.721883
LOZO lora_only nu50,56.066246,4660,0.4706,0.721883
LOZO lora_only nu50,56.186560,4670,0.4434,0.721883
LOZO lora_only nu50,56.306874,4680,0.4597,0.721883
LOZO lora_only nu50,56.427188,4690,0.4592,0.721883
LOZO lora_only nu50,56.547502,4700,0.4373,0.721883
LOZO lora_only nu50,56.667816,4710,0.4173,0.721883
LOZO lora_only nu50,56.788129,4720,0.4539,0.721883
LOZO lora_only nu50,56.908443,4730,0.3962,0.721883
LOZO lora_only nu50,57.028757,4740,0.4611,0.721883
LOZO lora_only nu50,57.149071,4750,0.3692,0.721883
LOZO lora_only nu50,57.269385,4760,0.3655,0.721883
LOZO lora_only nu50,57.389699,4770,0.484,0.721883
LOZO lora_only nu50,57.510012,4780,0.4268,0.721883
LOZO lora_only nu50,57.630326,4790,0.4517,0.721883
LOZO lora_only nu50,57.750640,4800,0.3994,0.721883
LOZO lora_only nu50,57.870954,4810,0.4524,0.721883
LOZO lora_only nu50,57.991268,4820,0.3786,0.721883
LOZO lora_only nu50,58.111582,4830,0.4024,0.721883
LOZO lora_only nu50,58.231895,4840,0.4112,0.721883
LOZO lora_only nu50,58.352209,4850,0.3946,0.721883
LOZO lora_only nu50,58.472523,4860,0.4447,0.721883
LOZO lora_only nu50,58.592837,4870,0.4247,0.721883
LOZO lora_only nu50,58.713151,4880,0.3797,0.721883
LOZO lora_only nu50,58.833465,4890,0.4644,0.721883
LOZO lora_only nu50,58.953778,4900,0.4335,0.721883
LOZO lora_only nu50,59.074092,4910,0.4227,0.721883
LOZO lora_only nu50,59.194406,4920,0.4254,0.721883
LOZO lora_only nu50,59.314720,4930,0.4119,0.721883
LOZO lora_only nu50,59.435034,4940,0.469,0.721883
LOZO lora_only nu50,59.555348,4950,0.4954,0.721883
LOZO lora_only nu50,59.675661,4960,0.439,0.721883
LOZO lora_only nu50,59.795975,4970,0.3653,0.721883
LOZO lora_only nu50,59.916289,4980,0.4255,0.721883
LOZO lora_only nu50,60.036603,4990,0.3813,0.721883
LOZO lora_only nu50,60.156917,5000,0.4759,0.721883
LOZO lora_only nu50,60.277231,5010,0.3989,0.721883
LOZO lora_only nu50,60.397544,5020,0.3851,0.721883
LOZO lora_only nu50,60.517858,5030,0.4272,0.721883
LOZO lora_only nu50,60.638172,5040,0.4196,0.721883
LOZO lora_only nu50,60.758486,5050,0.3868,0.721883
LOZO lora_only nu50,60.878800,5060,0.4452,0.721883
LOZO lora_only nu50,60.999114,5070,0.414,0.721883
LOZO lora_only nu50,61.119427,5080,0.3974,0.721883
LOZO lora_only nu50,61.239741,5090,0.4574,0.721883
LOZO lora_only nu50,61.360055,5100,0.4094,0.721883
LOZO lora_only nu50,61.480369,5110,0.4167,0.721883
LOZO lora_only nu50,61.600683,5120,0.4729,0.721883
LOZO lora_only nu50,61.720996,5130,0.4256,0.721883
LOZO lora_only nu50,61.841310,5140,0.4373,0.721883
LOZO lora_only nu50,61.961624,5150,0.4308,0.721883
LOZO lora_only nu50,62.081938,5160,0.3741,0.721883
LOZO lora_only nu50,62.202252,5170,0.3929,0.721883
LOZO lora_only nu50,62.322566,5180,0.459,0.721883
LOZO lora_only nu50,62.442880,5190,0.412,0.721883
LOZO lora_only nu50,62.563193,5200,0.4043,0.721883
LOZO lora_only nu50,62.683507,5210,0.3632,0.721883
LOZO lora_only nu50,62.803821,5220,0.4511,0.721883
LOZO lora_only nu50,62.924135,5230,0.3706,0.721883
LOZO lora_only nu50,63.044449,5240,0.4175,0.721883
LOZO lora_only nu50,63.164763,5250,0.4479,0.721883
LOZO lora_only nu50,63.285076,5260,0.448,0.721883
LOZO lora_only nu50,63.405390,5270,0.4767,0.721883
LOZO lora_only nu50,63.525704,5280,0.3923,0.721883
LOZO lora_only nu50,63.646018,5290,0.3383,0.721883
LOZO lora_only nu50,63.766332,5300,0.467,0.721883
LOZO lora_only nu50,63.886646,5310,0.444,0.721883
LOZO lora_only nu50,64.006959,5320,0.3985,0.721883
LOZO lora_only nu50,64.127273,5330,0.4409,0.721883
LOZO lora_only nu50,64.247587,5340,0.4357,0.721883
LOZO lora_only nu50,64.367901,5350,0.4489,0.721883
LOZO lora_only nu50,64.488215,5360,0.4027,0.721883
LOZO lora_only nu50,64.608529,5370,0.4644,0.721883
LOZO lora_only nu50,64.728842,5380,0.3975,0.721883
LOZO lora_only nu50,64.849156,5390,0.4448,0.721883
LOZO lora_only nu50,64.969470,5400,0.4322,0.721883
LOZO lora_only nu50,65.089784,5410,0.4223,0.721883
LOZO lora_only nu50,65.210098,5420,0.3992,0.721883
LOZO lora_only nu50,65.330412,5430,0.393,0.721883
LOZO lora_only nu50,65.450725,5440,0.4842,0.721883
LOZO lora_only nu50,65.571039,5450,0.4481,0.721883
LOZO lora_only nu50,65.691353,5460,0.4506,0.721883
LOZO lora_only nu50,65.811667,5470,0.4328,0.721883
LOZO lora_only nu50,65.931981,5480,0.3784,0.721883
LOZO lora_only nu50,66.052295,5490,0.451,0.721883
LOZO lora_only nu50,66.172608,5500,0.3642,0.721883
LOZO lora_only nu50,66.292922,5510,0.4484,0.721883
LOZO lora_only nu50,66.413236,5520,0.3949,0.721883
LOZO lora_only nu50,66.533550,5530,0.4923,0.721883
LOZO lora_only nu50,66.653864,5540,0.418,0.721883
LOZO lora_only nu50,66.774178,5550,0.4083,0.721883
LOZO lora_only nu50,66.894491,5560,0.4783,0.721883
LOZO lora_only nu50,67.014805,5570,0.433,0.721883
LOZO lora_only nu50,67.135119,5580,0.4071,0.721883
LOZO lora_only nu50,67.255433,5590,0.4063,0.721883
LOZO lora_only nu50,67.375747,5600,0.4169,0.721883
LOZO lora_only nu50,67.496061,5610,0.4078,0.721883
LOZO lora_only nu50,67.616374,5620,0.455,0.721883
LOZO lora_only nu50,67.736688,5630,0.4406,0.721883
LOZO lora_only nu50,67.857002,5640,0.3891,0.721883
LOZO lora_only nu50,67.977316,5650,0.4059,0.721883
LOZO lora_only nu50,68.097630,5660,0.444,0.721883
LOZO lora_only nu50,68.217944,5670,0.5018,0.721883
vLLM lora_only nu50,0.026634,10,0.916522,0.159806
vLLM lora_only nu50,0.053269,20,0.933917,0.159806
vLLM lora_only nu50,0.079903,30,0.863677,0.159806
vLLM lora_only nu50,0.106537,40,0.760017,0.159806
vLLM lora_only nu50,0.133172,50,0.82516,0.159806
vLLM lora_only nu50,0.159806,60,0.730375,0.159806
vLLM lora_only nu50,0.186440,70,0.818235,0.159806
vLLM lora_only nu50,0.213075,80,0.913667,0.159806
vLLM lora_only nu50,0.239709,90,0.832606,0.159806
vLLM lora_only nu50,0.266343,100,0.785582,0.159806
vLLM lora_only nu50,0.292978,110,0.761672,0.159806
vLLM lora_only nu50,0.319612,120,0.781759,0.159806
vLLM lora_only nu50,0.346246,130,0.775251,0.159806
vLLM lora_only nu50,0.372881,140,0.934363,0.159806
vLLM lora_only nu50,0.399515,150,0.770674,0.159806
vLLM lora_only nu50,0.426149,160,0.754124,0.159806
vLLM lora_only nu50,0.452784,170,0.782032,0.159806
vLLM lora_only nu50,0.479418,180,0.765706,0.159806
vLLM lora_only nu50,0.506052,190,0.777384,0.159806
vLLM lora_only nu50,0.532687,200,0.992125,0.159806
vLLM lora_only nu50,0.559321,210,0.795527,0.159806
vLLM lora_only nu50,0.585955,220,0.833889,0.159806
vLLM lora_only nu50,0.612590,230,0.700854,0.159806
vLLM lora_only nu50,0.639224,240,0.824262,0.159806
vLLM lora_only nu50,0.665858,250,0.703096,0.159806
vLLM lora_only nu50,0.692493,260,0.892769,0.159806
vLLM lora_only nu50,0.719127,270,0.783672,0.159806
vLLM lora_only nu50,0.745761,280,0.819453,0.159806
vLLM lora_only nu50,0.772396,290,0.636843,0.159806
vLLM lora_only nu50,0.799030,300,0.756921,0.159806
vLLM lora_only nu50,0.825664,310,0.713304,0.159806
vLLM lora_only nu50,0.852299,320,0.8289,0.159806
vLLM lora_only nu50,0.878933,330,0.777651,0.159806
vLLM lora_only nu50,0.905567,340,0.75803,0.159806
vLLM lora_only nu50,0.932202,350,0.620011,0.159806
vLLM lora_only nu50,0.958836,360,0.745841,0.159806
vLLM lora_only nu50,0.985470,370,0.74537,0.159806
vLLM lora_only nu50,1.012105,380,0.707554,0.159806
vLLM lora_only nu50,1.038739,390,0.850211,0.159806
vLLM lora_only nu50,1.065373,400,0.686588,0.159806
vLLM lora_only nu50,1.092008,410,0.682333,0.159806
vLLM lora_only nu50,1.118642,420,0.656043,0.159806
vLLM lora_only nu50,1.145276,430,0.768054,0.159806
vLLM lora_only nu50,1.171911,440,0.692016,0.159806
vLLM lora_only nu50,1.198545,450,0.810682,0.159806
vLLM lora_only nu50,1.225179,460,0.642079,0.159806
vLLM lora_only nu50,1.251814,470,0.647948,0.159806
vLLM lora_only nu50,1.278448,480,0.661555,0.159806
vLLM lora_only nu50,1.305082,490,0.640049,0.159806
vLLM lora_only nu50,1.331717,500,0.65234,0.159806
vLLM lora_only nu50,1.358351,510,0.865631,0.159806
vLLM lora_only nu50,1.384985,520,0.666965,0.159806
vLLM lora_only nu50,1.411620,530,0.669954,0.159806
vLLM lora_only nu50,1.438254,540,0.642927,0.159806
vLLM lora_only nu50,1.464888,550,0.702439,0.159806
vLLM lora_only nu50,1.491523,560,0.640476,0.159806
vLLM lora_only nu50,1.518157,570,0.770891,0.159806
vLLM lora_only nu50,1.544791,580,0.689666,0.159806
vLLM lora_only nu50,1.571426,590,0.685349,0.159806
vLLM lora_only nu50,1.598060,600,0.564604,0.159806
vLLM lora_only nu50,1.624694,610,0.714172,0.159806
vLLM lora_only nu50,1.651329,620,0.691632,0.159806
vLLM lora_only nu50,1.677963,630,0.747123,0.159806
vLLM lora_only nu50,1.704597,640,0.727479,0.159806
vLLM lora_only nu50,1.731232,650,0.720983,0.159806
vLLM lora_only nu50,1.757866,660,0.587179,0.159806
vLLM lora_only nu50,1.784500,670,0.680854,0.159806
vLLM lora_only nu50,1.811135,680,0.646179,0.159806
vLLM lora_only nu50,1.837769,690,0.68023,0.159806
vLLM lora_only nu50,1.864403,700,0.742516,0.159806
vLLM lora_only nu50,1.891038,710,0.671807,0.159806
vLLM lora_only nu50,1.917672,720,0.664733,0.159806
vLLM lora_only nu50,1.944306,730,0.624488,0.159806
vLLM lora_only nu50,1.970941,740,0.676957,0.159806
vLLM lora_only nu50,1.997575,750,0.62687,0.159806
vLLM lora_only nu50,2.024209,760,0.769781,0.159806
vLLM lora_only nu50,2.050844,770,0.641051,0.159806
vLLM lora_only nu50,2.077478,780,0.677169,0.159806
vLLM lora_only nu50,2.104112,790,0.621559,0.159806
vLLM lora_only nu50,2.130747,800,0.592501,0.159806
vLLM lora_only nu50,2.157381,810,0.585903,0.159806
vLLM lora_only nu50,2.184015,820,0.764314,0.159806
vLLM lora_only nu50,2.210650,830,0.643583,0.159806
vLLM lora_only nu50,2.237284,840,0.608163,0.159806
vLLM lora_only nu50,2.263918,850,0.579449,0.159806
vLLM lora_only nu50,2.290553,860,0.719095,0.159806
vLLM lora_only nu50,2.317187,870,0.675975,0.159806
vLLM lora_only nu50,2.343821,880,0.734245,0.159806
vLLM lora_only nu50,2.370456,890,0.617126,0.159806
vLLM lora_only nu50,2.397090,900,0.665592,0.159806
vLLM lora_only nu50,2.423724,910,0.575847,0.159806
vLLM lora_only nu50,2.450359,920,0.662094,0.159806
vLLM lora_only nu50,2.476993,930,0.622338,0.159806
vLLM lora_only nu50,2.503627,940,0.712291,0.159806
vLLM lora_only nu50,2.530262,950,0.6784,0.159806
vLLM lora_only nu50,2.556896,960,0.632341,0.159806
vLLM lora_only nu50,2.583530,970,0.574711,0.159806
vLLM lora_only nu50,2.610165,980,0.618672,0.159806
vLLM lora_only nu50,2.636799,990,0.592638,0.159806
vLLM lora_only nu50,2.663433,1000,0.591971,0.159806
vLLM lora_only nu50,2.690068,1010,0.70746,0.159806
vLLM lora_only nu50,2.716702,1020,0.602225,0.159806
vLLM lora_only nu50,2.743336,1030,0.574273,0.159806
vLLM lora_only nu50,2.769971,1040,0.523671,0.159806
vLLM lora_only nu50,2.796605,1050,0.605268,0.159806
vLLM lora_only nu50,2.823239,1060,0.618764,0.159806
vLLM lora_only nu50,2.849874,1070,0.679575,0.159806
vLLM lora_only nu50,2.876508,1080,0.573124,0.159806
vLLM lora_only nu50,2.903142,1090,0.569728,0.159806
vLLM lora_only nu50,2.929777,1100,0.567561,0.159806
vLLM lora_only nu50,2.956411,1110,0.541023,0.159806
vLLM lora_only nu50,2.983045,1120,0.543006,0.159806
vLLM lora_only nu50,3.009680,1130,0.640211,0.159806
vLLM lora_only nu50,3.036314,1140,0.560653,0.159806
vLLM lora_only nu50,3.062948,1150,0.616895,0.159806
vLLM lora_only nu50,3.089583,1160,0.520158,0.159806
vLLM lora_only nu50,3.116217,1170,0.557274,0.159806
vLLM lora_only nu50,3.142851,1180,0.528381,0.159806
vLLM lora_only nu50,3.169486,1190,0.64597,0.159806
vLLM lora_only nu50,3.196120,1200,0.617779,0.159806
vLLM lora_only nu50,3.222754,1210,0.56025,0.159806
vLLM lora_only nu50,3.249389,1220,0.473245,0.159806
vLLM lora_only nu50,3.276023,1230,0.541841,0.159806
vLLM lora_only nu50,3.302657,1240,0.504767,0.159806
vLLM lora_only nu50,3.329292,1250,0.634663,0.159806
vLLM lora_only nu50,3.355926,1260,0.549738,0.159806
vLLM lora_only nu50,3.382560,1270,0.591767,0.159806
vLLM lora_only nu50,3.409195,1280,0.499442,0.159806
vLLM lora_only nu50,3.435829,1290,0.548532,0.159806
vLLM lora_only nu50,3.462463,1300,0.49476,0.159806
vLLM lora_only nu50,3.489098,1310,0.525254,0.159806
vLLM lora_only nu50,3.515732,1320,0.632456,0.159806
vLLM lora_only nu50,3.542366,1330,0.595982,0.159806
vLLM lora_only nu50,3.569001,1340,0.587277,0.159806
vLLM lora_only nu50,3.595635,1350,0.5017,0.159806
vLLM lora_only nu50,3.622269,1360,0.567457,0.159806
vLLM lora_only nu50,3.648904,1370,0.527556,0.159806
vLLM lora_only nu50,3.675538,1380,0.645408,0.159806
vLLM lora_only nu50,3.702172,1390,0.512394,0.159806
vLLM lora_only nu50,3.728807,1400,0.549826,0.159806
vLLM lora_only nu50,3.755441,1410,0.535666,0.159806
vLLM lora_only nu50,3.782075,1420,0.526241,0.159806
vLLM lora_only nu50,3.808710,1430,0.488245,0.159806
vLLM lora_only nu50,3.835344,1440,0.645825,0.159806
vLLM lora_only nu50,3.861978,1450,0.526983,0.159806
vLLM lora_only nu50,3.888613,1460,0.513533,0.159806
vLLM lora_only nu50,3.915247,1470,0.458367,0.159806
vLLM lora_only nu50,3.941881,1480,0.548642,0.159806
vLLM lora_only nu50,3.968516,1490,0.451295,0.159806
vLLM lora_only nu50,3.995150,1500,0.6345,0.159806
vLLM lora_only nu50,4.021784,1510,0.573664,0.159806
vLLM lora_only nu50,4.048419,1520,0.570485,0.159806
vLLM lora_only nu50,4.075053,1530,0.479486,0.159806
vLLM lora_only nu50,4.101687,1540,0.567125,0.159806
vLLM lora_only nu50,4.128322,1550,0.496711,0.159806
vLLM lora_only nu50,4.154956,1560,0.57807,0.159806
vLLM lora_only nu50,4.181590,1570,0.581182,0.159806
vLLM lora_only nu50,4.208225,1580,0.55895,0.159806
vLLM lora_only nu50,4.234859,1590,0.451344,0.159806
vLLM lora_only nu50,4.261493,1600,0.546909,0.159806
vLLM lora_only nu50,4.288128,1610,0.514736,0.159806
vLLM lora_only nu50,4.314762,1620,0.501877,0.159806
vLLM lora_only nu50,4.341396,1630,0.622599,0.159806
vLLM lora_only nu50,4.368031,1640,0.549537,0.159806
vLLM lora_only nu50,4.394665,1650,0.526719,0.159806
vLLM lora_only nu50,4.421299,1660,0.501177,0.159806
vLLM lora_only nu50,4.447934,1670,0.487708,0.159806
vLLM lora_only nu50,4.474568,1680,0.483948,0.159806
vLLM lora_only nu50,4.501202,1690,0.612728,0.159806
vLLM lora_only nu50,4.527837,1700,0.496918,0.159806
vLLM lora_only nu50,4.554471,1710,0.477491,0.159806
vLLM lora_only nu50,4.581105,1720,0.514269,0.159806
vLLM lora_only nu50,4.607740,1730,0.502844,0.159806
vLLM lora_only nu50,4.634374,1740,0.491569,0.159806
vLLM lora_only nu50,4.661008,1750,0.61255,0.159806
vLLM lora_only nu50,4.687643,1760,0.520887,0.159806
vLLM lora_only nu50,4.714277,1770,0.521133,0.159806
vLLM lora_only nu50,4.740911,1780,0.438793,0.159806
vLLM lora_only nu50,4.767546,1790,0.535504,0.159806
vLLM lora_only nu50,4.794180,1800,0.488071,0.159806
vLLM lora_only nu50,4.820814,1810,0.58162,0.159806
vLLM lora_only nu50,4.847449,1820,0.557259,0.159806
vLLM lora_only nu50,4.874083,1830,0.486343,0.159806
vLLM lora_only nu50,4.900717,1840,0.436198,0.159806
vLLM lora_only nu50,4.927352,1850,0.503094,0.159806
vLLM lora_only nu50,4.953986,1860,0.497398,0.159806
vLLM lora_only nu50,4.980620,1870,0.50214,0.159806
vLLM lora_only nu50,5.007255,1880,0.536256,0.159806
vLLM lora_only nu50,5.033889,1890,0.512669,0.159806
vLLM lora_only nu50,5.060523,1900,0.436568,0.159806
vLLM lora_only nu50,5.087158,1910,0.529471,0.159806
vLLM lora_only nu50,5.113792,1920,0.462237,0.159806
vLLM lora_only nu50,5.140426,1930,0.459382,0.159806
vLLM lora_only nu50,5.167061,1940,0.564189,0.159806
vLLM lora_only nu50,5.193695,1950,0.501764,0.159806
vLLM lora_only nu50,5.220329,1960,0.508906,0.159806
vLLM lora_only nu50,5.246964,1970,0.456424,0.159806
vLLM lora_only nu50,5.273598,1980,0.499265,0.159806
vLLM lora_only nu50,5.300232,1990,0.46074,0.159806
vLLM lora_only nu50,5.326867,2000,0.56255,0.159806
vLLM lora_only nu50,5.353501,2010,0.506713,0.159806
vLLM lora_only nu50,5.380135,2020,0.488103,0.159806
vLLM lora_only nu50,5.406770,2030,0.496803,0.159806
vLLM lora_only nu50,5.433404,2040,0.489425,0.159806
vLLM lora_only nu50,5.460038,2050,0.455857,0.159806
vLLM lora_only nu50,5.486673,2060,0.566087,0.159806
vLLM lora_only nu50,5.513307,2070,0.490218,0.159806
vLLM lora_only nu50,5.539941,2080,0.495884,0.159806
vLLM lora_only nu50,5.566576,2090,0.478814,0.159806
vLLM lora_only nu50,5.593210,2100,0.486816,0.159806
vLLM lora_only nu50,5.619844,2110,0.439384,0.159806
vLLM lora_only nu50,5.646479,2120,0.540487,0.159806
vLLM lora_only nu50,5.673113,2130,0.527855,0.159806
vLLM lora_only nu50,5.699747,2140,0.468561,0.159806
vLLM lora_only nu50,5.726382,2150,0.435572,0.159806
vLLM lora_only nu50,5.753016,2160,0.46138,0.159806
vLLM lora_only nu50,5.779650,2170,0.450427,0.159806
vLLM lora_only nu50,5.806285,2180,0.485998,0.159806
vLLM lora_only nu50,5.832919,2190,0.508821,0.159806
vLLM lora_only nu50,5.859553,2200,0.490077,0.159806
vLLM lora_only nu50,5.886188,2210,0.453663,0.159806
vLLM lora_only nu50,5.912822,2220,0.493705,0.159806
vLLM lora_only nu50,5.939456,2230,0.489062,0.159806
vLLM lora_only nu50,5.966091,2240,0.474864,0.159806
vLLM lora_only nu50,5.992725,2250,0.515671,0.159806
vLLM lora_only nu50,6.019359,2260,0.509022,0.159806
vLLM lora_only nu50,6.045994,2270,0.49153,0.159806
vLLM lora_only nu50,6.072628,2280,0.478787,0.159806
vLLM lora_only nu50,6.099262,2290,0.507919,0.159806
vLLM lora_only nu50,6.125897,2300,0.453772,0.159806
vLLM lora_only nu50,6.152531,2310,0.550694,0.159806
vLLM lora_only nu50,6.179165,2320,0.462951,0.159806
vLLM lora_only nu50,6.205800,2330,0.461135,0.159806
vLLM lora_only nu50,6.232434,2340,0.425182,0.159806
vLLM lora_only nu50,6.259068,2350,0.445842,0.159806
vLLM lora_only nu50,6.285703,2360,0.468922,0.159806
vLLM lora_only nu50,6.312337,2370,0.535914,0.159806
vLLM lora_only nu50,6.338971,2380,0.465248,0.159806
vLLM lora_only nu50,6.365606,2390,0.456082,0.159806
vLLM lora_only nu50,6.392240,2400,0.436461,0.159806
vLLM lora_only nu50,6.418874,2410,0.45918,0.159806
vLLM lora_only nu50,6.445509,2420,0.443074,0.159806
vLLM lora_only nu50,6.472143,2430,0.518517,0.159806
vLLM lora_only nu50,6.498777,2440,0.48356,0.159806
vLLM lora_only nu50,6.525412,2450,0.487291,0.159806
vLLM lora_only nu50,6.552046,2460,0.432245,0.159806
vLLM lora_only nu50,6.578680,2470,0.465184,0.159806
vLLM lora_only nu50,6.605315,2480,0.49264,0.159806
vLLM lora_only nu50,6.631949,2490,0.503021,0.159806
vLLM lora_only nu50,6.658583,2500,0.498056,0.159806
vLLM lora_only nu50,6.685218,2510,0.495063,0.159806
vLLM lora_only nu50,6.711852,2520,0.428038,0.159806
vLLM lora_only nu50,6.738486,2530,0.512323,0.159806
vLLM lora_only nu50,6.765121,2540,0.461069,0.159806
vLLM lora_only nu50,6.791755,2550,0.412013,0.159806
vLLM lora_only nu50,6.818389,2560,0.499663,0.159806
vLLM lora_only nu50,6.845024,2570,0.448395,0.159806
vLLM lora_only nu50,6.871658,2580,0.437636,0.159806
vLLM lora_only nu50,6.898292,2590,0.462431,0.159806
vLLM lora_only nu50,6.924927,2600,0.448306,0.159806
vLLM lora_only nu50,6.951561,2610,0.412958,0.159806
vLLM lora_only nu50,6.978195,2620,0.493957,0.159806
vLLM lora_only nu50,7.004830,2630,0.42844,0.159806
vLLM lora_only nu50,7.031464,2640,0.43703,0.159806
vLLM lora_only nu50,7.058098,2650,0.447501,0.159806
vLLM lora_only nu50,7.084733,2660,0.467665,0.159806
vLLM lora_only nu50,7.111367,2670,0.446241,0.159806
vLLM lora_only nu50,7.138001,2680,0.523256,0.159806
vLLM lora_only nu50,7.164636,2690,0.455467,0.159806
vLLM lora_only nu50,7.191270,2700,0.454375,0.159806
vLLM lora_only nu50,7.217904,2710,0.411096,0.159806
vLLM lora_only nu50,7.244539,2720,0.484881,0.159806
vLLM lora_only nu50,7.271173,2730,0.405716,0.159806
vLLM lora_only nu50,7.297807,2740,0.487429,0.159806
vLLM lora_only nu50,7.324442,2750,0.466422,0.159806
vLLM lora_only nu50,7.351076,2760,0.490282,0.159806
vLLM lora_only nu50,7.377710,2770,0.452163,0.159806
vLLM lora_only nu50,7.404345,2780,0.436403,0.159806
vLLM lora_only nu50,7.430979,2790,0.485663,0.159806
vLLM lora_only nu50,7.457613,2800,0.432067,0.159806
vLLM lora_only nu50,7.484248,2810,0.501799,0.159806
vLLM lora_only nu50,7.510882,2820,0.45585,0.159806
vLLM lora_only nu50,7.537516,2830,0.420684,0.159806
vLLM lora_only nu50,7.564151,2840,0.459575,0.159806
vLLM lora_only nu50,7.590785,2850,0.418092,0.159806
vLLM lora_only nu50,7.617419,2860,0.433066,0.159806
vLLM lora_only nu50,7.644054,2870,0.52078,0.159806
vLLM lora_only nu50,7.670688,2880,0.462241,0.159806
vLLM lora_only nu50,7.697322,2890,0.452978,0.159806
vLLM lora_only nu50,7.723957,2900,0.429893,0.159806
vLLM lora_only nu50,7.750591,2910,0.468175,0.159806
vLLM lora_only nu50,7.777225,2920,0.410636,0.159806
vLLM lora_only nu50,7.803860,2930,0.529348,0.159806
vLLM lora_only nu50,7.830494,2940,0.399726,0.159806
vLLM lora_only nu50,7.857128,2950,0.424933,0.159806
vLLM lora_only nu50,7.883763,2960,0.441942,0.159806
vLLM lora_only nu50,7.910397,2970,0.431483,0.159806
vLLM lora_only nu50,7.937031,2980,0.4433,0.159806
vLLM lora_only nu50,7.963666,2990,0.50806,0.159806
vLLM lora_only nu50,7.990300,3000,0.444723,0.159806
vLLM lora_only nu50,8.016934,3010,0.434033,0.159806
vLLM lora_only nu50,8.043569,3020,0.444211,0.159806
vLLM lora_only nu50,8.070203,3030,0.481118,0.159806
vLLM lora_only nu50,8.096837,3040,0.439109,0.159806
vLLM lora_only nu50,8.123472,3050,0.491504,0.159806
vLLM lora_only nu50,8.150106,3060,0.456606,0.159806
vLLM lora_only nu50,8.176740,3070,0.442549,0.159806
vLLM lora_only nu50,8.203375,3080,0.427751,0.159806
vLLM lora_only nu50,8.230009,3090,0.472196,0.159806
vLLM lora_only nu50,8.256643,3100,0.441552,0.159806
vLLM lora_only nu50,8.283278,3110,0.468381,0.159806
vLLM lora_only nu50,8.309912,3120,0.484769,0.159806
vLLM lora_only nu50,8.336546,3130,0.448579,0.159806
vLLM lora_only nu50,8.363181,3140,0.441582,0.159806
vLLM lora_only nu50,8.389815,3150,0.478688,0.159806
vLLM lora_only nu50,8.416449,3160,0.418985,0.159806
vLLM lora_only nu50,8.443084,3170,0.41638,0.159806
vLLM lora_only nu50,8.469718,3180,0.488187,0.159806
vLLM lora_only nu50,8.496352,3190,0.445224,0.159806
vLLM lora_only nu50,8.522987,3200,0.436039,0.159806
vLLM lora_only nu50,8.549621,3210,0.42323,0.159806
vLLM lora_only nu50,8.576255,3220,0.451683,0.159806
vLLM lora_only nu50,8.602890,3230,0.430234,0.159806
vLLM lora_only nu50,8.629524,3240,0.473751,0.159806
vLLM lora_only nu50,8.656158,3250,0.428144,0.159806
vLLM lora_only nu50,8.682793,3260,0.419572,0.159806
vLLM lora_only nu50,8.709427,3270,0.466997,0.159806
vLLM lora_only nu50,8.736061,3280,0.443186,0.159806
vLLM lora_only nu50,8.762696,3290,0.425955,0.159806
vLLM lora_only nu50,8.789330,3300,0.496207,0.159806
vLLM lora_only nu50,8.815964,3310,0.457606,0.159806
vLLM lora_only nu50,8.842599,3320,0.438547,0.159806
vLLM lora_only nu50,8.869233,3330,0.417932,0.159806
vLLM lora_only nu50,8.895867,3340,0.457581,0.159806
vLLM lora_only nu50,8.922502,3350,0.422703,0.159806
vLLM lora_only nu50,8.949136,3360,0.498536,0.159806
vLLM lora_only nu50,8.975770,3370,0.40408,0.159806
vLLM lora_only nu50,9.002405,3380,0.503538,0.159806
vLLM lora_only nu50,9.029039,3390,0.434181,0.159806
vLLM lora_only nu50,9.055673,3400,0.403077,0.159806
vLLM lora_only nu50,9.082308,3410,0.458713,0.159806
vLLM lora_only nu50,9.108942,3420,0.449877,0.159806
vLLM lora_only nu50,9.135576,3430,0.481575,0.159806
vLLM lora_only nu50,9.162211,3440,0.445044,0.159806
vLLM lora_only nu50,9.188845,3450,0.413244,0.159806
vLLM lora_only nu50,9.215479,3460,0.489128,0.159806
vLLM lora_only nu50,9.242114,3470,0.409886,0.159806
vLLM lora_only nu50,9.268748,3480,0.416138,0.159806
vLLM lora_only nu50,9.295382,3490,0.467345,0.159806
vLLM lora_only nu50,9.322017,3500,0.446029,0.159806
vLLM lora_only nu50,9.348651,3510,0.441645,0.159806
vLLM lora_only nu50,9.375285,3520,0.386717,0.159806
vLLM lora_only nu50,9.401920,3530,0.424401,0.159806
vLLM lora_only nu50,9.428554,3540,0.419793,0.159806
vLLM lora_only nu50,9.455188,3550,0.524996,0.159806
vLLM lora_only nu50,9.481823,3560,0.403506,0.159806
vLLM lora_only nu50,9.508457,3570,0.416589,0.159806
vLLM lora_only nu50,9.535091,3580,0.390129,0.159806
vLLM lora_only nu50,9.561726,3590,0.42838,0.159806
vLLM lora_only nu50,9.588360,3600,0.399059,0.159806
vLLM lora_only nu50,9.614994,3610,0.45735,0.159806
vLLM lora_only nu50,9.641629,3620,0.443478,0.159806
vLLM lora_only nu50,9.668263,3630,0.398668,0.159806
vLLM lora_only nu50,9.694897,3640,0.386594,0.159806
vLLM lora_only nu50,9.721532,3650,0.433568,0.159806
vLLM lora_only nu50,9.748166,3660,0.401125,0.159806
vLLM lora_only nu50,9.774800,3670,0.437429,0.159806
vLLM lora_only nu50,9.801435,3680,0.462727,0.159806
vLLM lora_only nu50,9.828069,3690,0.448733,0.159806
vLLM lora_only nu50,9.854703,3700,0.369513,0.159806
vLLM lora_only nu50,9.881338,3710,0.4268,0.159806
vLLM lora_only nu50,9.907972,3720,0.409435,0.159806
vLLM lora_only nu50,9.934606,3730,0.406313,0.159806
vLLM lora_only nu50,9.961241,3740,0.470948,0.159806
vLLM lora_only nu50,9.987875,3750,0.442286,0.159806
vLLM lora_only nu50,10.014509,3760,0.367246,0.159806
vLLM lora_only nu50,10.041144,3770,0.46661,0.159806
vLLM lora_only nu50,10.067778,3780,0.411812,0.159806
vLLM lora_only nu50,10.094412,3790,0.394725,0.159806
vLLM lora_only nu50,10.121047,3800,0.477438,0.159806
vLLM lora_only nu50,10.147681,3810,0.433102,0.159806
vLLM lora_only nu50,10.174315,3820,0.415695,0.159806
vLLM lora_only nu50,10.200950,3830,0.414066,0.159806
vLLM lora_only nu50,10.227584,3840,0.39246,0.159806
vLLM lora_only nu50,10.254218,3850,0.409802,0.159806
vLLM lora_only nu50,10.280853,3860,0.474479,0.159806
vLLM lora_only nu50,10.307487,3870,0.405564,0.159806
vLLM lora_only nu50,10.334121,3880,0.395301,0.159806
vLLM lora_only nu50,10.360756,3890,0.459089,0.159806
vLLM lora_only nu50,10.387390,3900,0.389272,0.159806
vLLM lora_only nu50,10.414024,3910,0.394312,0.159806
vLLM lora_only nu50,10.440659,3920,0.445819,0.159806
vLLM lora_only nu50,10.467293,3930,0.363554,0.159806
vLLM lora_only nu50,10.493927,3940,0.434871,0.159806
vLLM lora_only nu50,10.520562,3950,0.409121,0.159806
vLLM lora_only nu50,10.547196,3960,0.45008,0.159806
vLLM lora_only nu50,10.573830,3970,0.383691,0.159806
vLLM lora_only nu50,10.600465,3980,0.439089,0.159806
vLLM lora_only nu50,10.627099,3990,0.420013,0.159806
vLLM lora_only nu50,10.653733,4000,0.392151,0.159806
vLLM lora_only nu50,10.680368,4010,0.406857,0.159806
vLLM lora_only nu50,10.707002,4020,0.378494,0.159806
vLLM lora_only nu50,10.733636,4030,0.383696,0.159806
vLLM lora_only nu50,10.760271,4040,0.413671,0.159806
vLLM lora_only nu50,10.786905,4050,0.450049,0.159806
vLLM lora_only nu50,10.813539,4060,0.43421,0.159806
vLLM lora_only nu50,10.840174,4070,0.380692,0.159806
vLLM lora_only nu50,10.866808,4080,0.465736,0.159806
vLLM lora_only nu50,10.893442,4090,0.34677,0.159806
vLLM lora_only nu50,10.920077,4100,0.378075,0.159806
vLLM lora_only nu50,10.946711,4110,0.466117,0.159806
vLLM lora_only nu50,10.973345,4120,0.406153,0.159806
vLLM lora_only nu50,10.999980,4130,0.424857,0.159806
vLLM lora_only nu50,11.026614,4140,0.411848,0.159806
vLLM lora_only nu50,11.053248,4150,0.389746,0.159806
vLLM lora_only nu50,11.079883,4160,0.410736,0.159806
vLLM lora_only nu50,11.106517,4170,0.458359,0.159806
vLLM lora_only nu50,11.133151,4180,0.406088,0.159806
vLLM lora_only nu50,11.159786,4190,0.416699,0.159806
vLLM lora_only nu50,11.186420,4200,0.375241,0.159806
vLLM lora_only nu50,11.213054,4210,0.422399,0.159806
vLLM lora_only nu50,11.239689,4220,0.39945,0.159806
vLLM lora_only nu50,11.266323,4230,0.451231,0.159806
vLLM lora_only nu50,11.292957,4240,0.441075,0.159806
vLLM lora_only nu50,11.319592,4250,0.414915,0.159806
vLLM lora_only nu50,11.346226,4260,0.391911,0.159806
vLLM lora_only nu50,11.372860,4270,0.46171,0.159806
vLLM lora_only nu50,11.399495,4280,0.392496,0.159806
vLLM lora_only nu50,11.426129,4290,0.426629,0.159806
vLLM lora_only nu50,11.452763,4300,0.437878,0.159806
vLLM lora_only nu50,11.479398,4310,0.405057,0.159806
vLLM lora_only nu50,11.506032,4320,0.391735,0.159806
vLLM lora_only nu50,11.532666,4330,0.400939,0.159806
vLLM lora_only nu50,11.559301,4340,0.385841,0.159806
vLLM lora_only nu50,11.585935,4350,0.384066,0.159806
vLLM lora_only nu50,11.612569,4360,0.433173,0.159806
vLLM lora_only nu50,11.639204,4370,0.422041,0.159806
vLLM lora_only nu50,11.665838,4380,0.365842,0.159806
vLLM lora_only nu50,11.692472,4390,0.43986,0.159806
vLLM lora_only nu50,11.719107,4400,0.424058,0.159806
vLLM lora_only nu50,11.745741,4410,0.385434,0.159806
vLLM lora_only nu50,11.772375,4420,0.409252,0.159806
vLLM lora_only nu50,11.799010,4430,0.420723,0.159806
vLLM lora_only nu50,11.825644,4440,0.373122,0.159806
vLLM lora_only nu50,11.852278,4450,0.400233,0.159806
vLLM lora_only nu50,11.878913,4460,0.394032,0.159806
vLLM lora_only nu50,11.905547,4470,0.389026,0.159806
vLLM lora_only nu50,11.932181,4480,0.477661,0.159806
vLLM lora_only nu50,11.958816,4490,0.415574,0.159806
vLLM lora_only nu50,11.985450,4500,0.406421,0.159806
vLLM lora_only nu50,12.012084,4510,0.37118,0.159806
vLLM lora_only nu50,12.038719,4520,0.368449,0.159806
vLLM lora_only nu50,12.065353,4530,0.421881,0.159806
vLLM lora_only nu50,12.091987,4540,0.408951,0.159806
vLLM lora_only nu50,12.118622,4550,0.384399,0.159806
vLLM lora_only nu50,12.145256,4560,0.374915,0.159806
vLLM lora_only nu50,12.171890,4570,0.386188,0.159806
vLLM lora_only nu50,12.198525,4580,0.413564,0.159806
vLLM lora_only nu50,12.225159,4590,0.36579,0.159806
vLLM lora_only nu50,12.251793,4600,0.41898,0.159806
vLLM lora_only nu50,12.278428,4610,0.40215,0.159806
vLLM lora_only nu50,12.305062,4620,0.421634,0.159806
vLLM lora_only nu50,12.331696,4630,0.371598,0.159806
vLLM lora_only nu50,12.358331,4640,0.377336,0.159806
vLLM lora_only nu50,12.384965,4650,0.374676,0.159806
vLLM lora_only nu50,12.411599,4660,0.394528,0.159806
vLLM lora_only nu50,12.438234,4670,0.417143,0.159806
vLLM lora_only nu50,12.464868,4680,0.422248,0.159806
vLLM lora_only nu50,12.491502,4690,0.347565,0.159806
vLLM lora_only nu50,12.518137,4700,0.432294,0.159806
vLLM lora_only nu50,12.544771,4710,0.349934,0.159806
vLLM lora_only nu50,12.571405,4720,0.359587,0.159806
vLLM lora_only nu50,12.598040,4730,0.44126,0.159806
vLLM lora_only nu50,12.624674,4740,0.407836,0.159806
vLLM lora_only nu50,12.651308,4750,0.3805,0.159806
vLLM lora_only nu50,12.677943,4760,0.433049,0.159806
vLLM lora_only nu50,12.704577,4770,0.385955,0.159806
vLLM lora_only nu50,12.731211,4780,0.386425,0.159806
vLLM lora_only nu50,12.757846,4790,0.409441,0.159806
vLLM lora_only nu50,12.784480,4800,0.406911,0.159806
vLLM lora_only nu50,12.811114,4810,0.390037,0.159806
vLLM lora_only nu50,12.837749,4820,0.422057,0.159806
vLLM lora_only nu50,12.864383,4830,0.36635,0.159806
vLLM lora_only nu50,12.891017,4840,0.414014,0.159806
vLLM lora_only nu50,12.917652,4850,0.405588,0.159806
vLLM lora_only nu50,12.944286,4860,0.402845,0.159806
vLLM lora_only nu50,12.970920,4870,0.404651,0.159806
vLLM lora_only nu50,12.997555,4880,0.362814,0.159806
vLLM lora_only nu50,13.024189,4890,0.372598,0.159806
vLLM lora_only nu50,13.050823,4900,0.345681,0.159806
vLLM lora_only nu50,13.077458,4910,0.456301,0.159806
vLLM lora_only nu50,13.104092,4920,0.407472,0.159806
vLLM lora_only nu50,13.130726,4930,0.391931,0.159806
vLLM lora_only nu50,13.157361,4940,0.425121,0.159806
vLLM lora_only nu50,13.183995,4950,0.398939,0.159806
vLLM lora_only nu50,13.210629,4960,0.363178,0.159806
vLLM lora_only nu50,13.237264,4970,0.3686,0.159806
vLLM lora_only nu50,13.263898,4980,0.441188,0.159806
vLLM lora_only nu50,13.290532,4990,0.385237,0.159806
vLLM lora_only nu50,13.317167,5000,0.363579,0.159806
vLLM lora_only nu50,13.343801,5010,0.421524,0.159806
vLLM lora_only nu50,13.370435,5020,0.33174,0.159806
vLLM lora_only nu50,13.397070,5030,0.389991,0.159806
vLLM lora_only nu50,13.423704,5040,0.446817,0.159806
vLLM lora_only nu50,13.450338,5050,0.436576,0.159806
vLLM lora_only nu50,13.476973,5060,0.370584,0.159806
vLLM lora_only nu50,13.503607,5070,0.395847,0.159806
vLLM lora_only nu50,13.530241,5080,0.40728,0.159806
vLLM lora_only nu50,13.556876,5090,0.377863,0.159806
vLLM lora_only nu50,13.583510,5100,0.411204,0.159806
vLLM lora_only nu50,13.610144,5110,0.357352,0.159806
vLLM lora_only nu50,13.636779,5120,0.385676,0.159806
vLLM lora_only nu50,13.663413,5130,0.414092,0.159806
vLLM lora_only nu50,13.690047,5140,0.362304,0.159806
vLLM lora_only nu50,13.716682,5150,0.37156,0.159806
vLLM lora_only nu50,13.743316,5160,0.405962,0.159806
vLLM lora_only nu50,13.769950,5170,0.412264,0.159806
vLLM lora_only nu50,13.796585,5180,0.368516,0.159806
vLLM lora_only nu50,13.823219,5190,0.369689,0.159806
vLLM lora_only nu50,13.849853,5200,0.373437,0.159806
vLLM lora_only nu50,13.876488,5210,0.340086,0.159806
vLLM lora_only nu50,13.903122,5220,0.415744,0.159806
vLLM lora_only nu50,13.929756,5230,0.419118,0.159806
vLLM lora_only nu50,13.956391,5240,0.386342,0.159806
vLLM lora_only nu50,13.983025,5250,0.378056,0.159806
vLLM lora_only nu50,14.009659,5260,0.346985,0.159806
vLLM lora_only nu50,14.036294,5270,0.357,0.159806
vLLM lora_only nu50,14.062928,5280,0.359733,0.159806
vLLM lora_only nu50,14.089562,5290,0.404607,0.159806
vLLM lora_only nu50,14.116197,5300,0.395546,0.159806
vLLM lora_only nu50,14.142831,5310,0.386218,0.159806
vLLM lora_only nu50,14.169465,5320,0.427668,0.159806
vLLM lora_only nu50,14.196100,5330,0.394534,0.159806
vLLM lora_only nu50,14.222734,5340,0.369708,0.159806
vLLM lora_only nu50,14.249368,5350,0.46063,0.159806
vLLM lora_only nu50,14.276003,5360,0.437374,0.159806
vLLM lora_only nu50,14.302637,5370,0.416089,0.159806
vLLM lora_only nu50,14.329271,5380,0.42207,0.159806
vLLM lora_only nu50,14.355906,5390,0.398158,0.159806
vLLM lora_only nu50,14.382540,5400,0.390999,0.159806
vLLM lora_only nu50,14.409174,5410,0.385018,0.159806
vLLM lora_only nu50,14.435809,5420,0.360031,0.159806
vLLM lora_only nu50,14.462443,5430,0.392712,0.159806
vLLM lora_only nu50,14.489077,5440,0.425618,0.159806
vLLM lora_only nu50,14.515712,5450,0.34814,0.159806
vLLM lora_only nu50,14.542346,5460,0.43745,0.159806
vLLM lora_only nu50,14.568980,5470,0.409483,0.159806
vLLM lora_only nu50,14.595615,5480,0.375861,0.159806
vLLM lora_only nu50,14.622249,5490,0.384593,0.159806
vLLM lora_only nu50,14.648883,5500,0.361969,0.159806
vLLM lora_only nu50,14.675518,5510,0.412177,0.159806
vLLM lora_only nu50,14.702152,5520,0.34535,0.159806
vLLM lora_only nu50,14.728786,5530,0.383055,0.159806
vLLM lora_only nu50,14.755421,5540,0.420053,0.159806
vLLM lora_only nu50,14.782055,5550,0.356494,0.159806
vLLM lora_only nu50,14.808689,5560,0.390941,0.159806
vLLM lora_only nu50,14.835324,5570,0.401633,0.159806
vLLM lora_only nu50,14.861958,5580,0.404318,0.159806
vLLM lora_only nu50,14.888592,5590,0.388839,0.159806
vLLM lora_only nu50,14.915227,5600,0.418057,0.159806
vLLM lora_only nu50,14.941861,5610,0.379441,0.159806
vLLM lora_only nu50,14.968495,5620,0.381467,0.159806
vLLM lora_only nu50,14.995130,5630,0.406575,0.159806
vLLM lora_only nu50,15.021764,5640,0.36055,0.159806
vLLM lora_only nu50,15.048398,5650,0.366368,0.159806
vLLM lora_only nu50,15.075033,5660,0.401006,0.159806
vLLM lora_only nu50,15.101667,5670,0.405497,0.159806
vLLM lora_only nu50,15.128301,5680,0.385074,0.159806
vLLM lora_only nu50,15.154936,5690,0.392795,0.159806
vLLM lora_only nu50,15.181570,5700,0.33486,0.159806
vLLM lora_only nu50,15.208204,5710,0.357348,0.159806
vLLM lora_only nu50,15.234839,5720,0.419656,0.159806
vLLM lora_only nu50,15.261473,5730,0.312478,0.159806
vLLM lora_only nu50,15.288107,5740,0.385335,0.159806
vLLM lora_only nu50,15.314742,5750,0.377004,0.159806
vLLM lora_only nu50,15.341376,5760,0.37798,0.159806
vLLM lora_only nu50,15.368010,5770,0.386577,0.159806
vLLM lora_only nu50,15.394645,5780,0.433913,0.159806
vLLM lora_only nu50,15.421279,5790,0.365335,0.159806
vLLM lora_only nu50,15.447913,5800,0.384412,0.159806
vLLM lora_only nu50,15.474548,5810,0.410675,0.159806
vLLM lora_only nu50,15.501182,5820,0.428353,0.159806
vLLM lora_only nu50,15.527816,5830,0.393693,0.159806
vLLM lora_only nu50,15.554451,5840,0.43549,0.159806
vLLM lora_only nu50,15.581085,5850,0.398683,0.159806
vLLM lora_only nu50,15.607719,5860,0.357706,0.159806
vLLM lora_only nu50,15.634354,5870,0.355386,0.159806
vLLM lora_only nu50,15.660988,5880,0.357962,0.159806
vLLM lora_only nu50,15.687622,5890,0.368296,0.159806
vLLM lora_only nu50,15.714257,5900,0.381617,0.159806
vLLM lora_only nu50,15.740891,5910,0.423276,0.159806
vLLM lora_only nu50,15.767525,5920,0.40136,0.159806
vLLM lora_only nu50,15.794160,5930,0.355912,0.159806
vLLM lora_only nu50,15.820794,5940,0.379892,0.159806
vLLM lora_only nu50,15.847428,5950,0.345293,0.159806
vLLM lora_only nu50,15.874063,5960,0.362353,0.159806
vLLM lora_only nu50,15.900697,5970,0.431859,0.159806
vLLM lora_only nu50,15.927331,5980,0.413682,0.159806
vLLM lora_only nu50,15.953966,5990,0.34748,0.159806
vLLM lora_only nu50,15.980600,6000,0.366884,0.159806
vLLM lora_only nu50,16.007234,6010,0.365808,0.159806
vLLM lora_only nu50,16.033869,6020,0.349912,0.159806
vLLM lora_only nu50,16.060503,6030,0.402936,0.159806
vLLM lora_only nu50,16.087137,6040,0.355147,0.159806
vLLM lora_only nu50,16.113772,6050,0.38446,0.159806
vLLM lora_only nu50,16.140406,6060,0.404369,0.159806
vLLM lora_only nu50,16.167040,6070,0.376788,0.159806
vLLM lora_only nu50,16.193675,6080,0.393542,0.159806
vLLM lora_only nu50,16.220309,6090,0.399271,0.159806
vLLM lora_only nu50,16.246943,6100,0.412476,0.159806
vLLM lora_only nu50,16.273578,6110,0.369469,0.159806
vLLM lora_only nu50,16.300212,6120,0.371663,0.159806
vLLM lora_only nu50,16.326846,6130,0.363472,0.159806
vLLM lora_only nu50,16.353481,6140,0.342416,0.159806
vLLM lora_only nu50,16.380115,6150,0.428382,0.159806
vLLM lora_only nu50,16.406749,6160,0.341216,0.159806
vLLM lora_only nu50,16.433384,6170,0.333424,0.159806
vLLM lora_only nu50,16.460018,6180,0.386656,0.159806
vLLM lora_only nu50,16.486652,6190,0.40357,0.159806
vLLM lora_only nu50,16.513287,6200,0.414484,0.159806
vLLM lora_only nu50,16.539921,6210,0.369391,0.159806
vLLM lora_only nu50,16.566555,6220,0.412915,0.159806
vLLM lora_only nu50,16.593190,6230,0.371841,0.159806
vLLM lora_only nu50,16.619824,6240,0.365937,0.159806
vLLM lora_only nu50,16.646458,6250,0.380006,0.159806
vLLM lora_only nu50,16.673093,6260,0.343999,0.159806
vLLM lora_only nu50,16.699727,6270,0.353008,0.159806
vLLM lora_only nu50,16.726361,6280,0.378057,0.159806
vLLM lora_only nu50,16.752996,6290,0.371979,0.159806
vLLM lora_only nu50,16.779630,6300,0.351634,0.159806
vLLM lora_only nu50,16.806264,6310,0.346373,0.159806
vLLM lora_only nu50,16.832899,6320,0.341643,0.159806
vLLM lora_only nu50,16.859533,6330,0.329865,0.159806
vLLM lora_only nu50,16.886167,6340,0.398164,0.159806
vLLM lora_only nu50,16.912802,6350,0.353931,0.159806
vLLM lora_only nu50,16.939436,6360,0.379215,0.159806
vLLM lora_only nu50,16.966070,6370,0.424813,0.159806
vLLM lora_only nu50,16.992705,6380,0.370916,0.159806
vLLM lora_only nu50,17.019339,6390,0.40077,0.159806
vLLM lora_only nu50,17.045973,6400,0.38242,0.159806
vLLM lora_only nu50,17.072608,6410,0.355903,0.159806
vLLM lora_only nu50,17.099242,6420,0.37954,0.159806
vLLM lora_only nu50,17.125876,6430,0.354599,0.159806
vLLM lora_only nu50,17.152511,6440,0.381947,0.159806
vLLM lora_only nu50,17.179145,6450,0.324194,0.159806
vLLM lora_only nu50,17.205779,6460,0.401902,0.159806
vLLM lora_only nu50,17.232414,6470,0.377472,0.159806
vLLM lora_only nu50,17.259048,6480,0.377303,0.159806
vLLM lora_only nu50,17.285682,6490,0.360606,0.159806
vLLM lora_only nu50,17.312317,6500,0.339967,0.159806
vLLM lora_only nu50,17.338951,6510,0.320294,0.159806
vLLM lora_only nu50,17.365585,6520,0.321091,0.159806
vLLM lora_only nu50,17.392220,6530,0.366669,0.159806
vLLM lora_only nu50,17.418854,6540,0.377779,0.159806
vLLM lora_only nu50,17.445488,6550,0.317061,0.159806
vLLM lora_only nu50,17.472123,6560,0.384946,0.159806
vLLM lora_only nu50,17.498757,6570,0.319913,0.159806
vLLM lora_only nu50,17.525391,6580,0.34253,0.159806
vLLM lora_only nu50,17.552026,6590,0.386079,0.159806
vLLM lora_only nu50,17.578660,6600,0.382722,0.159806
vLLM lora_only nu50,17.605294,6610,0.355287,0.159806
vLLM lora_only nu50,17.631929,6620,0.361685,0.159806
vLLM lora_only nu50,17.658563,6630,0.368208,0.159806
vLLM lora_only nu50,17.685197,6640,0.337712,0.159806
vLLM lora_only nu50,17.711832,6650,0.387607,0.159806
vLLM lora_only nu50,17.738466,6660,0.326436,0.159806
vLLM lora_only nu50,17.765100,6670,0.367965,0.159806
vLLM lora_only nu50,17.791735,6680,0.403854,0.159806
vLLM lora_only nu50,17.818369,6690,0.314048,0.159806
vLLM lora_only nu50,17.845003,6700,0.326131,0.159806
vLLM lora_only nu50,17.871638,6710,0.314661,0.159806
vLLM lora_only nu50,17.898272,6720,0.309736,0.159806
vLLM lora_only nu50,17.924906,6730,0.329321,0.159806
vLLM lora_only nu50,17.951541,6740,0.333595,0.159806
vLLM lora_only nu50,17.978175,6750,0.332284,0.159806
vLLM lora_only nu50,18.004809,6760,0.447326,0.159806
vLLM lora_only nu50,18.031444,6770,0.436951,0.159806
vLLM lora_only nu50,18.058078,6780,0.443444,0.159806
vLLM lora_only nu50,18.084712,6790,0.464562,0.159806
vLLM lora_only nu50,18.111347,6800,0.423001,0.159806
vLLM lora_only nu50,18.137981,6810,0.368227,0.159806
vLLM lora_only nu50,18.164615,6820,0.351268,0.159806
vLLM lora_only nu50,18.191250,6830,0.306404,0.159806
vLLM lora_only nu50,18.217884,6840,0.39677,0.159806
vLLM lora_only nu50,18.244518,6850,0.344295,0.159806
vLLM lora_only nu50,18.271153,6860,0.347769,0.159806
vLLM lora_only nu50,18.297787,6870,0.338068,0.159806
vLLM lora_only nu50,18.324421,6880,0.313749,0.159806
vLLM lora_only nu50,18.351056,6890,0.319539,0.159806
vLLM lora_only nu50,18.377690,6900,0.38158,0.159806
vLLM lora_only nu50,18.404324,6910,0.370224,0.159806
vLLM lora_only nu50,18.430959,6920,0.355233,0.159806
vLLM lora_only nu50,18.457593,6930,0.358796,0.159806
vLLM lora_only nu50,18.484227,6940,0.328784,0.159806
vLLM lora_only nu50,18.510862,6950,0.30859,0.159806
vLLM lora_only nu50,18.537496,6960,0.37627,0.159806
vLLM lora_only nu50,18.564130,6970,0.358857,0.159806
vLLM lora_only nu50,18.590765,6980,0.319012,0.159806
vLLM lora_only nu50,18.617399,6990,0.35549,0.159806
vLLM lora_only nu50,18.644033,7000,0.324704,0.159806
vLLM lora_only nu50,18.670668,7010,0.387648,0.159806
vLLM lora_only nu50,18.697302,7020,0.386881,0.159806
vLLM lora_only nu50,18.723936,7030,0.306057,0.159806
vLLM lora_only nu50,18.750571,7040,0.315819,0.159806
vLLM lora_only nu50,18.777205,7050,0.338474,0.159806
vLLM lora_only nu50,18.803839,7060,0.346729,0.159806
vLLM lora_only nu50,18.830474,7070,0.401574,0.159806
vLLM lora_only nu50,18.857108,7080,0.396034,0.159806
vLLM lora_only nu50,18.883742,7090,0.335137,0.159806
vLLM lora_only nu50,18.910377,7100,0.381637,0.159806
vLLM lora_only nu50,18.937011,7110,0.315803,0.159806
vLLM lora_only nu50,18.963645,7120,0.33604,0.159806
vLLM lora_only nu50,18.990280,7130,0.344584,0.159806
vLLM lora_only nu50,19.016914,7140,0.337921,0.159806
vLLM lora_only nu50,19.043548,7150,0.372644,0.159806
vLLM lora_only nu50,19.070183,7160,0.365459,0.159806
vLLM lora_only nu50,19.096817,7170,0.34415,0.159806
vLLM lora_only nu50,19.123451,7180,0.365274,0.159806
vLLM lora_only nu50,19.150086,7190,0.328497,0.159806
vLLM lora_only nu50,19.176720,7200,0.328827,0.159806
vLLM lora_only nu50,19.203354,7210,0.386609,0.159806
vLLM lora_only nu50,19.229989,7220,0.352963,0.159806
vLLM lora_only nu50,19.256623,7230,0.326933,0.159806
vLLM lora_only nu50,19.283257,7240,0.339099,0.159806
vLLM lora_only nu50,19.309892,7250,0.312092,0.159806
vLLM lora_only nu50,19.336526,7260,0.349662,0.159806
vLLM lora_only nu50,19.363160,7270,0.370402,0.159806
vLLM lora_only nu50,19.389795,7280,0.34114,0.159806
vLLM lora_only nu50,19.416429,7290,0.363318,0.159806
vLLM lora_only nu50,19.443063,7300,0.377994,0.159806
vLLM lora_only nu50,19.469698,7310,0.313933,0.159806
vLLM lora_only nu50,19.496332,7320,0.351528,0.159806
vLLM lora_only nu50,19.522966,7330,0.376613,0.159806
vLLM lora_only nu50,19.549601,7340,0.318829,0.159806
vLLM lora_only nu50,19.576235,7350,0.317779,0.159806
vLLM lora_only nu50,19.602869,7360,0.463136,0.159806
vLLM lora_only nu50,19.629504,7370,0.467191,0.159806
vLLM lora_only nu50,19.656138,7380,0.440114,0.159806
vLLM lora_only nu50,19.682772,7390,0.453545,0.159806
vLLM lora_only nu50,19.709407,7400,0.412286,0.159806
vLLM lora_only nu50,19.736041,7410,0.369239,0.159806
vLLM lora_only nu50,19.762675,7420,0.34615,0.159806
vLLM lora_only nu50,19.789310,7430,0.337744,0.159806
vLLM lora_only nu50,19.815944,7440,0.329562,0.159806
vLLM lora_only nu50,19.842578,7450,0.368035,0.159806
vLLM lora_only nu50,19.869213,7460,0.390307,0.159806
vLLM lora_only nu50,19.895847,7470,0.369774,0.159806
vLLM lora_only nu50,19.922481,7480,0.342128,0.159806
vLLM lora_only nu50,19.949116,7490,0.347235,0.159806
vLLM lora_only nu50,19.975750,7500,0.31725,0.159806
vLLM lora_only nu50,20.002384,7510,0.282817,0.159806
vLLM lora_only nu50,20.029019,7520,0.338204,0.159806
vLLM lora_only nu50,20.055653,7530,0.346708,0.159806
vLLM lora_only nu50,20.082287,7540,0.297911,0.159806
vLLM lora_only nu50,20.108922,7550,0.299808,0.159806
vLLM lora_only nu50,20.135556,7560,0.425342,0.159806
vLLM lora_only nu50,20.162190,7570,0.357403,0.159806
vLLM lora_only nu50,20.188825,7580,0.416191,0.159806
vLLM lora_only nu50,20.215459,7590,0.36863,0.159806
vLLM lora_only nu50,20.242093,7600,0.411046,0.159806
vLLM lora_only nu50,20.268728,7610,0.378828,0.159806
vLLM lora_only nu50,20.295362,7620,0.347269,0.159806
vLLM lora_only nu50,20.321996,7630,0.378955,0.159806
vLLM lora_only nu50,20.348631,7640,0.384984,0.159806
vLLM lora_only nu50,20.375265,7650,0.3433,0.159806
vLLM lora_only nu50,20.401899,7660,0.366545,0.159806
vLLM lora_only nu50,20.428534,7670,0.36061,0.159806
vLLM lora_only nu50,20.455168,7680,0.41332,0.159806
vLLM lora_only nu50,20.481802,7690,0.357605,0.159806
vLLM lora_only nu50,20.508437,7700,0.356646,0.159806
vLLM lora_only nu50,20.535071,7710,0.328103,0.159806
vLLM lora_only nu50,20.561705,7720,0.346528,0.159806
vLLM lora_only nu50,20.588340,7730,0.360116,0.159806
vLLM lora_only nu50,20.614974,7740,0.32261,0.159806
vLLM lora_only nu50,20.641608,7750,0.304056,0.159806
vLLM lora_only nu50,20.668243,7760,0.318422,0.159806
vLLM lora_only nu50,20.694877,7770,0.35241,0.159806
vLLM lora_only nu50,20.721511,7780,0.335324,0.159806
vLLM lora_only nu50,20.748146,7790,0.290032,0.159806
vLLM lora_only nu50,20.774780,7800,0.36291,0.159806
vLLM lora_only nu50,20.801414,7810,0.299434,0.159806
vLLM lora_only nu50,20.828049,7820,0.297235,0.159806
vLLM lora_only nu50,20.854683,7830,0.335636,0.159806
vLLM lora_only nu50,20.881317,7840,0.346447,0.159806
vLLM lora_only nu50,20.907952,7850,0.318231,0.159806
vLLM lora_only nu50,20.934586,7860,0.313536,0.159806
vLLM lora_only nu50,20.961220,7870,0.295905,0.159806
vLLM lora_only nu50,20.987855,7880,0.295262,0.159806
vLLM lora_only nu50,21.014489,7890,0.343756,0.159806
vLLM lora_only nu50,21.041123,7900,0.363908,0.159806
vLLM lora_only nu50,21.067758,7910,0.311506,0.159806
vLLM lora_only nu50,21.094392,7920,0.330882,0.159806
vLLM lora_only nu50,21.121026,7930,0.317961,0.159806
vLLM lora_only nu50,21.147661,7940,0.313042,0.159806
vLLM lora_only nu50,21.174295,7950,0.405727,0.159806
vLLM lora_only nu50,21.200929,7960,0.304934,0.159806
vLLM lora_only nu50,21.227564,7970,0.339059,0.159806
vLLM lora_only nu50,21.254198,7980,0.342173,0.159806
vLLM lora_only nu50,21.280832,7990,0.313026,0.159806
vLLM lora_only nu50,21.307467,8000,0.31743,0.159806
vLLM lora_only nu50,21.334101,8010,0.365675,0.159806
vLLM lora_only nu50,21.360735,8020,0.325228,0.159806
vLLM lora_only nu50,21.387370,8030,0.341139,0.159806
vLLM lora_only nu50,21.414004,8040,0.312317,0.159806
vLLM lora_only nu50,21.440638,8050,0.297899,0.159806
vLLM lora_only nu50,21.467273,8060,0.321782,0.159806
vLLM lora_only nu50,21.493907,8070,0.33034,0.159806
vLLM lora_only nu50,21.520541,8080,0.389364,0.159806
vLLM lora_only nu50,21.547176,8090,0.340689,0.159806
vLLM lora_only nu50,21.573810,8100,0.282995,0.159806
vLLM lora_only nu50,21.600444,8110,0.362443,0.159806
vLLM lora_only nu50,21.627079,8120,0.280483,0.159806
vLLM lora_only nu50,21.653713,8130,0.299059,0.159806
vLLM lora_only nu50,21.680347,8140,0.361386,0.159806
vLLM lora_only nu50,21.706982,8150,0.341299,0.159806
vLLM lora_only nu50,21.733616,8160,0.294183,0.159806
vLLM lora_only nu50,21.760250,8170,0.35536,0.159806
vLLM lora_only nu50,21.786885,8180,0.304173,0.159806
vLLM lora_only nu50,21.813519,8190,0.358943,0.159806
vLLM lora_only nu50,21.840153,8200,0.323124,0.159806
vLLM lora_only nu50,21.866788,8210,0.372936,0.159806
vLLM lora_only nu50,21.893422,8220,0.336382,0.159806
vLLM lora_only nu50,21.920056,8230,0.317373,0.159806
vLLM lora_only nu50,21.946691,8240,0.294173,0.159806
vLLM lora_only nu50,21.973325,8250,0.3489,0.159806
vLLM lora_only nu50,21.999959,8260,0.343524,0.159806
vLLM lora_only nu50,22.026594,8270,0.306479,0.159806
vLLM lora_only nu50,22.053228,8280,0.342564,0.159806
vLLM lora_only nu50,22.079862,8290,0.316936,0.159806
vLLM lora_only nu50,22.106497,8300,0.306697,0.159806
vLLM lora_only nu50,22.133131,8310,0.32677,0.159806
vLLM lora_only nu50,22.159765,8320,0.329621,0.159806
vLLM lora_only nu50,22.186400,8330,0.331112,0.159806
vLLM lora_only nu50,22.213034,8340,0.318524,0.159806
vLLM lora_only nu50,22.239668,8350,0.311513,0.159806
vLLM lora_only nu50,22.266303,8360,0.314008,0.159806
vLLM lora_only nu50,22.292937,8370,0.30877,0.159806
vLLM lora_only nu50,22.319571,8380,0.276167,0.159806
vLLM lora_only nu50,22.346206,8390,0.3467,0.159806
vLLM lora_only nu50,22.372840,8400,0.317682,0.159806
vLLM lora_only nu50,22.399474,8410,0.307698,0.159806
vLLM lora_only nu50,22.426109,8420,0.328558,0.159806
vLLM lora_only nu50,22.452743,8430,0.363771,0.159806
vLLM lora_only nu50,22.479377,8440,0.333552,0.159806
vLLM lora_only nu50,22.506012,8450,0.327111,0.159806
vLLM lora_only nu50,22.532646,8460,0.327365,0.159806
vLLM lora_only nu50,22.559280,8470,0.3075,0.159806
vLLM lora_only nu50,22.585915,8480,0.287933,0.159806
vLLM lora_only nu50,22.612549,8490,0.317101,0.159806
vLLM lora_only nu50,22.639183,8500,0.312211,0.159806
vLLM lora_only nu50,22.665818,8510,0.362588,0.159806
vLLM lora_only nu50,22.692452,8520,0.293173,0.159806
vLLM lora_only nu50,22.719086,8530,0.350104,0.159806
vLLM lora_only nu50,22.745721,8540,0.338077,0.159806
vLLM lora_only nu50,22.772355,8550,0.321216,0.159806
vLLM lora_only nu50,22.798989,8560,0.340498,0.159806
vLLM lora_only nu50,22.825624,8570,0.326415,0.159806
vLLM lora_only nu50,22.852258,8580,0.307983,0.159806
vLLM lora_only nu50,22.878892,8590,0.346364,0.159806
vLLM lora_only nu50,22.905527,8600,0.300334,0.159806
vLLM lora_only nu50,22.932161,8610,0.297536,0.159806
vLLM lora_only nu50,22.958795,8620,0.320869,0.159806
vLLM lora_only nu50,22.985430,8630,0.335435,0.159806
vLLM lora_only nu50,23.012064,8640,0.318934,0.159806
vLLM lora_only nu50,23.038698,8650,0.327615,0.159806
vLLM lora_only nu50,23.065333,8660,0.298799,0.159806
vLLM lora_only nu50,23.091967,8670,0.32713,0.159806
vLLM lora_only nu50,23.118601,8680,0.298877,0.159806
vLLM lora_only nu50,23.145236,8690,0.274427,0.159806
vLLM lora_only nu50,23.171870,8700,0.328668,0.159806
vLLM lora_only nu50,23.198504,8710,0.34651,0.159806
vLLM lora_only nu50,23.225139,8720,0.261343,0.159806
vLLM lora_only nu50,23.251773,8730,0.336307,0.159806
vLLM lora_only nu50,23.278407,8740,0.295899,0.159806
vLLM lora_only nu50,23.305042,8750,0.269238,0.159806
vLLM lora_only nu50,23.331676,8760,0.311356,0.159806
vLLM lora_only nu50,23.358310,8770,0.351364,0.159806
vLLM lora_only nu50,23.384945,8780,0.313009,0.159806
vLLM lora_only nu50,23.411579,8790,0.334225,0.159806
vLLM lora_only nu50,23.438213,8800,0.309592,0.159806
vLLM lora_only nu50,23.464848,8810,0.306349,0.159806
vLLM lora_only nu50,23.491482,8820,0.35004,0.159806
vLLM lora_only nu50,23.518116,8830,0.323691,0.159806
vLLM lora_only nu50,23.544751,8840,0.342286,0.159806
vLLM lora_only nu50,23.571385,8850,0.315697,0.159806
vLLM lora_only nu50,23.598019,8860,0.276593,0.159806
vLLM lora_only nu50,23.624654,8870,0.348979,0.159806
vLLM lora_only nu50,23.651288,8880,0.38658,0.159806
vLLM lora_only nu50,23.677922,8890,0.312563,0.159806
vLLM lora_only nu50,23.704557,8900,0.315317,0.159806
vLLM lora_only nu50,23.731191,8910,0.324086,0.159806
vLLM lora_only nu50,23.757825,8920,0.306075,0.159806
vLLM lora_only nu50,23.784460,8930,0.325988,0.159806
vLLM lora_only nu50,23.811094,8940,0.33006,0.159806
vLLM lora_only nu50,23.837728,8950,0.316807,0.159806
vLLM lora_only nu50,23.864363,8960,0.257357,0.159806
vLLM lora_only nu50,23.890997,8970,0.294923,0.159806
vLLM lora_only nu50,23.917631,8980,0.310056,0.159806
vLLM lora_only nu50,23.944266,8990,0.294131,0.159806
vLLM lora_only nu50,23.970900,9000,0.299062,0.159806
vLLM lora_only nu50,23.997534,9010,0.426,0.159806
vLLM lora_only nu50,24.024169,9020,0.411524,0.159806
vLLM lora_only nu50,24.050803,9030,0.424641,0.159806
vLLM lora_only nu50,24.077437,9040,0.399507,0.159806
vLLM lora_only nu50,24.104072,9050,0.379768,0.159806
vLLM lora_only nu50,24.130706,9060,0.294202,0.159806
vLLM lora_only nu50,24.157340,9070,0.324119,0.159806
vLLM lora_only nu50,24.183975,9080,0.324204,0.159806
vLLM lora_only nu50,24.210609,9090,0.290451,0.159806
vLLM lora_only nu50,24.237243,9100,0.323076,0.159806
vLLM lora_only nu50,24.263878,9110,0.269432,0.159806
vLLM lora_only nu50,24.290512,9120,0.333685,0.159806
vLLM lora_only nu50,24.317146,9130,0.327076,0.159806
vLLM lora_only nu50,24.343781,9140,0.316248,0.159806
vLLM lora_only nu50,24.370415,9150,0.32319,0.159806
vLLM lora_only nu50,24.397049,9160,0.323399,0.159806
vLLM lora_only nu50,24.423684,9170,0.257277,0.159806
vLLM lora_only nu50,24.450318,9180,0.335664,0.159806
vLLM lora_only nu50,24.476952,9190,0.319468,0.159806
vLLM lora_only nu50,24.503587,9200,0.29544,0.159806
vLLM lora_only nu50,24.530221,9210,0.309158,0.159806
vLLM lora_only nu50,24.556855,9220,0.3305,0.159806
vLLM lora_only nu50,24.583490,9230,0.287594,0.159806
vLLM lora_only nu50,24.610124,9240,0.309296,0.159806
vLLM lora_only nu50,24.636758,9250,0.306237,0.159806
vLLM lora_only nu50,24.663393,9260,0.302416,0.159806
vLLM lora_only nu50,24.690027,9270,0.307031,0.159806
vLLM lora_only nu50,24.716661,9280,0.281769,0.159806
vLLM lora_only nu50,24.743296,9290,0.271618,0.159806
vLLM lora_only nu50,24.769930,9300,0.286079,0.159806
vLLM lora_only nu50,24.796564,9310,0.298552,0.159806
vLLM lora_only nu50,24.823199,9320,0.352662,0.159806
vLLM lora_only nu50,24.849833,9330,0.320896,0.159806
vLLM lora_only nu50,24.876467,9340,0.285729,0.159806
vLLM lora_only nu50,24.903102,9350,0.338256,0.159806
vLLM lora_only nu50,24.929736,9360,0.261054,0.159806
vLLM lora_only nu50,24.956370,9370,0.286186,0.159806
vLLM lora_only nu50,24.983005,9380,0.352449,0.159806
vLLM lora_only nu50,25.009639,9390,0.314882,0.159806
vLLM lora_only nu50,25.036273,9400,0.308376,0.159806
vLLM lora_only nu50,25.062908,9410,0.282957,0.159806
vLLM lora_only nu50,25.089542,9420,0.263713,0.159806
vLLM lora_only nu50,25.116176,9430,0.297411,0.159806
vLLM lora_only nu50,25.142811,9440,0.343883,0.159806
vLLM lora_only nu50,25.169445,9450,0.314256,0.159806
vLLM lora_only nu50,25.196079,9460,0.299395,0.159806
vLLM lora_only nu50,25.222714,9470,0.277739,0.159806
vLLM lora_only nu50,25.249348,9480,0.260897,0.159806
vLLM lora_only nu50,25.275982,9490,0.340668,0.159806
vLLM lora_only nu50,25.302617,9500,0.349757,0.159806
vLLM lora_only nu50,25.329251,9510,0.390732,0.159806
vLLM lora_only nu50,25.355885,9520,0.405541,0.159806
vLLM lora_only nu50,25.382520,9530,0.375915,0.159806
vLLM lora_only nu50,25.409154,9540,0.384516,0.159806
vLLM lora_only nu50,25.435788,9550,0.334522,0.159806
vLLM lora_only nu50,25.462423,9560,0.336205,0.159806
vLLM lora_only nu50,25.489057,9570,0.28698,0.159806
vLLM lora_only nu50,25.515691,9580,0.311961,0.159806
vLLM lora_only nu50,25.542326,9590,0.32132,0.159806
vLLM lora_only nu50,25.568960,9600,0.312116,0.159806
vLLM lora_only nu50,25.595594,9610,0.312923,0.159806
vLLM lora_only nu50,25.622229,9620,0.309541,0.159806
vLLM lora_only nu50,25.648863,9630,0.358179,0.159806
vLLM lora_only nu50,25.675497,9640,0.33668,0.159806
vLLM lora_only nu50,25.702132,9650,0.244079,0.159806
vLLM lora_only nu50,25.728766,9660,0.299824,0.159806
vLLM lora_only nu50,25.755400,9670,0.262979,0.159806
vLLM lora_only nu50,25.782035,9680,0.289899,0.159806
vLLM lora_only nu50,25.808669,9690,0.346509,0.159806
vLLM lora_only nu50,25.835303,9700,0.295595,0.159806
vLLM lora_only nu50,25.861938,9710,0.296594,0.159806
vLLM lora_only nu50,25.888572,9720,0.286099,0.159806
vLLM lora_only nu50,25.915206,9730,0.263275,0.159806
vLLM lora_only nu50,25.941841,9740,0.290328,0.159806
vLLM lora_only nu50,25.968475,9750,0.316302,0.159806
vLLM lora_only nu50,25.995109,9760,0.307828,0.159806
vLLM lora_only nu50,26.021744,9770,0.33768,0.159806
vLLM lora_only nu50,26.048378,9780,0.315798,0.159806
vLLM lora_only nu50,26.075012,9790,0.288754,0.159806
vLLM lora_only nu50,26.101647,9800,0.312472,0.159806
vLLM lora_only nu50,26.128281,9810,0.34611,0.159806
vLLM lora_only nu50,26.154915,9820,0.290128,0.159806
vLLM lora_only nu50,26.181550,9830,0.318814,0.159806
vLLM lora_only nu50,26.208184,9840,0.288496,0.159806
vLLM lora_only nu50,26.234818,9850,0.296128,0.159806
vLLM lora_only nu50,26.261453,9860,0.314374,0.159806
vLLM lora_only nu50,26.288087,9870,0.284012,0.159806
vLLM lora_only nu50,26.314721,9880,0.322354,0.159806
vLLM lora_only nu50,26.341356,9890,0.27816,0.159806
vLLM lora_only nu50,26.367990,9900,0.283604,0.159806
vLLM lora_only nu50,26.394624,9910,0.283597,0.159806
vLLM lora_only nu50,26.421259,9920,0.284349,0.159806
vLLM lora_only nu50,26.447893,9930,0.288226,0.159806
vLLM lora_only nu50,26.474527,9940,0.297265,0.159806
vLLM lora_only nu50,26.501162,9950,0.279282,0.159806
vLLM lora_only nu50,26.527796,9960,0.248365,0.159806
vLLM lora_only nu50,26.554430,9970,0.294219,0.159806
vLLM lora_only nu50,26.581065,9980,0.255373,0.159806
vLLM lora_only nu50,26.607699,9990,0.288547,0.159806
vLLM lora_only nu50,26.634333,10000,0.311048,0.159806
vLLM lora_only nu50,26.660968,10010,0.379452,0.159806
vLLM lora_only nu50,26.687602,10020,0.251441,0.159806
vLLM lora_only nu50,26.714236,10030,0.320384,0.159806
vLLM lora_only nu50,26.740871,10040,0.255572,0.159806
vLLM lora_only nu50,26.767505,10050,0.324095,0.159806
vLLM lora_only nu50,26.794139,10060,0.297243,0.159806
vLLM lora_only nu50,26.820774,10070,0.278732,0.159806
vLLM lora_only nu50,26.847408,10080,0.292615,0.159806
vLLM lora_only nu50,26.874042,10090,0.308293,0.159806
vLLM lora_only nu50,26.900677,10100,0.241003,0.159806
vLLM lora_only nu50,26.927311,10110,0.286176,0.159806
vLLM lora_only nu50,26.953945,10120,0.318542,0.159806
vLLM lora_only nu50,26.980580,10130,0.287284,0.159806
vLLM lora_only nu50,27.007214,10140,0.301694,0.159806
vLLM lora_only nu50,27.033848,10150,0.267463,0.159806
vLLM lora_only nu50,27.060483,10160,0.303348,0.159806
vLLM lora_only nu50,27.087117,10170,0.31739,0.159806
vLLM lora_only nu50,27.113751,10180,0.340759,0.159806
vLLM lora_only nu50,27.140386,10190,0.2905,0.159806
vLLM lora_only nu50,27.167020,10200,0.307804,0.159806
vLLM lora_only nu50,27.193654,10210,0.298673,0.159806
vLLM lora_only nu50,27.220289,10220,0.282509,0.159806
vLLM lora_only nu50,27.246923,10230,0.27393,0.159806
vLLM lora_only nu50,27.273557,10240,0.296355,0.159806
vLLM lora_only nu50,27.300192,10250,0.351484,0.159806
vLLM lora_only nu50,27.326826,10260,0.322133,0.159806
vLLM lora_only nu50,27.353460,10270,0.219662,0.159806
vLLM lora_only nu50,27.380095,10280,0.28634,0.159806
vLLM lora_only nu50,27.406729,10290,0.266988,0.159806
vLLM lora_only nu50,27.433363,10300,0.265733,0.159806
vLLM lora_only nu50,27.459998,10310,0.293426,0.159806
vLLM lora_only nu50,27.486632,10320,0.318222,0.159806
vLLM lora_only nu50,27.513266,10330,0.285162,0.159806
vLLM lora_only nu50,27.539901,10340,0.305227,0.159806
vLLM lora_only nu50,27.566535,10350,0.269617,0.159806
vLLM lora_only nu50,27.593169,10360,0.285129,0.159806
vLLM lora_only nu50,27.619804,10370,0.302841,0.159806
vLLM lora_only nu50,27.646438,10380,0.300492,0.159806
vLLM lora_only nu50,27.673072,10390,0.256565,0.159806
vLLM lora_only nu50,27.699707,10400,0.293336,0.159806
vLLM lora_only nu50,27.726341,10410,0.260506,0.159806
vLLM lora_only nu50,27.752975,10420,0.29943,0.159806
vLLM lora_only nu50,27.779610,10430,0.355829,0.159806
vLLM lora_only nu50,27.806244,10440,0.265689,0.159806
vLLM lora_only nu50,27.832878,10450,0.312766,0.159806
vLLM lora_only nu50,27.859513,10460,0.276359,0.159806
vLLM lora_only nu50,27.886147,10470,0.338677,0.159806
vLLM lora_only nu50,27.912781,10480,0.295429,0.159806
vLLM lora_only nu50,27.939416,10490,0.345655,0.159806
vLLM lora_only nu50,27.966050,10500,0.301368,0.159806
vLLM lora_only nu50,27.992684,10510,0.354025,0.159806
vLLM lora_only nu50,28.019319,10520,0.288337,0.159806
vLLM lora_only nu50,28.045953,10530,0.30217,0.159806
vLLM lora_only nu50,28.072587,10540,0.337742,0.159806
vLLM lora_only nu50,28.099222,10550,0.339397,0.159806
vLLM lora_only nu50,28.125856,10560,0.316948,0.159806
vLLM lora_only nu50,28.152490,10570,0.301881,0.159806
vLLM lora_only nu50,28.179125,10580,0.257362,0.159806
vLLM lora_only nu50,28.205759,10590,0.290449,0.159806
vLLM lora_only nu50,28.232393,10600,0.257801,0.159806
vLLM lora_only nu50,28.259028,10610,0.248575,0.159806
vLLM lora_only nu50,28.285662,10620,0.32063,0.159806
vLLM lora_only nu50,28.312296,10630,0.297267,0.159806
vLLM lora_only nu50,28.338931,10640,0.299311,0.159806
vLLM lora_only nu50,28.365565,10650,0.253807,0.159806
vLLM lora_only nu50,28.392199,10660,0.242293,0.159806
vLLM lora_only nu50,28.418834,10670,0.305589,0.159806
vLLM lora_only nu50,28.445468,10680,0.31458,0.159806
vLLM lora_only nu50,28.472102,10690,0.276424,0.159806
vLLM lora_only nu50,28.498737,10700,0.304136,0.159806
vLLM lora_only nu50,28.525371,10710,0.272383,0.159806
vLLM lora_only nu50,28.552005,10720,0.23031,0.159806
vLLM lora_only nu50,28.578640,10730,0.336184,0.159806
vLLM lora_only nu50,28.605274,10740,0.270734,0.159806
vLLM lora_only nu50,28.631908,10750,0.283162,0.159806
vLLM lora_only nu50,28.658543,10760,0.318523,0.159806
vLLM lora_only nu50,28.685177,10770,0.272713,0.159806
vLLM lora_only nu50,28.711811,10780,0.304064,0.159806
vLLM lora_only nu50,28.738446,10790,0.27826,0.159806
vLLM lora_only nu50,28.765080,10800,0.279945,0.159806
vLLM lora_only nu50,28.791714,10810,0.244333,0.159806
vLLM lora_only nu50,28.818349,10820,0.304288,0.159806
vLLM lora_only nu50,28.844983,10830,0.271175,0.159806
vLLM lora_only nu50,28.871617,10840,0.298581,0.159806
vLLM lora_only nu50,28.898252,10850,0.259548,0.159806
vLLM lora_only nu50,28.924886,10860,0.253878,0.159806
vLLM lora_only nu50,28.951520,10870,0.356137,0.159806
vLLM lora_only nu50,28.978155,10880,0.326715,0.159806
vLLM lora_only nu50,29.004789,10890,0.23407,0.159806
vLLM lora_only nu50,29.031423,10900,0.326056,0.159806
vLLM lora_only nu50,29.058058,10910,0.239404,0.159806
vLLM lora_only nu50,29.084692,10920,0.269275,0.159806
vLLM lora_only nu50,29.111326,10930,0.332272,0.159806
vLLM lora_only nu50,29.137961,10940,0.290947,0.159806
vLLM lora_only nu50,29.164595,10950,0.314379,0.159806
vLLM lora_only nu50,29.191229,10960,0.305649,0.159806
vLLM lora_only nu50,29.217864,10970,0.2801,0.159806
vLLM lora_only nu50,29.244498,10980,0.26977,0.159806
vLLM lora_only nu50,29.271132,10990,0.31897,0.159806
vLLM lora_only nu50,29.297767,11000,0.265531,0.159806
vLLM lora_only nu50,29.324401,11010,0.265034,0.159806
vLLM lora_only nu50,29.351035,11020,0.325993,0.159806
vLLM lora_only nu50,29.377670,11030,0.241892,0.159806
vLLM lora_only nu50,29.404304,11040,0.289299,0.159806
vLLM lora_only nu50,29.430938,11050,0.266921,0.159806
vLLM lora_only nu50,29.457573,11060,0.301994,0.159806
vLLM lora_only nu50,29.484207,11070,0.318689,0.159806
vLLM lora_only nu50,29.510841,11080,0.310538,0.159806
vLLM lora_only nu50,29.537476,11090,0.284331,0.159806
vLLM lora_only nu50,29.564110,11100,0.268056,0.159806
vLLM lora_only nu50,29.590744,11110,0.305785,0.159806
vLLM lora_only nu50,29.617379,11120,0.301167,0.159806
vLLM lora_only nu50,29.644013,11130,0.269309,0.159806
vLLM lora_only nu50,29.670647,11140,0.269886,0.159806
vLLM lora_only nu50,29.697282,11150,0.260811,0.159806
vLLM lora_only nu50,29.723916,11160,0.307188,0.159806
vLLM lora_only nu50,29.750550,11170,0.305384,0.159806
vLLM lora_only nu50,29.777185,11180,0.317275,0.159806
vLLM lora_only nu50,29.803819,11190,0.335906,0.159806
vLLM lora_only nu50,29.830453,11200,0.298609,0.159806
vLLM lora_only nu50,29.857088,11210,0.313251,0.159806
vLLM lora_only nu50,29.883722,11220,0.258522,0.159806
vLLM lora_only nu50,29.910356,11230,0.290722,0.159806
vLLM lora_only nu50,29.936991,11240,0.356766,0.159806
vLLM lora_only nu50,29.963625,11250,0.332983,0.159806
vLLM lora_only nu50,29.990259,11260,0.312646,0.159806
vLLM lora_only nu50,30.016894,11270,0.301899,0.159806
vLLM lora_only nu50,30.043528,11280,0.27022,0.159806
vLLM lora_only nu50,30.070162,11290,0.271348,0.159806
vLLM lora_only nu50,30.096797,11300,0.316258,0.159806
vLLM lora_only nu50,30.123431,11310,0.292408,0.159806
vLLM lora_only nu50,30.150065,11320,0.294708,0.159806
vLLM lora_only nu50,30.176700,11330,0.350158,0.159806
vLLM lora_only nu50,30.203334,11340,0.265887,0.159806
vLLM lora_only nu50,30.229968,11350,0.301329,0.159806
vLLM lora_only nu50,30.256603,11360,0.312343,0.159806
vLLM lora_only nu50,30.283237,11370,0.276043,0.159806
vLLM lora_only nu50,30.309871,11380,0.28602,0.159806
vLLM lora_only nu50,30.336506,11390,0.264721,0.159806
vLLM lora_only nu50,30.363140,11400,0.286591,0.159806
vLLM lora_only nu50,30.389774,11410,0.282224,0.159806
vLLM lora_only nu50,30.416409,11420,0.323894,0.159806
vLLM lora_only nu50,30.443043,11430,0.29313,0.159806
vLLM lora_only nu50,30.469677,11440,0.289678,0.159806
vLLM lora_only nu50,30.496312,11450,0.291311,0.159806
vLLM lora_only nu50,30.522946,11460,0.267026,0.159806
vLLM lora_only nu50,30.549580,11470,0.280901,0.159806
vLLM lora_only nu50,30.576215,11480,0.257406,0.159806
vLLM lora_only nu50,30.602849,11490,0.292902,0.159806
vLLM lora_only nu50,30.629483,11500,0.316687,0.159806
vLLM lora_only nu50,30.656118,11510,0.244185,0.159806
vLLM lora_only nu50,30.682752,11520,0.263223,0.159806
vLLM lora_only nu50,30.709386,11530,0.258974,0.159806
vLLM lora_only nu50,30.736021,11540,0.257733,0.159806
vLLM lora_only nu50,30.762655,11550,0.283892,0.159806
vLLM lora_only nu50,30.789289,11560,0.312792,0.159806
vLLM lora_only nu50,30.815924,11570,0.335048,0.159806
vLLM lora_only nu50,30.842558,11580,0.320118,0.159806
vLLM lora_only nu50,30.869192,11590,0.279496,0.159806
vLLM lora_only nu50,30.895827,11600,0.297876,0.159806
vLLM lora_only nu50,30.922461,11610,0.310055,0.159806
vLLM lora_only nu50,30.949095,11620,0.260236,0.159806
vLLM lora_only nu50,30.975730,11630,0.270099,0.159806
vLLM lora_only nu50,31.002364,11640,0.310784,0.159806
vLLM lora_only nu50,31.028998,11650,0.220363,0.159806
vLLM lora_only nu50,31.055633,11660,0.274789,0.159806
vLLM lora_only nu50,31.082267,11670,0.298746,0.159806
vLLM lora_only nu50,31.108901,11680,0.321111,0.159806
vLLM lora_only nu50,31.135536,11690,0.301551,0.159806
vLLM lora_only nu50,31.162170,11700,0.253395,0.159806
vLLM lora_only nu50,31.188804,11710,0.299051,0.159806
vLLM lora_only nu50,31.215439,11720,0.269754,0.159806
vLLM lora_only nu50,31.242073,11730,0.303084,0.159806
vLLM lora_only nu50,31.268707,11740,0.301167,0.159806
vLLM lora_only nu50,31.295342,11750,0.314697,0.159806
vLLM lora_only nu50,31.321976,11760,0.248208,0.159806
vLLM lora_only nu50,31.348610,11770,0.254209,0.159806
vLLM lora_only nu50,31.375245,11780,0.279328,0.159806
vLLM lora_only nu50,31.401879,11790,0.251894,0.159806
vLLM lora_only nu50,31.428513,11800,0.330542,0.159806
vLLM lora_only nu50,31.455148,11810,0.332804,0.159806
vLLM lora_only nu50,31.481782,11820,0.259283,0.159806
vLLM lora_only nu50,31.508416,11830,0.280059,0.159806
vLLM lora_only nu50,31.535051,11840,0.247513,0.159806
vLLM lora_only nu50,31.561685,11850,0.289007,0.159806
vLLM lora_only nu50,31.588319,11860,0.349792,0.159806
vLLM lora_only nu50,31.614954,11870,0.260876,0.159806
vLLM lora_only nu50,31.641588,11880,0.265115,0.159806
vLLM lora_only nu50,31.668222,11890,0.246912,0.159806
vLLM lora_only nu50,31.694857,11900,0.209101,0.159806
vLLM lora_only nu50,31.721491,11910,0.281166,0.159806
vLLM lora_only nu50,31.748125,11920,0.318023,0.159806
vLLM lora_only nu50,31.774760,11930,0.288566,0.159806
vLLM lora_only nu50,31.801394,11940,0.241315,0.159806
vLLM lora_only nu50,31.828028,11950,0.244584,0.159806
vLLM lora_only nu50,31.854663,11960,0.24022,0.159806
vLLM lora_only nu50,31.881297,11970,0.270719,0.159806
vLLM lora_only nu50,31.907931,11980,0.279539,0.159806
vLLM lora_only nu50,31.934566,11990,0.234038,0.159806
vLLM lora_only nu50,31.961200,12000,0.26428,0.159806
vLLM lora_only nu50,31.987834,12010,0.254082,0.159806
vLLM lora_only nu50,32.014469,12020,0.260232,0.159806
vLLM lora_only nu50,32.041103,12030,0.269959,0.159806
vLLM lora_only nu50,32.067737,12040,0.329977,0.159806
vLLM lora_only nu50,32.094372,12050,0.240657,0.159806
vLLM lora_only nu50,32.121006,12060,0.257535,0.159806
vLLM lora_only nu50,32.147640,12070,0.237033,0.159806
vLLM lora_only nu50,32.174275,12080,0.298927,0.159806
vLLM lora_only nu50,32.200909,12090,0.254963,0.159806
vLLM lora_only nu50,32.227543,12100,0.247627,0.159806
vLLM lora_only nu50,32.254178,12110,0.280838,0.159806
vLLM lora_only nu50,32.280812,12120,0.293677,0.159806
vLLM lora_only nu50,32.307446,12130,0.233704,0.159806
vLLM lora_only nu50,32.334081,12140,0.290349,0.159806
vLLM lora_only nu50,32.360715,12150,0.230936,0.159806
vLLM lora_only nu50,32.387349,12160,0.245696,0.159806
vLLM lora_only nu50,32.413984,12170,0.296106,0.159806
vLLM lora_only nu50,32.440618,12180,0.297827,0.159806
vLLM lora_only nu50,32.467252,12190,0.269412,0.159806
vLLM lora_only nu50,32.493887,12200,0.288028,0.159806
vLLM lora_only nu50,32.520521,12210,0.240262,0.159806
vLLM lora_only nu50,32.547155,12220,0.281067,0.159806
vLLM lora_only nu50,32.573790,12230,0.314754,0.159806
vLLM lora_only nu50,32.600424,12240,0.240917,0.159806
vLLM lora_only nu50,32.627058,12250,0.287598,0.159806
vLLM lora_only nu50,32.653693,12260,0.279347,0.159806
vLLM lora_only nu50,32.680327,12270,0.221898,0.159806
vLLM lora_only nu50,32.706961,12280,0.292031,0.159806
vLLM lora_only nu50,32.733596,12290,0.307343,0.159806
vLLM lora_only nu50,32.760230,12300,0.240626,0.159806
vLLM lora_only nu50,32.786864,12310,0.307922,0.159806
vLLM lora_only nu50,32.813499,12320,0.259329,0.159806
vLLM lora_only nu50,32.840133,12330,0.258845,0.159806
vLLM lora_only nu50,32.866767,12340,0.226405,0.159806
vLLM lora_only nu50,32.893402,12350,0.309572,0.159806
vLLM lora_only nu50,32.920036,12360,0.283113,0.159806
vLLM lora_only nu50,32.946670,12370,0.329678,0.159806
vLLM lora_only nu50,32.973305,12380,0.248378,0.159806
vLLM lora_only nu50,32.999939,12390,0.292592,0.159806
vLLM lora_only nu50,33.026573,12400,0.271868,0.159806
vLLM lora_only nu50,33.053208,12410,0.274384,0.159806
vLLM lora_only nu50,33.079842,12420,0.308924,0.159806
vLLM lora_only nu50,33.106476,12430,0.317321,0.159806
vLLM lora_only nu50,33.133111,12440,0.238626,0.159806
vLLM lora_only nu50,33.159745,12450,0.354559,0.159806
vLLM lora_only nu50,33.186379,12460,0.230635,0.159806
vLLM lora_only nu50,33.213014,12470,0.246575,0.159806
vLLM lora_only nu50,33.239648,12480,0.278497,0.159806
vLLM lora_only nu50,33.266282,12490,0.256169,0.159806
vLLM lora_only nu50,33.292917,12500,0.251243,0.159806
vLLM lora_only nu50,33.319551,12510,0.267943,0.159806
vLLM lora_only nu50,33.346185,12520,0.212921,0.159806
vLLM lora_only nu50,33.372820,12530,0.274227,0.159806
vLLM lora_only nu50,33.399454,12540,0.298172,0.159806
vLLM lora_only nu50,33.426088,12550,0.25836,0.159806
vLLM lora_only nu50,33.452723,12560,0.267497,0.159806
vLLM lora_only nu50,33.479357,12570,0.268806,0.159806
vLLM lora_only nu50,33.505991,12580,0.228932,0.159806
vLLM lora_only nu50,33.532626,12590,0.293707,0.159806
vLLM lora_only nu50,33.559260,12600,0.325614,0.159806
vLLM lora_only nu50,33.585894,12610,0.284155,0.159806
vLLM lora_only nu50,33.612529,12620,0.348092,0.159806
vLLM lora_only nu50,33.639163,12630,0.268346,0.159806
vLLM lora_only nu50,33.665797,12640,0.338928,0.159806
vLLM lora_only nu50,33.692432,12650,0.321515,0.159806
vLLM lora_only nu50,33.719066,12660,0.349918,0.159806
vLLM lora_only nu50,33.745700,12670,0.264429,0.159806
vLLM lora_only nu50,33.772335,12680,0.29919,0.159806
vLLM lora_only nu50,33.798969,12690,0.291769,0.159806
vLLM lora_only nu50,33.825603,12700,0.238986,0.159806
vLLM lora_only nu50,33.852238,12710,0.279717,0.159806
vLLM lora_only nu50,33.878872,12720,0.248128,0.159806
vLLM lora_only nu50,33.905506,12730,0.323259,0.159806
vLLM lora_only nu50,33.932141,12740,0.265249,0.159806
vLLM lora_only nu50,33.958775,12750,0.213653,0.159806
vLLM lora_only nu50,33.985409,12760,0.268331,0.159806
vLLM lora_only nu50,34.012044,12770,0.239989,0.159806
vLLM lora_only nu50,34.038678,12780,0.250796,0.159806
vLLM lora_only nu50,34.065312,12790,0.29902,0.159806
vLLM lora_only nu50,34.091947,12800,0.273745,0.159806
vLLM lora_only nu50,34.118581,12810,0.297803,0.159806
vLLM lora_only nu50,34.145215,12820,0.338147,0.159806
vLLM lora_only nu50,34.171850,12830,0.225685,0.159806
vLLM lora_only nu50,34.198484,12840,0.310572,0.159806
vLLM lora_only nu50,34.225118,12850,0.362658,0.159806
vLLM lora_only nu50,34.251753,12860,0.23789,0.159806
vLLM lora_only nu50,34.278387,12870,0.277475,0.159806
vLLM lora_only nu50,34.305021,12880,0.247931,0.159806
vLLM lora_only nu50,34.331656,12890,0.208408,0.159806
vLLM lora_only nu50,34.358290,12900,0.305479,0.159806
vLLM lora_only nu50,34.384924,12910,0.282627,0.159806
vLLM lora_only nu50,34.411559,12920,0.244034,0.159806
vLLM lora_only nu50,34.438193,12930,0.256958,0.159806
vLLM lora_only nu50,34.464827,12940,0.240245,0.159806
vLLM lora_only nu50,34.491462,12950,0.255243,0.159806
vLLM lora_only nu50,34.518096,12960,0.249601,0.159806
vLLM lora_only nu50,34.544730,12970,0.326332,0.159806
vLLM lora_only nu50,34.571365,12980,0.271996,0.159806
vLLM lora_only nu50,34.597999,12990,0.307895,0.159806
vLLM lora_only nu50,34.624633,13000,0.319304,0.159806
vLLM lora_only nu50,34.651268,13010,0.33611,0.159806
vLLM lora_only nu50,34.677902,13020,0.329546,0.159806
vLLM lora_only nu50,34.704536,13030,0.381332,0.159806
vLLM lora_only nu50,34.731171,13040,0.367392,0.159806
vLLM lora_only nu50,34.757805,13050,0.384469,0.159806
vLLM lora_only nu50,34.784439,13060,0.242596,0.159806
vLLM lora_only nu50,34.811074,13070,0.303385,0.159806
vLLM lora_only nu50,34.837708,13080,0.250721,0.159806
vLLM lora_only nu50,34.864342,13090,0.244333,0.159806
vLLM lora_only nu50,34.890977,13100,0.29489,0.159806
vLLM lora_only nu50,34.917611,13110,0.295489,0.159806
vLLM lora_only nu50,34.944245,13120,0.263626,0.159806
vLLM lora_only nu50,34.970880,13130,0.242974,0.159806
vLLM lora_only nu50,34.997514,13140,0.213766,0.159806
vLLM lora_only nu50,35.024148,13150,0.255933,0.159806
vLLM lora_only nu50,35.050783,13160,0.348221,0.159806
vLLM lora_only nu50,35.077417,13170,0.274296,0.159806
vLLM lora_only nu50,35.104051,13180,0.262751,0.159806
vLLM lora_only nu50,35.130686,13190,0.270218,0.159806
vLLM lora_only nu50,35.157320,13200,0.212341,0.159806
vLLM lora_only nu50,35.183954,13210,0.329945,0.159806
vLLM lora_only nu50,35.210589,13220,0.285878,0.159806
vLLM lora_only nu50,35.237223,13230,0.275129,0.159806
vLLM lora_only nu50,35.263857,13240,0.30787,0.159806
vLLM lora_only nu50,35.290492,13250,0.295062,0.159806
vLLM lora_only nu50,35.317126,13260,0.318379,0.159806
vLLM lora_only nu50,35.343760,13270,0.273572,0.159806
vLLM lora_only nu50,35.370395,13280,0.334794,0.159806
vLLM lora_only nu50,35.397029,13290,0.296159,0.159806
vLLM lora_only nu50,35.423663,13300,0.255337,0.159806
vLLM lora_only nu50,35.450298,13310,0.235984,0.159806
vLLM lora_only nu50,35.476932,13320,0.227756,0.159806
vLLM lora_only nu50,35.503566,13330,0.2449,0.159806
vLLM lora_only nu50,35.530201,13340,0.23009,0.159806
vLLM lora_only nu50,35.556835,13350,0.304305,0.159806
vLLM lora_only nu50,35.583469,13360,0.32956,0.159806
vLLM lora_only nu50,35.610104,13370,0.262087,0.159806
vLLM lora_only nu50,35.636738,13380,0.326563,0.159806
vLLM lora_only nu50,35.663372,13390,0.270349,0.159806
vLLM lora_only nu50,35.690007,13400,0.257667,0.159806
vLLM lora_only nu50,35.716641,13410,0.299359,0.159806
vLLM lora_only nu50,35.743275,13420,0.272611,0.159806
vLLM lora_only nu50,35.769910,13430,0.237536,0.159806
vLLM lora_only nu50,35.796544,13440,0.235924,0.159806
vLLM lora_only nu50,35.823178,13450,0.224422,0.159806
vLLM lora_only nu50,35.849813,13460,0.245544,0.159806
vLLM lora_only nu50,35.876447,13470,0.303369,0.159806
vLLM lora_only nu50,35.903081,13480,0.214425,0.159806
vLLM lora_only nu50,35.929716,13490,0.295481,0.159806
vLLM lora_only nu50,35.956350,13500,0.249516,0.159806
vLLM lora_only nu50,35.982984,13510,0.187634,0.159806
vLLM lora_only nu50,36.009619,13520,0.289331,0.159806
vLLM lora_only nu50,36.036253,13530,0.246416,0.159806
vLLM lora_only nu50,36.062887,13540,0.237297,0.159806
vLLM lora_only nu50,36.089522,13550,0.25737,0.159806
vLLM lora_only nu50,36.116156,13560,0.292363,0.159806
vLLM lora_only nu50,36.142790,13570,0.359689,0.159806
vLLM lora_only nu50,36.169425,13580,0.276626,0.159806
vLLM lora_only nu50,36.196059,13590,0.333259,0.159806
vLLM lora_only nu50,36.222693,13600,0.271901,0.159806
vLLM lora_only nu50,36.249328,13610,0.245956,0.159806
vLLM lora_only nu50,36.275962,13620,0.292279,0.159806
vLLM lora_only nu50,36.302596,13630,0.266877,0.159806
vLLM lora_only nu50,36.329231,13640,0.228122,0.159806
vLLM lora_only nu50,36.355865,13650,0.240775,0.159806
vLLM lora_only nu50,36.382499,13660,0.326974,0.159806
vLLM lora_only nu50,36.409134,13670,0.293454,0.159806
vLLM lora_only nu50,36.435768,13680,0.223101,0.159806
vLLM lora_only nu50,36.462402,13690,0.253647,0.159806
vLLM lora_only nu50,36.489037,13700,0.243803,0.159806
vLLM lora_only nu50,36.515671,13710,0.235452,0.159806
vLLM lora_only nu50,36.542305,13720,0.276383,0.159806
vLLM lora_only nu50,36.568940,13730,0.307206,0.159806
vLLM lora_only nu50,36.595574,13740,0.229259,0.159806
vLLM lora_only nu50,36.622208,13750,0.274326,0.159806
vLLM lora_only nu50,36.648843,13760,0.209439,0.159806
vLLM lora_only nu50,36.675477,13770,0.267967,0.159806
vLLM lora_only nu50,36.702111,13780,0.243964,0.159806
vLLM lora_only nu50,36.728746,13790,0.229159,0.159806
vLLM lora_only nu50,36.755380,13800,0.259961,0.159806
vLLM lora_only nu50,36.782014,13810,0.251729,0.159806
vLLM lora_only nu50,36.808649,13820,0.164018,0.159806
vLLM lora_only nu50,36.835283,13830,0.258556,0.159806
vLLM lora_only nu50,36.861917,13840,0.296173,0.159806
vLLM lora_only nu50,36.888552,13850,0.255041,0.159806
vLLM lora_only nu50,36.915186,13860,0.35464,0.159806
vLLM lora_only nu50,36.941820,13870,0.308266,0.159806
vLLM lora_only nu50,36.968455,13880,0.295019,0.159806
vLLM lora_only nu50,36.995089,13890,0.293815,0.159806
vLLM lora_only nu50,37.021723,13900,0.451064,0.159806
vLLM lora_only nu50,37.048358,13910,0.26354,0.159806
vLLM lora_only nu50,37.074992,13920,0.241474,0.159806
vLLM lora_only nu50,37.101626,13930,0.269054,0.159806
vLLM lora_only nu50,37.128261,13940,0.235905,0.159806
vLLM lora_only nu50,37.154895,13950,0.284706,0.159806
vLLM lora_only nu50,37.181529,13960,0.230613,0.159806
vLLM lora_only nu50,37.208164,13970,0.350253,0.159806
vLLM lora_only nu50,37.234798,13980,0.281252,0.159806
vLLM lora_only nu50,37.261432,13990,0.192616,0.159806
vLLM lora_only nu50,37.288067,14000,0.275652,0.159806
vLLM lora_only nu50,37.314701,14010,0.281683,0.159806
vLLM lora_only nu50,37.341335,14020,0.267186,0.159806
vLLM lora_only nu50,37.367970,14030,0.281184,0.159806
vLLM lora_only nu50,37.394604,14040,0.283194,0.159806
vLLM lora_only nu50,37.421238,14050,0.222748,0.159806
vLLM lora_only nu50,37.447873,14060,0.24053,0.159806
vLLM lora_only nu50,37.474507,14070,0.230234,0.159806
vLLM lora_only nu50,37.501141,14080,0.262564,0.159806
vLLM lora_only nu50,37.527776,14090,0.360388,0.159806
vLLM lora_only nu50,37.554410,14100,0.250018,0.159806
vLLM lora_only nu50,37.581044,14110,0.259663,0.159806
vLLM lora_only nu50,37.607679,14120,0.253862,0.159806
vLLM lora_only nu50,37.634313,14130,0.223259,0.159806
vLLM lora_only nu50,37.660947,14140,0.283396,0.159806
vLLM lora_only nu50,37.687582,14150,0.292174,0.159806
vLLM lora_only nu50,37.714216,14160,0.257007,0.159806
vLLM lora_only nu50,37.740850,14170,0.294872,0.159806
vLLM lora_only nu50,37.767485,14180,0.237363,0.159806
vLLM lora_only nu50,37.794119,14190,0.268492,0.159806
vLLM lora_only nu50,37.820753,14200,0.240967,0.159806
vLLM lora_only nu50,37.847388,14210,0.466673,0.159806
vLLM lora_only nu50,37.874022,14220,0.384647,0.159806
vLLM lora_only nu50,37.900656,14230,0.329469,0.159806
vLLM lora_only nu50,37.927291,14240,0.382584,0.159806
vLLM lora_only nu50,37.953925,14250,0.413371,0.159806
vLLM lora_only nu50,37.980559,14260,0.248493,0.159806
vLLM lora_only nu50,38.007194,14270,0.27311,0.159806
vLLM lora_only nu50,38.033828,14280,0.295917,0.159806
vLLM lora_only nu50,38.060462,14290,0.273398,0.159806
vLLM lora_only nu50,38.087097,14300,0.244201,0.159806
vLLM lora_only nu50,38.113731,14310,0.268614,0.159806
vLLM lora_only nu50,38.140365,14320,0.216108,0.159806
vLLM lora_only nu50,38.167000,14330,0.25025,0.159806
vLLM lora_only nu50,38.193634,14340,0.273172,0.159806
vLLM lora_only nu50,38.220268,14350,0.26974,0.159806
vLLM lora_only nu50,38.246903,14360,0.20474,0.159806
vLLM lora_only nu50,38.273537,14370,0.23332,0.159806
vLLM lora_only nu50,38.300171,14380,0.22408,0.159806
vLLM lora_only nu50,38.326806,14390,0.269574,0.159806
vLLM lora_only nu50,38.353440,14400,0.258159,0.159806
vLLM lora_only nu50,38.380074,14410,0.236174,0.159806
vLLM lora_only nu50,38.406709,14420,0.212998,0.159806
vLLM lora_only nu50,38.433343,14430,0.212366,0.159806
vLLM lora_only nu50,38.459977,14440,0.198566,0.159806
vLLM lora_only nu50,38.486612,14450,0.259788,0.159806
vLLM lora_only nu50,38.513246,14460,0.274921,0.159806
vLLM lora_only nu50,38.539880,14470,0.244385,0.159806
vLLM lora_only nu50,38.566515,14480,0.267205,0.159806
vLLM lora_only nu50,38.593149,14490,0.228162,0.159806
vLLM lora_only nu50,38.619783,14500,0.245828,0.159806
vLLM lora_only nu50,38.646418,14510,0.265487,0.159806
vLLM lora_only nu50,38.673052,14520,0.256634,0.159806
vLLM lora_only nu50,38.699686,14530,0.277129,0.159806
vLLM lora_only nu50,38.726321,14540,0.249876,0.159806
vLLM lora_only nu50,38.752955,14550,0.240966,0.159806
vLLM lora_only nu50,38.779589,14560,0.30417,0.159806
vLLM lora_only nu50,38.806224,14570,0.310402,0.159806
vLLM lora_only nu50,38.832858,14580,0.254955,0.159806
vLLM lora_only nu50,38.859492,14590,0.320653,0.159806
vLLM lora_only nu50,38.886127,14600,0.305761,0.159806
vLLM lora_only nu50,38.912761,14610,0.232207,0.159806
vLLM lora_only nu50,38.939395,14620,0.264719,0.159806
vLLM lora_only nu50,38.966030,14630,0.224218,0.159806
vLLM lora_only nu50,38.992664,14640,0.226477,0.159806
vLLM lora_only nu50,39.019298,14650,0.230972,0.159806
vLLM lora_only nu50,39.045933,14660,0.300474,0.159806
vLLM lora_only nu50,39.072567,14670,0.239561,0.159806
vLLM lora_only nu50,39.099201,14680,0.251856,0.159806
vLLM lora_only nu50,39.125836,14690,0.223846,0.159806
vLLM lora_only nu50,39.152470,14700,0.242638,0.159806
vLLM lora_only nu50,39.179104,14710,0.270548,0.159806
vLLM lora_only nu50,39.205739,14720,0.271326,0.159806
vLLM lora_only nu50,39.232373,14730,0.225602,0.159806
vLLM lora_only nu50,39.259007,14740,0.277603,0.159806
vLLM lora_only nu50,39.285642,14750,0.211319,0.159806
vLLM lora_only nu50,39.312276,14760,0.256993,0.159806
vLLM lora_only nu50,39.338910,14770,0.273965,0.159806
vLLM lora_only nu50,39.365545,14780,0.249498,0.159806
vLLM lora_only nu50,39.392179,14790,0.295953,0.159806
vLLM lora_only nu50,39.418813,14800,0.219509,0.159806
vLLM lora_only nu50,39.445448,14810,0.237566,0.159806
vLLM lora_only nu50,39.472082,14820,0.269426,0.159806
vLLM lora_only nu50,39.498716,14830,0.315238,0.159806
vLLM lora_only nu50,39.525351,14840,0.236087,0.159806
vLLM lora_only nu50,39.551985,14850,0.233498,0.159806
vLLM lora_only nu50,39.578619,14860,0.218812,0.159806
vLLM lora_only nu50,39.605254,14870,0.250908,0.159806
vLLM lora_only nu50,39.631888,14880,0.224329,0.159806
vLLM lora_only nu50,39.658522,14890,0.209576,0.159806
vLLM lora_only nu50,39.685157,14900,0.29796,0.159806
vLLM lora_only nu50,39.711791,14910,0.301381,0.159806
vLLM lora_only nu50,39.738425,14920,0.263025,0.159806
vLLM lora_only nu50,39.765060,14930,0.271055,0.159806
vLLM lora_only nu50,39.791694,14940,0.256899,0.159806
vLLM lora_only nu50,39.818328,14950,0.245591,0.159806
vLLM lora_only nu50,39.844963,14960,0.298978,0.159806
vLLM lora_only nu50,39.871597,14970,0.312157,0.159806
vLLM lora_only nu50,39.898231,14980,0.225223,0.159806
vLLM lora_only nu50,39.924866,14990,0.268106,0.159806
vLLM lora_only nu50,39.951500,15000,0.19726,0.159806
vLLM lora_only nu50,39.978134,15010,0.239349,0.159806
vLLM lora_only nu50,40.004769,15020,0.263997,0.159806
vLLM lora_only nu50,40.031403,15030,0.237165,0.159806
vLLM lora_only nu50,40.058037,15040,0.219218,0.159806
vLLM lora_only nu50,40.084672,15050,0.242669,0.159806
vLLM lora_only nu50,40.111306,15060,0.222701,0.159806
vLLM lora_only nu50,40.137940,15070,0.299416,0.159806
vLLM lora_only nu50,40.164575,15080,0.323009,0.159806
vLLM lora_only nu50,40.191209,15090,0.25852,0.159806
vLLM lora_only nu50,40.217843,15100,0.231449,0.159806
vLLM lora_only nu50,40.244478,15110,0.233796,0.159806
vLLM lora_only nu50,40.271112,15120,0.202737,0.159806
vLLM lora_only nu50,40.297746,15130,0.2066,0.159806
vLLM lora_only nu50,40.324381,15140,0.28014,0.159806
vLLM lora_only nu50,40.351015,15150,0.231698,0.159806
vLLM lora_only nu50,40.377649,15160,0.263824,0.159806
vLLM lora_only nu50,40.404284,15170,0.200623,0.159806
vLLM lora_only nu50,40.430918,15180,0.221364,0.159806
vLLM lora_only nu50,40.457552,15190,0.233185,0.159806
vLLM lora_only nu50,40.484187,15200,0.255314,0.159806
vLLM lora_only nu50,40.510821,15210,0.31369,0.159806
vLLM lora_only nu50,40.537455,15220,0.264503,0.159806
vLLM lora_only nu50,40.564090,15230,0.190436,0.159806
vLLM lora_only nu50,40.590724,15240,0.274025,0.159806
vLLM lora_only nu50,40.617358,15250,0.250826,0.159806
vLLM lora_only nu50,40.643993,15260,0.238346,0.159806
vLLM lora_only nu50,40.670627,15270,0.323115,0.159806
vLLM lora_only nu50,40.697261,15280,0.261183,0.159806
vLLM lora_only nu50,40.723896,15290,0.253743,0.159806
vLLM lora_only nu50,40.750530,15300,0.280253,0.159806
vLLM lora_only nu50,40.777164,15310,0.191494,0.159806
vLLM lora_only nu50,40.803799,15320,0.246236,0.159806
vLLM lora_only nu50,40.830433,15330,0.29033,0.159806
vLLM lora_only nu50,40.857067,15340,0.258982,0.159806
vLLM lora_only nu50,40.883702,15350,0.217897,0.159806
vLLM lora_only nu50,40.910336,15360,0.243451,0.159806
vLLM lora_only nu50,40.936970,15370,0.224667,0.159806
vLLM lora_only nu50,40.963605,15380,0.309789,0.159806
vLLM lora_only nu50,40.990239,15390,0.295692,0.159806
vLLM lora_only nu50,41.016873,15400,0.229862,0.159806
vLLM lora_only nu50,41.043508,15410,0.271235,0.159806
vLLM lora_only nu50,41.070142,15420,0.233497,0.159806
vLLM lora_only nu50,41.096776,15430,0.242281,0.159806
vLLM lora_only nu50,41.123411,15440,0.262011,0.159806
vLLM lora_only nu50,41.150045,15450,0.331426,0.159806
vLLM lora_only nu50,41.176679,15460,0.286377,0.159806
vLLM lora_only nu50,41.203314,15470,0.276631,0.159806
vLLM lora_only nu50,41.229948,15480,0.269284,0.159806
vLLM lora_only nu50,41.256582,15490,0.27215,0.159806
vLLM lora_only nu50,41.283217,15500,0.264875,0.159806
vLLM lora_only nu50,41.309851,15510,0.231553,0.159806
vLLM lora_only nu50,41.336485,15520,0.30677,0.159806
vLLM lora_only nu50,41.363120,15530,0.252658,0.159806
vLLM lora_only nu50,41.389754,15540,0.14858,0.159806
vLLM lora_only nu50,41.416388,15550,0.249394,0.159806
vLLM lora_only nu50,41.443023,15560,0.226609,0.159806
vLLM lora_only nu50,41.469657,15570,0.230123,0.159806
vLLM lora_only nu50,41.496291,15580,0.248571,0.159806
vLLM lora_only nu50,41.522926,15590,0.256145,0.159806
vLLM lora_only nu50,41.549560,15600,0.208261,0.159806
vLLM lora_only nu50,41.576194,15610,0.270886,0.159806
vLLM lora_only nu50,41.602829,15620,0.204691,0.159806
vLLM lora_only nu50,41.629463,15630,0.230342,0.159806
vLLM lora_only nu50,41.656097,15640,0.280412,0.159806
vLLM lora_only nu50,41.682732,15650,0.252865,0.159806
vLLM lora_only nu50,41.709366,15660,0.223042,0.159806
vLLM lora_only nu50,41.736000,15670,0.202435,0.159806
vLLM lora_only nu50,41.762635,15680,0.184546,0.159806
vLLM lora_only nu50,41.789269,15690,0.276411,0.159806
vLLM lora_only nu50,41.815903,15700,0.214898,0.159806
vLLM lora_only nu50,41.842538,15710,0.213514,0.159806
vLLM lora_only nu50,41.869172,15720,0.267454,0.159806
vLLM lora_only nu50,41.895806,15730,0.235953,0.159806
vLLM lora_only nu50,41.922441,15740,0.253878,0.159806
vLLM lora_only nu50,41.949075,15750,0.22109,0.159806
vLLM lora_only nu50,41.975709,15760,0.263207,0.159806
vLLM lora_only nu50,42.002344,15770,0.254515,0.159806
vLLM lora_only nu50,42.028978,15780,0.205908,0.159806
vLLM lora_only nu50,42.055612,15790,0.230625,0.159806
vLLM lora_only nu50,42.082247,15800,0.228908,0.159806
vLLM lora_only nu50,42.108881,15810,0.222694,0.159806
vLLM lora_only nu50,42.135515,15820,0.21956,0.159806
vLLM lora_only nu50,42.162150,15830,0.290406,0.159806
vLLM lora_only nu50,42.188784,15840,0.229773,0.159806
vLLM lora_only nu50,42.215418,15850,0.181452,0.159806
vLLM lora_only nu50,42.242053,15860,0.249486,0.159806
vLLM lora_only nu50,42.268687,15870,0.199888,0.159806
vLLM lora_only nu50,42.295321,15880,0.227299,0.159806
vLLM lora_only nu50,42.321956,15890,0.284703,0.159806
vLLM lora_only nu50,42.348590,15900,0.259512,0.159806
vLLM lora_only nu50,42.375224,15910,0.20903,0.159806
vLLM lora_only nu50,42.401859,15920,0.247518,0.159806
vLLM lora_only nu50,42.428493,15930,0.193187,0.159806
vLLM lora_only nu50,42.455127,15940,0.254123,0.159806
vLLM lora_only nu50,42.481762,15950,0.28477,0.159806
vLLM lora_only nu50,42.508396,15960,0.297195,0.159806
vLLM lora_only nu50,42.535030,15970,0.223358,0.159806
vLLM lora_only nu50,42.561665,15980,0.286912,0.159806
vLLM lora_only nu50,42.588299,15990,0.231983,0.159806
vLLM lora_only nu50,42.614933,16000,0.297541,0.159806
vLLM lora_only nu50,42.641568,16010,0.229532,0.159806
vLLM lora_only nu50,42.668202,16020,0.217386,0.159806
vLLM lora_only nu50,42.694836,16030,0.275071,0.159806
vLLM lora_only nu50,42.721471,16040,0.234082,0.159806
vLLM lora_only nu50,42.748105,16050,0.228459,0.159806
vLLM lora_only nu50,42.774739,16060,0.22523,0.159806
vLLM lora_only nu50,42.801374,16070,0.283168,0.159806
vLLM lora_only nu50,42.828008,16080,0.235069,0.159806
vLLM lora_only nu50,42.854642,16090,0.247306,0.159806
vLLM lora_only nu50,42.881277,16100,0.208857,0.159806
vLLM lora_only nu50,42.907911,16110,0.233812,0.159806
vLLM lora_only nu50,42.934545,16120,0.225967,0.159806
vLLM lora_only nu50,42.961180,16130,0.23646,0.159806
vLLM lora_only nu50,42.987814,16140,0.26967,0.159806
vLLM lora_only nu50,43.014448,16150,0.217841,0.159806
vLLM lora_only nu50,43.041083,16160,0.211996,0.159806
vLLM lora_only nu50,43.067717,16170,0.25795,0.159806
vLLM lora_only nu50,43.094351,16180,0.207574,0.159806
vLLM lora_only nu50,43.120986,16190,0.245038,0.159806
vLLM lora_only nu50,43.147620,16200,0.299096,0.159806
vLLM lora_only nu50,43.174254,16210,0.292801,0.159806
vLLM lora_only nu50,43.200889,16220,0.244286,0.159806
vLLM lora_only nu50,43.227523,16230,0.333105,0.159806
vLLM lora_only nu50,43.254157,16240,0.268172,0.159806
vLLM lora_only nu50,43.280792,16250,0.298274,0.159806
vLLM lora_only nu50,43.307426,16260,0.254888,0.159806
vLLM lora_only nu50,43.334060,16270,0.215645,0.159806
vLLM lora_only nu50,43.360695,16280,0.22496,0.159806
vLLM lora_only nu50,43.387329,16290,0.216213,0.159806
vLLM lora_only nu50,43.413963,16300,0.181718,0.159806
vLLM lora_only nu50,43.440598,16310,0.275449,0.159806
vLLM lora_only nu50,43.467232,16320,0.250643,0.159806
vLLM lora_only nu50,43.493866,16330,0.267026,0.159806
vLLM lora_only nu50,43.520501,16340,0.255918,0.159806
vLLM lora_only nu50,43.547135,16350,0.21883,0.159806
vLLM lora_only nu50,43.573769,16360,0.20826,0.159806
vLLM lora_only nu50,43.600404,16370,0.248708,0.159806
vLLM lora_only nu50,43.627038,16380,0.252173,0.159806
vLLM lora_only nu50,43.653672,16390,0.242535,0.159806
vLLM lora_only nu50,43.680307,16400,0.209255,0.159806
vLLM lora_only nu50,43.706941,16410,0.217139,0.159806
vLLM lora_only nu50,43.733575,16420,0.210891,0.159806
vLLM lora_only nu50,43.760210,16430,0.191463,0.159806
vLLM lora_only nu50,43.786844,16440,0.222674,0.159806
vLLM lora_only nu50,43.813478,16450,0.277521,0.159806
vLLM lora_only nu50,43.840113,16460,0.25553,0.159806
vLLM lora_only nu50,43.866747,16470,0.20424,0.159806
vLLM lora_only nu50,43.893381,16480,0.238197,0.159806
vLLM lora_only nu50,43.920016,16490,0.203618,0.159806
vLLM lora_only nu50,43.946650,16500,0.198792,0.159806
vLLM lora_only nu50,43.973284,16510,0.247875,0.159806
vLLM lora_only nu50,43.999919,16520,0.222324,0.159806
vLLM lora_only nu50,44.026553,16530,0.19771,0.159806
vLLM lora_only nu50,44.053187,16540,0.234179,0.159806
vLLM lora_only nu50,44.079822,16550,0.197976,0.159806
vLLM lora_only nu50,44.106456,16560,0.250442,0.159806
vLLM lora_only nu50,44.133090,16570,0.256889,0.159806
vLLM lora_only nu50,44.159725,16580,0.298562,0.159806
vLLM lora_only nu50,44.186359,16590,0.235323,0.159806
vLLM lora_only nu50,44.212993,16600,0.294709,0.159806
vLLM lora_only nu50,44.239628,16610,0.199668,0.159806
vLLM lora_only nu50,44.266262,16620,0.290854,0.159806
vLLM lora_only nu50,44.292896,16630,0.287641,0.159806
vLLM lora_only nu50,44.319531,16640,0.23388,0.159806
vLLM lora_only nu50,44.346165,16650,0.242505,0.159806
vLLM lora_only nu50,44.372799,16660,0.211988,0.159806
vLLM lora_only nu50,44.399434,16670,0.22812,0.159806
vLLM lora_only nu50,44.426068,16680,0.228029,0.159806
vLLM lora_only nu50,44.452702,16690,0.297101,0.159806
vLLM lora_only nu50,44.479337,16700,0.228748,0.159806
vLLM lora_only nu50,44.505971,16710,0.212771,0.159806
vLLM lora_only nu50,44.532605,16720,0.209501,0.159806
vLLM lora_only nu50,44.559240,16730,0.239147,0.159806
vLLM lora_only nu50,44.585874,16740,0.229775,0.159806
vLLM lora_only nu50,44.612508,16750,0.233865,0.159806
vLLM lora_only nu50,44.639143,16760,0.355565,0.159806
vLLM lora_only nu50,44.665777,16770,0.307527,0.159806
vLLM lora_only nu50,44.692411,16780,0.24661,0.159806
vLLM lora_only nu50,44.719046,16790,0.257279,0.159806
vLLM lora_only nu50,44.745680,16800,0.274355,0.159806
vLLM lora_only nu50,44.772314,16810,0.232895,0.159806
vLLM lora_only nu50,44.798949,16820,0.278372,0.159806
vLLM lora_only nu50,44.825583,16830,0.239189,0.159806
vLLM lora_only nu50,44.852217,16840,0.190862,0.159806
vLLM lora_only nu50,44.878852,16850,0.225032,0.159806
vLLM lora_only nu50,44.905486,16860,0.214359,0.159806
vLLM lora_only nu50,44.932120,16870,0.213767,0.159806
vLLM lora_only nu50,44.958755,16880,0.299827,0.159806
vLLM lora_only nu50,44.985389,16890,0.229331,0.159806
vLLM lora_only nu50,45.012023,16900,0.244001,0.159806
vLLM lora_only nu50,45.038658,16910,0.202424,0.159806
vLLM lora_only nu50,45.065292,16920,0.160737,0.159806
vLLM lora_only nu50,45.091926,16930,0.255106,0.159806
vLLM lora_only nu50,45.118561,16940,0.231419,0.159806
vLLM lora_only nu50,45.145195,16950,0.191393,0.159806
vLLM lora_only nu50,45.171829,16960,0.235019,0.159806
vLLM lora_only nu50,45.198464,16970,0.208044,0.159806
vLLM lora_only nu50,45.225098,16980,0.204164,0.159806
vLLM lora_only nu50,45.251732,16990,0.223327,0.159806
vLLM lora_only nu50,45.278367,17000,0.254221,0.159806
vLLM lora_only nu50,45.305001,17010,0.230531,0.159806
vLLM lora_only nu50,45.331635,17020,0.219801,0.159806
vLLM lora_only nu50,45.358270,17030,0.212669,0.159806
vLLM lora_only nu50,45.384904,17040,0.233922,0.159806
vLLM lora_only nu50,45.411538,17050,0.181984,0.159806
vLLM lora_only nu50,45.438173,17060,0.238727,0.159806
vLLM lora_only nu50,45.464807,17070,0.292304,0.159806
vLLM lora_only nu50,45.491441,17080,0.322041,0.159806
vLLM lora_only nu50,45.518076,17090,0.175658,0.159806
vLLM lora_only nu50,45.544710,17100,0.282174,0.159806
vLLM lora_only nu50,45.571344,17110,0.406965,0.159806
vLLM lora_only nu50,45.597979,17120,0.301736,0.159806
vLLM lora_only nu50,45.624613,17130,0.363971,0.159806
vLLM lora_only nu50,45.651247,17140,0.322756,0.159806
vLLM lora_only nu50,45.677882,17150,0.347522,0.159806
vLLM lora_only nu50,45.704516,17160,0.30865,0.159806
vLLM lora_only nu50,45.731150,17170,0.23864,0.159806
vLLM lora_only nu50,45.757785,17180,0.272654,0.159806
vLLM lora_only nu50,45.784419,17190,0.296689,0.159806
vLLM lora_only nu50,45.811053,17200,0.26465,0.159806
vLLM lora_only nu50,45.837688,17210,0.203009,0.159806
vLLM lora_only nu50,45.864322,17220,0.214089,0.159806
vLLM lora_only nu50,45.890956,17230,0.186142,0.159806
vLLM lora_only nu50,45.917591,17240,0.284187,0.159806
vLLM lora_only nu50,45.944225,17250,0.248236,0.159806
vLLM lora_only nu50,45.970859,17260,0.213992,0.159806
vLLM lora_only nu50,45.997494,17270,0.258433,0.159806
vLLM lora_only nu50,46.024128,17280,0.226373,0.159806
vLLM lora_only nu50,46.050762,17290,0.211551,0.159806
vLLM lora_only nu50,46.077397,17300,0.222092,0.159806
vLLM lora_only nu50,46.104031,17310,0.257074,0.159806
vLLM lora_only nu50,46.130665,17320,0.224582,0.159806
vLLM lora_only nu50,46.157300,17330,0.213252,0.159806
vLLM lora_only nu50,46.183934,17340,0.222305,0.159806
vLLM lora_only nu50,46.210568,17350,0.262576,0.159806
vLLM lora_only nu50,46.237203,17360,0.262796,0.159806
vLLM lora_only nu50,46.263837,17370,0.238555,0.159806
vLLM lora_only nu50,46.290471,17380,0.269329,0.159806
vLLM lora_only nu50,46.317106,17390,0.267411,0.159806
vLLM lora_only nu50,46.343740,17400,0.200751,0.159806
vLLM lora_only nu50,46.370374,17410,0.313115,0.159806
vLLM lora_only nu50,46.397009,17420,0.254716,0.159806
vLLM lora_only nu50,46.423643,17430,0.268901,0.159806
vLLM lora_only nu50,46.450277,17440,0.266973,0.159806
vLLM lora_only nu50,46.476912,17450,0.25258,0.159806
vLLM lora_only nu50,46.503546,17460,0.176735,0.159806
vLLM lora_only nu50,46.530180,17470,0.259726,0.159806
vLLM lora_only nu50,46.556815,17480,0.2343,0.159806
vLLM lora_only nu50,46.583449,17490,0.243189,0.159806
vLLM lora_only nu50,46.610083,17500,0.28186,0.159806
vLLM lora_only nu50,46.636718,17510,0.276503,0.159806
vLLM lora_only nu50,46.663352,17520,0.231192,0.159806
vLLM lora_only nu50,46.689986,17530,0.214992,0.159806
vLLM lora_only nu50,46.716621,17540,0.189501,0.159806
vLLM lora_only nu50,46.743255,17550,0.24855,0.159806
vLLM lora_only nu50,46.769889,17560,0.242842,0.159806
vLLM lora_only nu50,46.796524,17570,0.19416,0.159806
vLLM lora_only nu50,46.823158,17580,0.262884,0.159806
vLLM lora_only nu50,46.849792,17590,0.207105,0.159806
vLLM lora_only nu50,46.876427,17600,0.231356,0.159806
vLLM lora_only nu50,46.903061,17610,0.261961,0.159806
vLLM lora_only nu50,46.929695,17620,0.334558,0.159806
vLLM lora_only nu50,46.956330,17630,0.267589,0.159806
vLLM lora_only nu50,46.982964,17640,0.307816,0.159806
vLLM lora_only nu50,47.009598,17650,0.236763,0.159806
vLLM lora_only nu50,47.036233,17660,0.227229,0.159806
vLLM lora_only nu50,47.062867,17670,0.265156,0.159806
vLLM lora_only nu50,47.089501,17680,0.24221,0.159806
vLLM lora_only nu50,47.116136,17690,0.300142,0.159806
vLLM lora_only nu50,47.142770,17700,0.26729,0.159806
vLLM lora_only nu50,47.169404,17710,0.18181,0.159806
vLLM lora_only nu50,47.196039,17720,0.232426,0.159806
vLLM lora_only nu50,47.222673,17730,0.199572,0.159806
vLLM lora_only nu50,47.249307,17740,0.234102,0.159806
vLLM lora_only nu50,47.275942,17750,0.242247,0.159806
vLLM lora_only nu50,47.302576,17760,0.27484,0.159806
vLLM lora_only nu50,47.329210,17770,0.225298,0.159806
vLLM lora_only nu50,47.355845,17780,0.232917,0.159806
vLLM lora_only nu50,47.382479,17790,0.170299,0.159806
vLLM lora_only nu50,47.409113,17800,0.200966,0.159806
vLLM lora_only nu50,47.435748,17810,0.275383,0.159806
vLLM lora_only nu50,47.462382,17820,0.223685,0.159806
vLLM lora_only nu50,47.489016,17830,0.231172,0.159806
vLLM lora_only nu50,47.515651,17840,0.23789,0.159806
vLLM lora_only nu50,47.542285,17850,0.174951,0.159806
vLLM lora_only nu50,47.568919,17860,0.246222,0.159806
vLLM lora_only nu50,47.595554,17870,0.222633,0.159806
vLLM lora_only nu50,47.622188,17880,0.202658,0.159806
vLLM lora_only nu50,47.648822,17890,0.243227,0.159806
vLLM lora_only nu50,47.675457,17900,0.226114,0.159806
vLLM lora_only nu50,47.702091,17910,0.265677,0.159806
vLLM lora_only nu50,47.728725,17920,0.196168,0.159806
vLLM lora_only nu50,47.755360,17930,0.263583,0.159806
vLLM lora_only nu50,47.781994,17940,0.261687,0.159806
vLLM lora_only nu50,47.808628,17950,0.207809,0.159806
vLLM lora_only nu50,47.835263,17960,0.265248,0.159806
vLLM lora_only nu50,47.861897,17970,0.295912,0.159806
vLLM lora_only nu50,47.888531,17980,0.229849,0.159806
vLLM lora_only nu50,47.915166,17990,0.236964,0.159806
vLLM lora_only nu50,47.941800,18000,0.265625,0.159806
vLLM lora_only nu50,47.968434,18010,0.24598,0.159806
vLLM lora_only nu50,47.995069,18020,0.189179,0.159806
vLLM lora_only nu50,48.021703,18030,0.25136,0.159806
vLLM lora_only nu50,48.048337,18040,0.215634,0.159806
vLLM lora_only nu50,48.074972,18050,0.189085,0.159806
vLLM lora_only nu50,48.101606,18060,0.343833,0.159806
vLLM lora_only nu50,48.128240,18070,0.284054,0.159806
vLLM lora_only nu50,48.154875,18080,0.24679,0.159806
vLLM lora_only nu50,48.181509,18090,0.340382,0.159806
vLLM lora_only nu50,48.208143,18100,0.311264,0.159806
vLLM lora_only nu50,48.234778,18110,0.206866,0.159806
vLLM lora_only nu50,48.261412,18120,0.283437,0.159806
vLLM lora_only nu50,48.288046,18130,0.232939,0.159806
vLLM lora_only nu50,48.314681,18140,0.223951,0.159806
vLLM lora_only nu50,48.341315,18150,0.222647,0.159806
vLLM lora_only nu50,48.367949,18160,0.218535,0.159806
vLLM lora_only nu50,48.394584,18170,0.247682,0.159806
vLLM lora_only nu50,48.421218,18180,0.283787,0.159806
vLLM lora_only nu50,48.447852,18190,0.248381,0.159806
vLLM lora_only nu50,48.474487,18200,0.244824,0.159806
vLLM lora_only nu50,48.501121,18210,0.188798,0.159806
vLLM lora_only nu50,48.527755,18220,0.216046,0.159806
vLLM lora_only nu50,48.554390,18230,0.253211,0.159806
vLLM lora_only nu50,48.581024,18240,0.285324,0.159806
vLLM lora_only nu50,48.607658,18250,0.24473,0.159806
vLLM lora_only nu50,48.634293,18260,0.226536,0.159806
vLLM lora_only nu50,48.660927,18270,0.216359,0.159806
vLLM lora_only nu50,48.687561,18280,0.187498,0.159806
vLLM lora_only nu50,48.714196,18290,0.212098,0.159806
vLLM lora_only nu50,48.740830,18300,0.192544,0.159806
vLLM lora_only nu50,48.767464,18310,0.302626,0.159806
vLLM lora_only nu50,48.794099,18320,0.281634,0.159806
vLLM lora_only nu50,48.820733,18330,0.16231,0.159806
vLLM lora_only nu50,48.847367,18340,0.236229,0.159806
vLLM lora_only nu50,48.874002,18350,0.200855,0.159806
vLLM lora_only nu50,48.900636,18360,0.210461,0.159806
vLLM lora_only nu50,48.927270,18370,0.252702,0.159806
vLLM lora_only nu50,48.953905,18380,0.233411,0.159806
vLLM lora_only nu50,48.980539,18390,0.177104,0.159806
vLLM lora_only nu50,49.007173,18400,0.214604,0.159806
vLLM lora_only nu50,49.033808,18410,0.243334,0.159806
vLLM lora_only nu50,49.060442,18420,0.226258,0.159806
vLLM lora_only nu50,49.087076,18430,0.28773,0.159806
vLLM lora_only nu50,49.113711,18440,0.242036,0.159806
vLLM lora_only nu50,49.140345,18450,0.222956,0.159806
vLLM lora_only nu50,49.166979,18460,0.256183,0.159806
vLLM lora_only nu50,49.193614,18470,0.257425,0.159806
vLLM lora_only nu50,49.220248,18480,0.25749,0.159806
vLLM lora_only nu50,49.246882,18490,0.27674,0.159806
vLLM lora_only nu50,49.273517,18500,0.278401,0.159806
vLLM lora_only nu50,49.300151,18510,0.255026,0.159806
vLLM lora_only nu50,49.326785,18520,0.232934,0.159806
vLLM lora_only nu50,49.353420,18530,0.170743,0.159806
vLLM lora_only nu50,49.380054,18540,0.231881,0.159806
vLLM lora_only nu50,49.406688,18550,0.276532,0.159806
vLLM lora_only nu50,49.433323,18560,0.252716,0.159806
vLLM lora_only nu50,49.459957,18570,0.289015,0.159806
vLLM lora_only nu50,49.486591,18580,0.260194,0.159806
vLLM lora_only nu50,49.513226,18590,0.217485,0.159806
vLLM lora_only nu50,49.539860,18600,0.253662,0.159806
vLLM lora_only nu50,49.566494,18610,0.186018,0.159806
vLLM lora_only nu50,49.593129,18620,0.293158,0.159806
vLLM lora_only nu50,49.619763,18630,0.224298,0.159806
vLLM lora_only nu50,49.646397,18640,0.158368,0.159806
vLLM lora_only nu50,49.673032,18650,0.249858,0.159806
vLLM lora_only nu50,49.699666,18660,0.202454,0.159806
vLLM lora_only nu50,49.726300,18670,0.25333,0.159806
vLLM lora_only nu50,49.752935,18680,0.304631,0.159806
vLLM lora_only nu50,49.779569,18690,0.308269,0.159806
vLLM lora_only nu50,49.806203,18700,0.253424,0.159806
vLLM lora_only nu50,49.832838,18710,0.264376,0.159806
vLLM lora_only nu50,49.859472,18720,0.178555,0.159806
vLLM lora_only nu50,49.886106,18730,0.222666,0.159806
vLLM lora_only nu50,49.912741,18740,0.293592,0.159806
vLLM lora_only nu50,49.939375,18750,0.212747,0.159806
vLLM lora_only nu50,49.966009,18760,0.211322,0.159806
vLLM lora_only nu50,49.992644,18770,0.231941,0.159806
vLLM lora_only nu50,50.019278,18780,0.180099,0.159806
vLLM lora_only nu50,50.045912,18790,0.236466,0.159806
vLLM lora_only nu50,50.072547,18800,0.207405,0.159806
vLLM lora_only nu50,50.099181,18810,0.214822,0.159806
vLLM lora_only nu50,50.125815,18820,0.214966,0.159806
vLLM lora_only nu50,50.152450,18830,0.213032,0.159806
vLLM lora_only nu50,50.179084,18840,0.191372,0.159806
vLLM lora_only nu50,50.205718,18850,0.199333,0.159806
vLLM lora_only nu50,50.232353,18860,0.354083,0.159806
vLLM lora_only nu50,50.258987,18870,0.275172,0.159806
vLLM lora_only nu50,50.285621,18880,0.331678,0.159806
vLLM lora_only nu50,50.312256,18890,0.236469,0.159806
vLLM lora_only nu50,50.338890,18900,0.350216,0.159806
vLLM lora_only nu50,50.365524,18910,0.254011,0.159806
vLLM lora_only nu50,50.392159,18920,0.216622,0.159806
vLLM lora_only nu50,50.418793,18930,0.336948,0.159806
vLLM lora_only nu50,50.445427,18940,0.315323,0.159806
vLLM lora_only nu50,50.472062,18950,0.185143,0.159806
vLLM lora_only nu50,50.498696,18960,0.270248,0.159806
vLLM lora_only nu50,50.525330,18970,0.224894,0.159806
vLLM lora_only nu50,50.551965,18980,0.235823,0.159806
vLLM lora_only nu50,50.578599,18990,0.286953,0.159806
vLLM lora_only nu50,50.605233,19000,0.249348,0.159806
vLLM lora_only nu50,50.631868,19010,0.223238,0.159806
vLLM lora_only nu50,50.658502,19020,0.222429,0.159806
vLLM lora_only nu50,50.685136,19030,0.174998,0.159806
vLLM lora_only nu50,50.711771,19040,0.224264,0.159806
vLLM lora_only nu50,50.738405,19050,0.254754,0.159806
vLLM lora_only nu50,50.765039,19060,0.227646,0.159806
vLLM lora_only nu50,50.791674,19070,0.217853,0.159806
vLLM lora_only nu50,50.818308,19080,0.226936,0.159806
vLLM lora_only nu50,50.844942,19090,0.226605,0.159806
vLLM lora_only nu50,50.871577,19100,0.241811,0.159806
vLLM lora_only nu50,50.898211,19110,0.31221,0.159806
vLLM lora_only nu50,50.924845,19120,0.195707,0.159806
vLLM lora_only nu50,50.951480,19130,0.283827,0.159806
vLLM lora_only nu50,50.978114,19140,0.28742,0.159806
vLLM lora_only nu50,51.004748,19150,0.250224,0.159806
vLLM lora_only nu50,51.031383,19160,0.220633,0.159806
vLLM lora_only nu50,51.058017,19170,0.259818,0.159806
vLLM lora_only nu50,51.084651,19180,0.217816,0.159806
vLLM lora_only nu50,51.111286,19190,0.227487,0.159806
vLLM lora_only nu50,51.137920,19200,0.215021,0.159806
vLLM lora_only nu50,51.164554,19210,0.243736,0.159806
vLLM lora_only nu50,51.191189,19220,0.223089,0.159806
vLLM lora_only nu50,51.217823,19230,0.241031,0.159806
vLLM lora_only nu50,51.244457,19240,0.275864,0.159806
vLLM lora_only nu50,51.271092,19250,0.276953,0.159806
vLLM lora_only nu50,51.297726,19260,0.190075,0.159806
vLLM lora_only nu50,51.324360,19270,0.301777,0.159806
vLLM lora_only nu50,51.350995,19280,0.198589,0.159806
vLLM lora_only nu50,51.377629,19290,0.323365,0.159806
vLLM lora_only nu50,51.404263,19300,0.315659,0.159806
vLLM lora_only nu50,51.430898,19310,0.237836,0.159806
vLLM lora_only nu50,51.457532,19320,0.163286,0.159806
vLLM lora_only nu50,51.484166,19330,0.249919,0.159806
vLLM lora_only nu50,51.510801,19340,0.166672,0.159806
vLLM lora_only nu50,51.537435,19350,0.241177,0.159806
vLLM lora_only nu50,51.564069,19360,0.217917,0.159806
vLLM lora_only nu50,51.590704,19370,0.211465,0.159806
vLLM lora_only nu50,51.617338,19380,0.206455,0.159806
vLLM lora_only nu50,51.643972,19390,0.182376,0.159806
vLLM lora_only nu50,51.670607,19400,0.189885,0.159806
vLLM lora_only nu50,51.697241,19410,0.254694,0.159806
vLLM lora_only nu50,51.723875,19420,0.243309,0.159806
vLLM lora_only nu50,51.750510,19430,0.226057,0.159806
vLLM lora_only nu50,51.777144,19440,0.236406,0.159806
vLLM lora_only nu50,51.803778,19450,0.169523,0.159806
vLLM lora_only nu50,51.830413,19460,0.221156,0.159806
vLLM lora_only nu50,51.857047,19470,0.238984,0.159806
vLLM lora_only nu50,51.883681,19480,0.254072,0.159806
vLLM lora_only nu50,51.910316,19490,0.281269,0.159806
vLLM lora_only nu50,51.936950,19500,0.270743,0.159806
vLLM lora_only nu50,51.963584,19510,0.239029,0.159806
vLLM lora_only nu50,51.990219,19520,0.221013,0.159806
vLLM lora_only nu50,52.016853,19530,0.236331,0.159806
vLLM lora_only nu50,52.043487,19540,0.255695,0.159806
vLLM lora_only nu50,52.070122,19550,0.339813,0.159806
vLLM lora_only nu50,52.096756,19560,0.379351,0.159806
vLLM lora_only nu50,52.123390,19570,0.211086,0.159806
vLLM lora_only nu50,52.150025,19580,0.314937,0.159806
vLLM lora_only nu50,52.176659,19590,0.36027,0.159806
vLLM lora_only nu50,52.203293,19600,0.275536,0.159806
vLLM lora_only nu50,52.229928,19610,0.322841,0.159806
vLLM lora_only nu50,52.256562,19620,0.269767,0.159806
vLLM lora_only nu50,52.283196,19630,0.218095,0.159806
vLLM lora_only nu50,52.309831,19640,0.203946,0.159806
vLLM lora_only nu50,52.336465,19650,0.177781,0.159806
vLLM lora_only nu50,52.363099,19660,0.264189,0.159806
vLLM lora_only nu50,52.389734,19670,0.228617,0.159806
vLLM lora_only nu50,52.416368,19680,0.222752,0.159806
vLLM lora_only nu50,52.443002,19690,0.192966,0.159806
vLLM lora_only nu50,52.469637,19700,0.245492,0.159806
vLLM lora_only nu50,52.496271,19710,0.208493,0.159806
vLLM lora_only nu50,52.522905,19720,0.247137,0.159806
vLLM lora_only nu50,52.549540,19730,0.277956,0.159806
vLLM lora_only nu50,52.576174,19740,0.173255,0.159806
vLLM lora_only nu50,52.602808,19750,0.206377,0.159806
vLLM lora_only nu50,52.629443,19760,0.380234,0.159806
vLLM lora_only nu50,52.656077,19770,0.467648,0.159806
vLLM lora_only nu50,52.682711,19780,0.382107,0.159806
vLLM lora_only nu50,52.709346,19790,0.423337,0.159806
vLLM lora_only nu50,52.735980,19800,0.328909,0.159806
vLLM lora_only nu50,52.762614,19810,0.251334,0.159806
vLLM lora_only nu50,52.789249,19820,0.242717,0.159806
vLLM lora_only nu50,52.815883,19830,0.18945,0.159806
vLLM lora_only nu50,52.842517,19840,0.237452,0.159806
vLLM lora_only nu50,52.869152,19850,0.251974,0.159806
vLLM lora_only nu50,52.895786,19860,0.250273,0.159806
vLLM lora_only nu50,52.922420,19870,0.276523,0.159806
vLLM lora_only nu50,52.949055,19880,0.147154,0.159806
vLLM lora_only nu50,52.975689,19890,0.218232,0.159806
vLLM lora_only nu50,53.002323,19900,0.198425,0.159806
vLLM lora_only nu50,53.028958,19910,0.244762,0.159806
vLLM lora_only nu50,53.055592,19920,0.277644,0.159806
vLLM lora_only nu50,53.082226,19930,0.253561,0.159806
vLLM lora_only nu50,53.108861,19940,0.193193,0.159806
vLLM lora_only nu50,53.135495,19950,0.185437,0.159806
vLLM lora_only nu50,53.162129,19960,0.303614,0.159806
vLLM lora_only nu50,53.188764,19970,0.268072,0.159806
vLLM lora_only nu50,53.215398,19980,0.336468,0.159806
vLLM lora_only nu50,53.242032,19990,0.206511,0.159806
vLLM lora_only nu50,53.268667,20000,0.210337,0.159806
vLLM lora_only nu100,0.026875,10,0.916501,0.161248
vLLM lora_only nu100,0.053749,20,0.93261,0.161248
vLLM lora_only nu100,0.080624,30,0.863699,0.161248
vLLM lora_only nu100,0.107499,40,0.759923,0.161248
vLLM lora_only nu100,0.134373,50,0.824936,0.161248
vLLM lora_only nu100,0.161248,60,0.765969,0.161248
vLLM lora_only nu100,0.188123,70,0.750595,0.161248
vLLM lora_only nu100,0.214997,80,0.867636,0.161248
vLLM lora_only nu100,0.241872,90,0.842837,0.161248
vLLM lora_only nu100,0.268747,100,0.78087,0.161248
vLLM lora_only nu100,0.295621,110,0.755318,0.161248
vLLM lora_only nu100,0.322496,120,0.784072,0.161248
vLLM lora_only nu100,0.349371,130,0.766572,0.161248
vLLM lora_only nu100,0.376245,140,0.943102,0.161248
vLLM lora_only nu100,0.403120,150,0.793192,0.161248
vLLM lora_only nu100,0.429995,160,0.749906,0.161248
vLLM lora_only nu100,0.456869,170,0.810813,0.161248
vLLM lora_only nu100,0.483744,180,0.792203,0.161248
vLLM lora_only nu100,0.510619,190,0.710844,0.161248
vLLM lora_only nu100,0.537493,200,0.982994,0.161248
vLLM lora_only nu100,0.564368,210,0.800191,0.161248
vLLM lora_only nu100,0.591243,220,0.836578,0.161248
vLLM lora_only nu100,0.618117,230,0.701096,0.161248
vLLM lora_only nu100,0.644992,240,0.82122,0.161248
vLLM lora_only nu100,0.671867,250,0.707568,0.161248
vLLM lora_only nu100,0.698741,260,0.933934,0.161248
vLLM lora_only nu100,0.725616,270,0.805183,0.161248
vLLM lora_only nu100,0.752491,280,0.822083,0.161248
vLLM lora_only nu100,0.779365,290,0.68412,0.161248
vLLM lora_only nu100,0.806240,300,0.76536,0.161248
vLLM lora_only nu100,0.833115,310,0.725291,0.161248
vLLM lora_only nu100,0.859989,320,0.829258,0.161248
vLLM lora_only nu100,0.886864,330,0.763709,0.161248
vLLM lora_only nu100,0.913739,340,0.751885,0.161248
vLLM lora_only nu100,0.940613,350,0.613953,0.161248
vLLM lora_only nu100,0.967488,360,0.725213,0.161248
vLLM lora_only nu100,0.994363,370,0.681276,0.161248
vLLM lora_only nu100,1.021237,380,0.755289,0.161248
vLLM lora_only nu100,1.048112,390,0.823266,0.161248
vLLM lora_only nu100,1.074987,400,0.71027,0.161248
vLLM lora_only nu100,1.101861,410,0.671467,0.161248
vLLM lora_only nu100,1.128736,420,0.645345,0.161248
vLLM lora_only nu100,1.155611,430,0.767171,0.161248
vLLM lora_only nu100,1.182485,440,0.678093,0.161248
vLLM lora_only nu100,1.209360,450,0.792091,0.161248
vLLM lora_only nu100,1.236235,460,0.715357,0.161248
vLLM lora_only nu100,1.263109,470,0.685284,0.161248
vLLM lora_only nu100,1.289984,480,0.711875,0.161248
vLLM lora_only nu100,1.316859,490,0.62401,0.161248
vLLM lora_only nu100,1.343733,500,0.615841,0.161248
vLLM lora_only nu100,1.370608,510,0.876596,0.161248
vLLM lora_only nu100,1.397483,520,0.669221,0.161248
vLLM lora_only nu100,1.424357,530,0.654348,0.161248
vLLM lora_only nu100,1.451232,540,0.661091,0.161248
vLLM lora_only nu100,1.478107,550,0.699074,0.161248
vLLM lora_only nu100,1.504981,560,0.655705,0.161248
vLLM lora_only nu100,1.531856,570,0.812424,0.161248
vLLM lora_only nu100,1.558731,580,0.684406,0.161248
vLLM lora_only nu100,1.585605,590,0.676534,0.161248
vLLM lora_only nu100,1.612480,600,0.610223,0.161248
vLLM lora_only nu100,1.639355,610,0.698187,0.161248
vLLM lora_only nu100,1.666229,620,0.68713,0.161248
vLLM lora_only nu100,1.693104,630,0.730455,0.161248
vLLM lora_only nu100,1.719979,640,0.722469,0.161248
vLLM lora_only nu100,1.746853,650,0.705693,0.161248
vLLM lora_only nu100,1.773728,660,0.617532,0.161248
vLLM lora_only nu100,1.800603,670,0.691773,0.161248
vLLM lora_only nu100,1.827477,680,0.625982,0.161248
vLLM lora_only nu100,1.854352,690,0.629745,0.161248
vLLM lora_only nu100,1.881227,700,0.797821,0.161248
vLLM lora_only nu100,1.908101,710,0.672569,0.161248
vLLM lora_only nu100,1.934976,720,0.661079,0.161248
vLLM lora_only nu100,1.961851,730,0.626716,0.161248
vLLM lora_only nu100,1.988725,740,0.679355,0.161248
vLLM lora_only nu100,2.015600,750,0.608911,0.161248
vLLM lora_only nu100,2.042475,760,0.777512,0.161248
vLLM lora_only nu100,2.069349,770,0.635906,0.161248
vLLM lora_only nu100,2.096224,780,0.65371,0.161248
vLLM lora_only nu100,2.123099,790,0.635539,0.161248
vLLM lora_only nu100,2.149973,800,0.652565,0.161248
vLLM lora_only nu100,2.176848,810,0.583362,0.161248
vLLM lora_only nu100,2.203723,820,0.765337,0.161248
vLLM lora_only nu100,2.230597,830,0.64103,0.161248
vLLM lora_only nu100,2.257472,840,0.610564,0.161248
vLLM lora_only nu100,2.284347,850,0.579668,0.161248
vLLM lora_only nu100,2.311221,860,0.62933,0.161248
vLLM lora_only nu100,2.338096,870,0.57644,0.161248
vLLM lora_only nu100,2.364971,880,0.749216,0.161248
vLLM lora_only nu100,2.391845,890,0.647159,0.161248
vLLM lora_only nu100,2.418720,900,0.682473,0.161248
vLLM lora_only nu100,2.445595,910,0.581245,0.161248
vLLM lora_only nu100,2.472469,920,0.658648,0.161248
vLLM lora_only nu100,2.499344,930,0.648146,0.161248
vLLM lora_only nu100,2.526219,940,0.708353,0.161248
vLLM lora_only nu100,2.553093,950,0.684023,0.161248
vLLM lora_only nu100,2.579968,960,0.659121,0.161248
vLLM lora_only nu100,2.606843,970,0.628298,0.161248
vLLM lora_only nu100,2.633717,980,0.662531,0.161248
vLLM lora_only nu100,2.660592,990,0.650923,0.161248
vLLM lora_only nu100,2.687467,1000,0.617626,0.161248
vLLM lora_only nu100,2.714341,1010,0.71933,0.161248
vLLM lora_only nu100,2.741216,1020,0.618316,0.161248
vLLM lora_only nu100,2.768091,1030,0.575619,0.161248
vLLM lora_only nu100,2.794965,1040,0.509621,0.161248
vLLM lora_only nu100,2.821840,1050,0.616717,0.161248
vLLM lora_only nu100,2.848715,1060,0.585036,0.161248
vLLM lora_only nu100,2.875589,1070,0.71927,0.161248
vLLM lora_only nu100,2.902464,1080,0.565671,0.161248
vLLM lora_only nu100,2.929339,1090,0.577156,0.161248
vLLM lora_only nu100,2.956213,1100,0.593629,0.161248
vLLM lora_only nu100,2.983088,1110,0.550278,0.161248
vLLM lora_only nu100,3.009963,1120,0.567083,0.161248
vLLM lora_only nu100,3.036837,1130,0.679481,0.161248
vLLM lora_only nu100,3.063712,1140,0.575507,0.161248
vLLM lora_only nu100,3.090587,1150,0.636003,0.161248
vLLM lora_only nu100,3.117461,1160,0.489179,0.161248
vLLM lora_only nu100,3.144336,1170,0.62362,0.161248
vLLM lora_only nu100,3.171211,1180,0.566123,0.161248
vLLM lora_only nu100,3.198085,1190,0.577118,0.161248
vLLM lora_only nu100,3.224960,1200,0.592124,0.161248
vLLM lora_only nu100,3.251835,1210,0.593712,0.161248
vLLM lora_only nu100,3.278709,1220,0.487477,0.161248
vLLM lora_only nu100,3.305584,1230,0.565282,0.161248
vLLM lora_only nu100,3.332459,1240,0.525694,0.161248
vLLM lora_only nu100,3.359333,1250,0.668792,0.161248
vLLM lora_only nu100,3.386208,1260,0.650177,0.161248
vLLM lora_only nu100,3.413083,1270,0.609207,0.161248
vLLM lora_only nu100,3.439957,1280,0.555573,0.161248
vLLM lora_only nu100,3.466832,1290,0.577073,0.161248
vLLM lora_only nu100,3.493707,1300,0.523835,0.161248
vLLM lora_only nu100,3.520581,1310,0.549517,0.161248
vLLM lora_only nu100,3.547456,1320,0.655138,0.161248
vLLM lora_only nu100,3.574331,1330,0.610278,0.161248
vLLM lora_only nu100,3.601205,1340,0.599643,0.161248
vLLM lora_only nu100,3.628080,1350,0.511743,0.161248
vLLM lora_only nu100,3.654955,1360,0.552638,0.161248
vLLM lora_only nu100,3.681829,1370,0.541417,0.161248
vLLM lora_only nu100,3.708704,1380,0.652234,0.161248
vLLM lora_only nu100,3.735579,1390,0.541403,0.161248
vLLM lora_only nu100,3.762453,1400,0.514237,0.161248
vLLM lora_only nu100,3.789328,1410,0.544725,0.161248
vLLM lora_only nu100,3.816203,1420,0.555349,0.161248
vLLM lora_only nu100,3.843077,1430,0.506031,0.161248
vLLM lora_only nu100,3.869952,1440,0.675555,0.161248
vLLM lora_only nu100,3.896827,1450,0.550265,0.161248
vLLM lora_only nu100,3.923701,1460,0.535481,0.161248
vLLM lora_only nu100,3.950576,1470,0.487092,0.161248
vLLM lora_only nu100,3.977451,1480,0.591784,0.161248
vLLM lora_only nu100,4.004325,1490,0.51981,0.161248
vLLM lora_only nu100,4.031200,1500,0.652325,0.161248
vLLM lora_only nu100,4.058075,1510,0.60127,0.161248
vLLM lora_only nu100,4.084949,1520,0.567393,0.161248
vLLM lora_only nu100,4.111824,1530,0.476315,0.161248
vLLM lora_only nu100,4.138699,1540,0.588182,0.161248
vLLM lora_only nu100,4.165573,1550,0.518679,0.161248
vLLM lora_only nu100,4.192448,1560,0.546901,0.161248
vLLM lora_only nu100,4.219323,1570,0.616573,0.161248
vLLM lora_only nu100,4.246197,1580,0.568537,0.161248
vLLM lora_only nu100,4.273072,1590,0.512095,0.161248
vLLM lora_only nu100,4.299947,1600,0.55398,0.161248
vLLM lora_only nu100,4.326821,1610,0.540264,0.161248
vLLM lora_only nu100,4.353696,1620,0.511293,0.161248
vLLM lora_only nu100,4.380571,1630,0.646063,0.161248
vLLM lora_only nu100,4.407445,1640,0.569593,0.161248
vLLM lora_only nu100,4.434320,1650,0.538957,0.161248
vLLM lora_only nu100,4.461195,1660,0.523369,0.161248
vLLM lora_only nu100,4.488069,1670,0.502613,0.161248
vLLM lora_only nu100,4.514944,1680,0.519268,0.161248
vLLM lora_only nu100,4.541819,1690,0.66562,0.161248
vLLM lora_only nu100,4.568693,1700,0.515701,0.161248
vLLM lora_only nu100,4.595568,1710,0.496234,0.161248
vLLM lora_only nu100,4.622443,1720,0.515153,0.161248
vLLM lora_only nu100,4.649317,1730,0.513895,0.161248
vLLM lora_only nu100,4.676192,1740,0.493591,0.161248
vLLM lora_only nu100,4.703067,1750,0.632365,0.161248
vLLM lora_only nu100,4.729941,1760,0.525656,0.161248
vLLM lora_only nu100,4.756816,1770,0.51162,0.161248
vLLM lora_only nu100,4.783691,1780,0.46811,0.161248
vLLM lora_only nu100,4.810565,1790,0.573995,0.161248
vLLM lora_only nu100,4.837440,1800,0.453894,0.161248
vLLM lora_only nu100,4.864315,1810,0.585408,0.161248
vLLM lora_only nu100,4.891189,1820,0.578639,0.161248
vLLM lora_only nu100,4.918064,1830,0.50258,0.161248
vLLM lora_only nu100,4.944939,1840,0.434993,0.161248
vLLM lora_only nu100,4.971813,1850,0.52409,0.161248
vLLM lora_only nu100,4.998688,1860,0.475999,0.161248
vLLM lora_only nu100,5.025563,1870,0.510113,0.161248
vLLM lora_only nu100,5.052437,1880,0.56535,0.161248
vLLM lora_only nu100,5.079312,1890,0.524861,0.161248
vLLM lora_only nu100,5.106187,1900,0.459131,0.161248
vLLM lora_only nu100,5.133061,1910,0.549008,0.161248
vLLM lora_only nu100,5.159936,1920,0.468437,0.161248
vLLM lora_only nu100,5.186811,1930,0.469388,0.161248
vLLM lora_only nu100,5.213685,1940,0.587939,0.161248
vLLM lora_only nu100,5.240560,1950,0.520393,0.161248
vLLM lora_only nu100,5.267435,1960,0.504776,0.161248
vLLM lora_only nu100,5.294309,1970,0.446177,0.161248
vLLM lora_only nu100,5.321184,1980,0.511633,0.161248
vLLM lora_only nu100,5.348059,1990,0.466815,0.161248
vLLM lora_only nu100,5.374933,2000,0.569729,0.161248
vLLM lora_only nu100,5.401808,2010,0.541005,0.161248
vLLM lora_only nu100,5.428683,2020,0.49429,0.161248
vLLM lora_only nu100,5.455557,2030,0.506093,0.161248
vLLM lora_only nu100,5.482432,2040,0.512103,0.161248
vLLM lora_only nu100,5.509307,2050,0.480387,0.161248
vLLM lora_only nu100,5.536181,2060,0.546019,0.161248
vLLM lora_only nu100,5.563056,2070,0.513283,0.161248
vLLM lora_only nu100,5.589931,2080,0.502079,0.161248
vLLM lora_only nu100,5.616805,2090,0.456151,0.161248
vLLM lora_only nu100,5.643680,2100,0.523539,0.161248
vLLM lora_only nu100,5.670555,2110,0.450144,0.161248
vLLM lora_only nu100,5.697429,2120,0.56203,0.161248
vLLM lora_only nu100,5.724304,2130,0.549293,0.161248
vLLM lora_only nu100,5.751179,2140,0.480015,0.161248
vLLM lora_only nu100,5.778053,2150,0.426241,0.161248
vLLM lora_only nu100,5.804928,2160,0.514386,0.161248
vLLM lora_only nu100,5.831803,2170,0.467115,0.161248
vLLM lora_only nu100,5.858677,2180,0.5114,0.161248
vLLM lora_only nu100,5.885552,2190,0.54299,0.161248
vLLM lora_only nu100,5.912427,2200,0.505192,0.161248
vLLM lora_only nu100,5.939301,2210,0.462781,0.161248
vLLM lora_only nu100,5.966176,2220,0.497852,0.161248
vLLM lora_only nu100,5.993051,2230,0.489816,0.161248
vLLM lora_only nu100,6.019925,2240,0.47527,0.161248
vLLM lora_only nu100,6.046800,2250,0.517695,0.161248
vLLM lora_only nu100,6.073675,2260,0.486945,0.161248
vLLM lora_only nu100,6.100549,2270,0.534813,0.161248
vLLM lora_only nu100,6.127424,2280,0.482202,0.161248
vLLM lora_only nu100,6.154299,2290,0.50616,0.161248
vLLM lora_only nu100,6.181173,2300,0.496246,0.161248
vLLM lora_only nu100,6.208048,2310,0.572746,0.161248
vLLM lora_only nu100,6.234923,2320,0.487324,0.161248
vLLM lora_only nu100,6.261797,2330,0.462158,0.161248
vLLM lora_only nu100,6.288672,2340,0.424853,0.161248
vLLM lora_only nu100,6.315547,2350,0.448603,0.161248
vLLM lora_only nu100,6.342421,2360,0.440132,0.161248
vLLM lora_only nu100,6.369296,2370,0.55647,0.161248
vLLM lora_only nu100,6.396171,2380,0.48453,0.161248
vLLM lora_only nu100,6.423045,2390,0.482279,0.161248
vLLM lora_only nu100,6.449920,2400,0.428546,0.161248
vLLM lora_only nu100,6.476795,2410,0.463922,0.161248
vLLM lora_only nu100,6.503669,2420,0.452273,0.161248
vLLM lora_only nu100,6.530544,2430,0.529471,0.161248
vLLM lora_only nu100,6.557419,2440,0.494458,0.161248
vLLM lora_only nu100,6.584293,2450,0.502073,0.161248
vLLM lora_only nu100,6.611168,2460,0.41969,0.161248
vLLM lora_only nu100,6.638043,2470,0.518744,0.161248
vLLM lora_only nu100,6.664917,2480,0.453572,0.161248
vLLM lora_only nu100,6.691792,2490,0.435727,0.161248
vLLM lora_only nu100,6.718667,2500,0.511652,0.161248
vLLM lora_only nu100,6.745541,2510,0.488853,0.161248
vLLM lora_only nu100,6.772416,2520,0.43479,0.161248
vLLM lora_only nu100,6.799291,2530,0.517297,0.161248
vLLM lora_only nu100,6.826165,2540,0.468283,0.161248
vLLM lora_only nu100,6.853040,2550,0.420723,0.161248
vLLM lora_only nu100,6.879915,2560,0.513123,0.161248
vLLM lora_only nu100,6.906789,2570,0.490414,0.161248
vLLM lora_only nu100,6.933664,2580,0.459758,0.161248
vLLM lora_only nu100,6.960539,2590,0.452787,0.161248
vLLM lora_only nu100,6.987413,2600,0.456463,0.161248
vLLM lora_only nu100,7.014288,2610,0.41806,0.161248
vLLM lora_only nu100,7.041163,2620,0.521736,0.161248
vLLM lora_only nu100,7.068037,2630,0.445375,0.161248
vLLM lora_only nu100,7.094912,2640,0.444555,0.161248
vLLM lora_only nu100,7.121787,2650,0.446293,0.161248
vLLM lora_only nu100,7.148661,2660,0.412035,0.161248
vLLM lora_only nu100,7.175536,2670,0.430499,0.161248
vLLM lora_only nu100,7.202411,2680,0.53302,0.161248
vLLM lora_only nu100,7.229285,2690,0.497592,0.161248
vLLM lora_only nu100,7.256160,2700,0.4725,0.161248
vLLM lora_only nu100,7.283035,2710,0.41526,0.161248
vLLM lora_only nu100,7.309909,2720,0.492459,0.161248
vLLM lora_only nu100,7.336784,2730,0.417312,0.161248
vLLM lora_only nu100,7.363659,2740,0.497641,0.161248
vLLM lora_only nu100,7.390533,2750,0.480275,0.161248
vLLM lora_only nu100,7.417408,2760,0.470119,0.161248
vLLM lora_only nu100,7.444283,2770,0.42299,0.161248
vLLM lora_only nu100,7.471157,2780,0.435713,0.161248
vLLM lora_only nu100,7.498032,2790,0.442754,0.161248
vLLM lora_only nu100,7.524907,2800,0.438164,0.161248
vLLM lora_only nu100,7.551781,2810,0.516051,0.161248
vLLM lora_only nu100,7.578656,2820,0.464054,0.161248
vLLM lora_only nu100,7.605531,2830,0.434876,0.161248
vLLM lora_only nu100,7.632405,2840,0.448802,0.161248
vLLM lora_only nu100,7.659280,2850,0.41301,0.161248
vLLM lora_only nu100,7.686155,2860,0.385454,0.161248
vLLM lora_only nu100,7.713029,2870,0.447958,0.161248
vLLM lora_only nu100,7.739904,2880,0.480353,0.161248
vLLM lora_only nu100,7.766779,2890,0.435579,0.161248
vLLM lora_only nu100,7.793653,2900,0.433147,0.161248
vLLM lora_only nu100,7.820528,2910,0.46346,0.161248
vLLM lora_only nu100,7.847403,2920,0.402538,0.161248
vLLM lora_only nu100,7.874277,2930,0.535469,0.161248
vLLM lora_only nu100,7.901152,2940,0.401965,0.161248
vLLM lora_only nu100,7.928027,2950,0.427413,0.161248
vLLM lora_only nu100,7.954901,2960,0.438992,0.161248
vLLM lora_only nu100,7.981776,2970,0.397226,0.161248
vLLM lora_only nu100,8.008651,2980,0.442964,0.161248
vLLM lora_only nu100,8.035525,2990,0.552983,0.161248
vLLM lora_only nu100,8.062400,3000,0.432794,0.161248
vLLM lora_only nu100,8.089275,3010,0.446978,0.161248
vLLM lora_only nu100,8.116149,3020,0.455033,0.161248
vLLM lora_only nu100,8.143024,3030,0.461177,0.161248
vLLM lora_only nu100,8.169899,3040,0.445367,0.161248
vLLM lora_only nu100,8.196773,3050,0.514586,0.161248
vLLM lora_only nu100,8.223648,3060,0.444158,0.161248
vLLM lora_only nu100,8.250523,3070,0.498139,0.161248
vLLM lora_only nu100,8.277397,3080,0.417528,0.161248
vLLM lora_only nu100,8.304272,3090,0.452253,0.161248
vLLM lora_only nu100,8.331147,3100,0.443994,0.161248
vLLM lora_only nu100,8.358021,3110,0.465199,0.161248
vLLM lora_only nu100,8.384896,3120,0.487356,0.161248
vLLM lora_only nu100,8.411771,3130,0.46301,0.161248
vLLM lora_only nu100,8.438645,3140,0.440523,0.161248
vLLM lora_only nu100,8.465520,3150,0.475233,0.161248
vLLM lora_only nu100,8.492395,3160,0.413763,0.161248
vLLM lora_only nu100,8.519269,3170,0.383001,0.161248
vLLM lora_only nu100,8.546144,3180,0.519046,0.161248
vLLM lora_only nu100,8.573019,3190,0.445712,0.161248
vLLM lora_only nu100,8.599893,3200,0.441898,0.161248
vLLM lora_only nu100,8.626768,3210,0.432126,0.161248
vLLM lora_only nu100,8.653643,3220,0.433009,0.161248
vLLM lora_only nu100,8.680517,3230,0.424859,0.161248
vLLM lora_only nu100,8.707392,3240,0.474274,0.161248
vLLM lora_only nu100,8.734267,3250,0.442108,0.161248
vLLM lora_only nu100,8.761141,3260,0.428677,0.161248
vLLM lora_only nu100,8.788016,3270,0.41274,0.161248
vLLM lora_only nu100,8.814891,3280,0.409533,0.161248
vLLM lora_only nu100,8.841765,3290,0.415048,0.161248
vLLM lora_only nu100,8.868640,3300,0.460333,0.161248
vLLM lora_only nu100,8.895515,3310,0.456566,0.161248
vLLM lora_only nu100,8.922389,3320,0.43408,0.161248
vLLM lora_only nu100,8.949264,3330,0.400121,0.161248
vLLM lora_only nu100,8.976139,3340,0.448898,0.161248
vLLM lora_only nu100,9.003013,3350,0.42792,0.161248
vLLM lora_only nu100,9.029888,3360,0.460778,0.161248
vLLM lora_only nu100,9.056763,3370,0.477652,0.161248
vLLM lora_only nu100,9.083637,3380,0.458012,0.161248
vLLM lora_only nu100,9.110512,3390,0.392323,0.161248
vLLM lora_only nu100,9.137387,3400,0.455649,0.161248
vLLM lora_only nu100,9.164261,3410,0.469795,0.161248
vLLM lora_only nu100,9.191136,3420,0.458227,0.161248
vLLM lora_only nu100,9.218011,3430,0.501635,0.161248
vLLM lora_only nu100,9.244885,3440,0.451012,0.161248
vLLM lora_only nu100,9.271760,3450,0.413166,0.161248
vLLM lora_only nu100,9.298635,3460,0.445806,0.161248
vLLM lora_only nu100,9.325509,3470,0.477209,0.161248
vLLM lora_only nu100,9.352384,3480,0.4203,0.161248
vLLM lora_only nu100,9.379259,3490,0.50229,0.161248
vLLM lora_only nu100,9.406133,3500,0.46141,0.161248
vLLM lora_only nu100,9.433008,3510,0.456075,0.161248
vLLM lora_only nu100,9.459883,3520,0.403191,0.161248
vLLM lora_only nu100,9.486757,3530,0.405756,0.161248
vLLM lora_only nu100,9.513632,3540,0.427449,0.161248
vLLM lora_only nu100,9.540507,3550,0.517245,0.161248
vLLM lora_only nu100,9.567381,3560,0.456558,0.161248
vLLM lora_only nu100,9.594256,3570,0.448509,0.161248
vLLM lora_only nu100,9.621131,3580,0.435722,0.161248
vLLM lora_only nu100,9.648005,3590,0.376413,0.161248
vLLM lora_only nu100,9.674880,3600,0.439287,0.161248
vLLM lora_only nu100,9.701755,3610,0.449991,0.161248
vLLM lora_only nu100,9.728629,3620,0.45999,0.161248
vLLM lora_only nu100,9.755504,3630,0.408074,0.161248
vLLM lora_only nu100,9.782379,3640,0.356558,0.161248
vLLM lora_only nu100,9.809253,3650,0.416395,0.161248
vLLM lora_only nu100,9.836128,3660,0.397767,0.161248
vLLM lora_only nu100,9.863003,3670,0.447065,0.161248
vLLM lora_only nu100,9.889877,3680,0.468475,0.161248
vLLM lora_only nu100,9.916752,3690,0.497964,0.161248
vLLM lora_only nu100,9.943627,3700,0.401842,0.161248
vLLM lora_only nu100,9.970501,3710,0.424054,0.161248
vLLM lora_only nu100,9.997376,3720,0.404922,0.161248
vLLM lora_only nu100,10.024251,3730,0.406065,0.161248
vLLM lora_only nu100,10.051125,3740,0.481784,0.161248
vLLM lora_only nu100,10.078000,3750,0.466438,0.161248
vLLM lora_only nu100,10.104875,3760,0.375349,0.161248
vLLM lora_only nu100,10.131749,3770,0.459272,0.161248
vLLM lora_only nu100,10.158624,3780,0.385361,0.161248
vLLM lora_only nu100,10.185499,3790,0.417805,0.161248
vLLM lora_only nu100,10.212373,3800,0.52921,0.161248
vLLM lora_only nu100,10.239248,3810,0.442763,0.161248
vLLM lora_only nu100,10.266123,3820,0.429058,0.161248
vLLM lora_only nu100,10.292997,3830,0.407162,0.161248
vLLM lora_only nu100,10.319872,3840,0.396136,0.161248
vLLM lora_only nu100,10.346747,3850,0.402682,0.161248
vLLM lora_only nu100,10.373621,3860,0.469987,0.161248
vLLM lora_only nu100,10.400496,3870,0.399079,0.161248
vLLM lora_only nu100,10.427371,3880,0.429005,0.161248
vLLM lora_only nu100,10.454245,3890,0.391064,0.161248
vLLM lora_only nu100,10.481120,3900,0.36177,0.161248
vLLM lora_only nu100,10.507995,3910,0.392669,0.161248
vLLM lora_only nu100,10.534869,3920,0.428665,0.161248
vLLM lora_only nu100,10.561744,3930,0.368423,0.161248
vLLM lora_only nu100,10.588619,3940,0.451255,0.161248
vLLM lora_only nu100,10.615493,3950,0.411398,0.161248
vLLM lora_only nu100,10.642368,3960,0.417843,0.161248
vLLM lora_only nu100,10.669243,3970,0.408873,0.161248
vLLM lora_only nu100,10.696117,3980,0.434028,0.161248
vLLM lora_only nu100,10.722992,3990,0.423104,0.161248
vLLM lora_only nu100,10.749867,4000,0.414048,0.161248
vLLM lora_only nu100,10.776741,4010,0.396046,0.161248
vLLM lora_only nu100,10.803616,4020,0.380707,0.161248
vLLM lora_only nu100,10.830491,4030,0.376188,0.161248
vLLM lora_only nu100,10.857365,4040,0.406415,0.161248
vLLM lora_only nu100,10.884240,4050,0.452463,0.161248
vLLM lora_only nu100,10.911115,4060,0.452502,0.161248
vLLM lora_only nu100,10.937989,4070,0.360264,0.161248
vLLM lora_only nu100,10.964864,4080,0.443272,0.161248
vLLM lora_only nu100,10.991739,4090,0.398392,0.161248
vLLM lora_only nu100,11.018613,4100,0.377921,0.161248
vLLM lora_only nu100,11.045488,4110,0.459194,0.161248
vLLM lora_only nu100,11.072363,4120,0.404668,0.161248
vLLM lora_only nu100,11.099237,4130,0.431027,0.161248
vLLM lora_only nu100,11.126112,4140,0.413747,0.161248
vLLM lora_only nu100,11.152987,4150,0.386138,0.161248
vLLM lora_only nu100,11.179861,4160,0.396404,0.161248
vLLM lora_only nu100,11.206736,4170,0.421741,0.161248
vLLM lora_only nu100,11.233611,4180,0.358208,0.161248
vLLM lora_only nu100,11.260485,4190,0.39251,0.161248
vLLM lora_only nu100,11.287360,4200,0.439141,0.161248
vLLM lora_only nu100,11.314235,4210,0.413834,0.161248
vLLM lora_only nu100,11.341109,4220,0.403597,0.161248
vLLM lora_only nu100,11.367984,4230,0.45997,0.161248
vLLM lora_only nu100,11.394859,4240,0.460684,0.161248
vLLM lora_only nu100,11.421733,4250,0.417915,0.161248
vLLM lora_only nu100,11.448608,4260,0.412165,0.161248
vLLM lora_only nu100,11.475483,4270,0.384423,0.161248
vLLM lora_only nu100,11.502357,4280,0.392644,0.161248
vLLM lora_only nu100,11.529232,4290,0.406496,0.161248
vLLM lora_only nu100,11.556107,4300,0.432224,0.161248
vLLM lora_only nu100,11.582981,4310,0.406164,0.161248
vLLM lora_only nu100,11.609856,4320,0.375666,0.161248
vLLM lora_only nu100,11.636731,4330,0.412986,0.161248
vLLM lora_only nu100,11.663605,4340,0.398115,0.161248
vLLM lora_only nu100,11.690480,4350,0.396736,0.161248
vLLM lora_only nu100,11.717355,4360,0.4315,0.161248
vLLM lora_only nu100,11.744229,4370,0.414913,0.161248
vLLM lora_only nu100,11.771104,4380,0.367517,0.161248
vLLM lora_only nu100,11.797979,4390,0.419796,0.161248
vLLM lora_only nu100,11.824853,4400,0.402389,0.161248
vLLM lora_only nu100,11.851728,4410,0.385742,0.161248
vLLM lora_only nu100,11.878603,4420,0.411817,0.161248
vLLM lora_only nu100,11.905477,4430,0.427996,0.161248
vLLM lora_only nu100,11.932352,4440,0.375233,0.161248
vLLM lora_only nu100,11.959227,4450,0.417781,0.161248
vLLM lora_only nu100,11.986101,4460,0.386339,0.161248
vLLM lora_only nu100,12.012976,4470,0.392064,0.161248
vLLM lora_only nu100,12.039851,4480,0.441671,0.161248
vLLM lora_only nu100,12.066725,4490,0.410848,0.161248
vLLM lora_only nu100,12.093600,4500,0.404445,0.161248
vLLM lora_only nu100,12.120475,4510,0.376408,0.161248
vLLM lora_only nu100,12.147349,4520,0.346239,0.161248
vLLM lora_only nu100,12.174224,4530,0.398038,0.161248
vLLM lora_only nu100,12.201099,4540,0.413232,0.161248
vLLM lora_only nu100,12.227973,4550,0.375208,0.161248
vLLM lora_only nu100,12.254848,4560,0.369026,0.161248
vLLM lora_only nu100,12.281723,4570,0.386969,0.161248
vLLM lora_only nu100,12.308597,4580,0.372622,0.161248
vLLM lora_only nu100,12.335472,4590,0.400223,0.161248
vLLM lora_only nu100,12.362347,4600,0.377981,0.161248
vLLM lora_only nu100,12.389221,4610,0.425647,0.161248
vLLM lora_only nu100,12.416096,4620,0.428765,0.161248
vLLM lora_only nu100,12.442971,4630,0.365114,0.161248
vLLM lora_only nu100,12.469845,4640,0.383552,0.161248
vLLM lora_only nu100,12.496720,4650,0.385595,0.161248
vLLM lora_only nu100,12.523595,4660,0.396078,0.161248
vLLM lora_only nu100,12.550469,4670,0.450381,0.161248
vLLM lora_only nu100,12.577344,4680,0.433144,0.161248
vLLM lora_only nu100,12.604219,4690,0.319232,0.161248
vLLM lora_only nu100,12.631093,4700,0.43148,0.161248
vLLM lora_only nu100,12.657968,4710,0.348606,0.161248
vLLM lora_only nu100,12.684843,4720,0.364597,0.161248
vLLM lora_only nu100,12.711717,4730,0.442193,0.161248
vLLM lora_only nu100,12.738592,4740,0.409527,0.161248
vLLM lora_only nu100,12.765467,4750,0.38178,0.161248
vLLM lora_only nu100,12.792341,4760,0.371929,0.161248
vLLM lora_only nu100,12.819216,4770,0.386209,0.161248
vLLM lora_only nu100,12.846091,4780,0.381585,0.161248
vLLM lora_only nu100,12.872965,4790,0.437055,0.161248
vLLM lora_only nu100,12.899840,4800,0.40326,0.161248
vLLM lora_only nu100,12.926715,4810,0.374442,0.161248
vLLM lora_only nu100,12.953589,4820,0.409314,0.161248
vLLM lora_only nu100,12.980464,4830,0.35706,0.161248
vLLM lora_only nu100,13.007339,4840,0.407438,0.161248
vLLM lora_only nu100,13.034213,4850,0.401039,0.161248
vLLM lora_only nu100,13.061088,4860,0.379225,0.161248
vLLM lora_only nu100,13.087963,4870,0.397813,0.161248
vLLM lora_only nu100,13.114837,4880,0.352273,0.161248
vLLM lora_only nu100,13.141712,4890,0.390665,0.161248
vLLM lora_only nu100,13.168587,4900,0.361037,0.161248
vLLM lora_only nu100,13.195461,4910,0.432578,0.161248
vLLM lora_only nu100,13.222336,4920,0.408065,0.161248
vLLM lora_only nu100,13.249211,4930,0.404205,0.161248
vLLM lora_only nu100,13.276085,4940,0.393339,0.161248
vLLM lora_only nu100,13.302960,4950,0.39492,0.161248
vLLM lora_only nu100,13.329835,4960,0.398968,0.161248
vLLM lora_only nu100,13.356709,4970,0.400182,0.161248
vLLM lora_only nu100,13.383584,4980,0.438399,0.161248
vLLM lora_only nu100,13.410459,4990,0.405738,0.161248
vLLM lora_only nu100,13.437333,5000,0.37928,0.161248
vLLM lora_only nu100,13.464208,5010,0.412828,0.161248
vLLM lora_only nu100,13.491083,5020,0.326718,0.161248
vLLM lora_only nu100,13.517957,5030,0.388061,0.161248
vLLM lora_only nu100,13.544832,5040,0.462141,0.161248
vLLM lora_only nu100,13.571707,5050,0.442625,0.161248
vLLM lora_only nu100,13.598581,5060,0.382817,0.161248
vLLM lora_only nu100,13.625456,5070,0.372476,0.161248
vLLM lora_only nu100,13.652331,5080,0.365288,0.161248
vLLM lora_only nu100,13.679205,5090,0.347876,0.161248
vLLM lora_only nu100,13.706080,5100,0.363846,0.161248
vLLM lora_only nu100,13.732955,5110,0.351519,0.161248
vLLM lora_only nu100,13.759829,5120,0.377115,0.161248
vLLM lora_only nu100,13.786704,5130,0.416219,0.161248
vLLM lora_only nu100,13.813579,5140,0.354879,0.161248
vLLM lora_only nu100,13.840453,5150,0.374204,0.161248
vLLM lora_only nu100,13.867328,5160,0.415517,0.161248
vLLM lora_only nu100,13.894203,5170,0.393537,0.161248
vLLM lora_only nu100,13.921077,5180,0.410518,0.161248
vLLM lora_only nu100,13.947952,5190,0.368244,0.161248
vLLM lora_only nu100,13.974827,5200,0.370018,0.161248
vLLM lora_only nu100,14.001701,5210,0.341857,0.161248
vLLM lora_only nu100,14.028576,5220,0.411653,0.161248
vLLM lora_only nu100,14.055451,5230,0.427642,0.161248
vLLM lora_only nu100,14.082325,5240,0.389787,0.161248
vLLM lora_only nu100,14.109200,5250,0.350732,0.161248
vLLM lora_only nu100,14.136075,5260,0.378453,0.161248
vLLM lora_only nu100,14.162949,5270,0.360523,0.161248
vLLM lora_only nu100,14.189824,5280,0.343657,0.161248
vLLM lora_only nu100,14.216699,5290,0.420298,0.161248
vLLM lora_only nu100,14.243573,5300,0.38274,0.161248
vLLM lora_only nu100,14.270448,5310,0.365895,0.161248
vLLM lora_only nu100,14.297323,5320,0.406106,0.161248
vLLM lora_only nu100,14.324197,5330,0.411658,0.161248
vLLM lora_only nu100,14.351072,5340,0.353835,0.161248
vLLM lora_only nu100,14.377947,5350,0.441247,0.161248
vLLM lora_only nu100,14.404821,5360,0.396605,0.161248
vLLM lora_only nu100,14.431696,5370,0.406401,0.161248
vLLM lora_only nu100,14.458571,5380,0.411291,0.161248
vLLM lora_only nu100,14.485445,5390,0.379378,0.161248
vLLM lora_only nu100,14.512320,5400,0.40685,0.161248
vLLM lora_only nu100,14.539195,5410,0.362309,0.161248
vLLM lora_only nu100,14.566069,5420,0.36297,0.161248
vLLM lora_only nu100,14.592944,5430,0.398841,0.161248
vLLM lora_only nu100,14.619819,5440,0.426802,0.161248
vLLM lora_only nu100,14.646693,5450,0.339221,0.161248
vLLM lora_only nu100,14.673568,5460,0.398822,0.161248
vLLM lora_only nu100,14.700443,5470,0.429889,0.161248
vLLM lora_only nu100,14.727317,5480,0.370306,0.161248
vLLM lora_only nu100,14.754192,5490,0.381474,0.161248
vLLM lora_only nu100,14.781067,5500,0.378212,0.161248
vLLM lora_only nu100,14.807941,5510,0.414071,0.161248
vLLM lora_only nu100,14.834816,5520,0.354373,0.161248
vLLM lora_only nu100,14.861691,5530,0.385391,0.161248
vLLM lora_only nu100,14.888565,5540,0.410443,0.161248
vLLM lora_only nu100,14.915440,5550,0.361128,0.161248
vLLM lora_only nu100,14.942315,5560,0.345189,0.161248
vLLM lora_only nu100,14.969189,5570,0.389466,0.161248
vLLM lora_only nu100,14.996064,5580,0.368285,0.161248
vLLM lora_only nu100,15.022939,5590,0.348142,0.161248
vLLM lora_only nu100,15.049813,5600,0.402426,0.161248
vLLM lora_only nu100,15.076688,5610,0.395708,0.161248
vLLM lora_only nu100,15.103563,5620,0.371926,0.161248
vLLM lora_only nu100,15.130437,5630,0.404923,0.161248
vLLM lora_only nu100,15.157312,5640,0.370242,0.161248
vLLM lora_only nu100,15.184187,5650,0.358755,0.161248
vLLM lora_only nu100,15.211061,5660,0.43028,0.161248
vLLM lora_only nu100,15.237936,5670,0.361725,0.161248
vLLM lora_only nu100,15.264811,5680,0.375124,0.161248
vLLM lora_only nu100,15.291685,5690,0.412952,0.161248
vLLM lora_only nu100,15.318560,5700,0.350404,0.161248
vLLM lora_only nu100,15.345435,5710,0.348206,0.161248
vLLM lora_only nu100,15.372309,5720,0.403722,0.161248
vLLM lora_only nu100,15.399184,5730,0.317082,0.161248
vLLM lora_only nu100,15.426059,5740,0.371153,0.161248
vLLM lora_only nu100,15.452933,5750,0.365517,0.161248
vLLM lora_only nu100,15.479808,5760,0.340027,0.161248
vLLM lora_only nu100,15.506683,5770,0.366648,0.161248
vLLM lora_only nu100,15.533557,5780,0.403047,0.161248
vLLM lora_only nu100,15.560432,5790,0.336828,0.161248
vLLM lora_only nu100,15.587307,5800,0.367727,0.161248
vLLM lora_only nu100,15.614181,5810,0.41839,0.161248
vLLM lora_only nu100,15.641056,5820,0.432915,0.161248
vLLM lora_only nu100,15.667931,5830,0.387258,0.161248
vLLM lora_only nu100,15.694805,5840,0.416189,0.161248
vLLM lora_only nu100,15.721680,5850,0.370302,0.161248
vLLM lora_only nu100,15.748555,5860,0.409507,0.161248
vLLM lora_only nu100,15.775429,5870,0.42118,0.161248
vLLM lora_only nu100,15.802304,5880,0.412594,0.161248
vLLM lora_only nu100,15.829179,5890,0.351561,0.161248
vLLM lora_only nu100,15.856053,5900,0.390926,0.161248
vLLM lora_only nu100,15.882928,5910,0.429302,0.161248
vLLM lora_only nu100,15.909803,5920,0.407059,0.161248
vLLM lora_only nu100,15.936677,5930,0.335732,0.161248
vLLM lora_only nu100,15.963552,5940,0.374328,0.161248
vLLM lora_only nu100,15.990427,5950,0.342087,0.161248
vLLM lora_only nu100,16.017301,5960,0.36754,0.161248
vLLM lora_only nu100,16.044176,5970,0.386143,0.161248
vLLM lora_only nu100,16.071051,5980,0.396117,0.161248
vLLM lora_only nu100,16.097925,5990,0.350946,0.161248
vLLM lora_only nu100,16.124800,6000,0.329546,0.161248
vLLM lora_only nu100,16.151675,6010,0.353169,0.161248
vLLM lora_only nu100,16.178549,6020,0.339792,0.161248
vLLM lora_only nu100,16.205424,6030,0.399686,0.161248
vLLM lora_only nu100,16.232299,6040,0.365881,0.161248
vLLM lora_only nu100,16.259173,6050,0.374017,0.161248
vLLM lora_only nu100,16.286048,6060,0.375937,0.161248
vLLM lora_only nu100,16.312923,6070,0.335712,0.161248
vLLM lora_only nu100,16.339797,6080,0.381357,0.161248
vLLM lora_only nu100,16.366672,6090,0.430964,0.161248
vLLM lora_only nu100,16.393547,6100,0.364956,0.161248
vLLM lora_only nu100,16.420421,6110,0.365272,0.161248
vLLM lora_only nu100,16.447296,6120,0.355342,0.161248
vLLM lora_only nu100,16.474171,6130,0.34914,0.161248
vLLM lora_only nu100,16.501045,6140,0.347553,0.161248
vLLM lora_only nu100,16.527920,6150,0.406617,0.161248
vLLM lora_only nu100,16.554795,6160,0.367782,0.161248
vLLM lora_only nu100,16.581669,6170,0.356038,0.161248
vLLM lora_only nu100,16.608544,6180,0.308042,0.161248
vLLM lora_only nu100,16.635419,6190,0.351746,0.161248
vLLM lora_only nu100,16.662293,6200,0.34302,0.161248
vLLM lora_only nu100,16.689168,6210,0.345818,0.161248
vLLM lora_only nu100,16.716043,6220,0.39265,0.161248
vLLM lora_only nu100,16.742917,6230,0.372764,0.161248
vLLM lora_only nu100,16.769792,6240,0.316389,0.161248
vLLM lora_only nu100,16.796667,6250,0.373157,0.161248
vLLM lora_only nu100,16.823541,6260,0.345811,0.161248
vLLM lora_only nu100,16.850416,6270,0.333725,0.161248
vLLM lora_only nu100,16.877291,6280,0.38699,0.161248
vLLM lora_only nu100,16.904165,6290,0.341675,0.161248
vLLM lora_only nu100,16.931040,6300,0.359692,0.161248
vLLM lora_only nu100,16.957915,6310,0.335672,0.161248
vLLM lora_only nu100,16.984789,6320,0.326462,0.161248
vLLM lora_only nu100,17.011664,6330,0.320271,0.161248
vLLM lora_only nu100,17.038539,6340,0.393285,0.161248
vLLM lora_only nu100,17.065413,6350,0.363785,0.161248
vLLM lora_only nu100,17.092288,6360,0.360196,0.161248
vLLM lora_only nu100,17.119163,6370,0.329912,0.161248
vLLM lora_only nu100,17.146037,6380,0.30161,0.161248
vLLM lora_only nu100,17.172912,6390,0.325411,0.161248
vLLM lora_only nu100,17.199787,6400,0.367126,0.161248
vLLM lora_only nu100,17.226661,6410,0.332585,0.161248
vLLM lora_only nu100,17.253536,6420,0.367329,0.161248
vLLM lora_only nu100,17.280411,6430,0.315256,0.161248
vLLM lora_only nu100,17.307285,6440,0.358317,0.161248
vLLM lora_only nu100,17.334160,6450,0.306198,0.161248
vLLM lora_only nu100,17.361035,6460,0.361253,0.161248
vLLM lora_only nu100,17.387909,6470,0.37495,0.161248
vLLM lora_only nu100,17.414784,6480,0.337648,0.161248
vLLM lora_only nu100,17.441659,6490,0.316461,0.161248
vLLM lora_only nu100,17.468533,6500,0.34295,0.161248
vLLM lora_only nu100,17.495408,6510,0.296495,0.161248
vLLM lora_only nu100,17.522283,6520,0.325362,0.161248
vLLM lora_only nu100,17.549157,6530,0.367678,0.161248
vLLM lora_only nu100,17.576032,6540,0.380976,0.161248
vLLM lora_only nu100,17.602907,6550,0.294649,0.161248
vLLM lora_only nu100,17.629781,6560,0.376954,0.161248
vLLM lora_only nu100,17.656656,6570,0.320396,0.161248
vLLM lora_only nu100,17.683531,6580,0.306295,0.161248
vLLM lora_only nu100,17.710405,6590,0.385716,0.161248
vLLM lora_only nu100,17.737280,6600,0.338744,0.161248
vLLM lora_only nu100,17.764155,6610,0.332791,0.161248
vLLM lora_only nu100,17.791029,6620,0.354781,0.161248
vLLM lora_only nu100,17.817904,6630,0.359302,0.161248
vLLM lora_only nu100,17.844779,6640,0.331612,0.161248
vLLM lora_only nu100,17.871653,6650,0.401213,0.161248
vLLM lora_only nu100,17.898528,6660,0.349488,0.161248
vLLM lora_only nu100,17.925403,6670,0.347027,0.161248
vLLM lora_only nu100,17.952277,6680,0.368987,0.161248
vLLM lora_only nu100,17.979152,6690,0.328442,0.161248
vLLM lora_only nu100,18.006027,6700,0.342376,0.161248
vLLM lora_only nu100,18.032901,6710,0.315532,0.161248
vLLM lora_only nu100,18.059776,6720,0.293917,0.161248
vLLM lora_only nu100,18.086651,6730,0.315062,0.161248
vLLM lora_only nu100,18.113525,6740,0.300174,0.161248
vLLM lora_only nu100,18.140400,6750,0.326434,0.161248
vLLM lora_only nu100,18.167275,6760,0.310367,0.161248
vLLM lora_only nu100,18.194149,6770,0.33917,0.161248
vLLM lora_only nu100,18.221024,6780,0.378495,0.161248
vLLM lora_only nu100,18.247899,6790,0.340575,0.161248
vLLM lora_only nu100,18.274773,6800,0.321658,0.161248
vLLM lora_only nu100,18.301648,6810,0.360797,0.161248
vLLM lora_only nu100,18.328523,6820,0.337849,0.161248
vLLM lora_only nu100,18.355397,6830,0.314709,0.161248
vLLM lora_only nu100,18.382272,6840,0.379367,0.161248
vLLM lora_only nu100,18.409147,6850,0.35974,0.161248
vLLM lora_only nu100,18.436021,6860,0.283343,0.161248
vLLM lora_only nu100,18.462896,6870,0.354016,0.161248
vLLM lora_only nu100,18.489771,6880,0.292567,0.161248
vLLM lora_only nu100,18.516645,6890,0.320393,0.161248
vLLM lora_only nu100,18.543520,6900,0.349549,0.161248
vLLM lora_only nu100,18.570395,6910,0.348917,0.161248
vLLM lora_only nu100,18.597269,6920,0.337195,0.161248
vLLM lora_only nu100,18.624144,6930,0.349429,0.161248
vLLM lora_only nu100,18.651019,6940,0.318454,0.161248
vLLM lora_only nu100,18.677893,6950,0.3078,0.161248
vLLM lora_only nu100,18.704768,6960,0.394635,0.161248
vLLM lora_only nu100,18.731643,6970,0.356204,0.161248
vLLM lora_only nu100,18.758517,6980,0.311924,0.161248
vLLM lora_only nu100,18.785392,6990,0.362497,0.161248
vLLM lora_only nu100,18.812267,7000,0.281929,0.161248
vLLM lora_only nu100,18.839141,7010,0.358704,0.161248
vLLM lora_only nu100,18.866016,7020,0.361588,0.161248
vLLM lora_only nu100,18.892891,7030,0.320197,0.161248
vLLM lora_only nu100,18.919765,7040,0.322551,0.161248
vLLM lora_only nu100,18.946640,7050,0.284753,0.161248
vLLM lora_only nu100,18.973515,7060,0.350431,0.161248
vLLM lora_only nu100,19.000389,7070,0.323731,0.161248
vLLM lora_only nu100,19.027264,7080,0.361382,0.161248
vLLM lora_only nu100,19.054139,7090,0.334096,0.161248
vLLM lora_only nu100,19.081013,7100,0.354164,0.161248
vLLM lora_only nu100,19.107888,7110,0.296588,0.161248
vLLM lora_only nu100,19.134763,7120,0.327816,0.161248
vLLM lora_only nu100,19.161637,7130,0.317786,0.161248
vLLM lora_only nu100,19.188512,7140,0.329302,0.161248
vLLM lora_only nu100,19.215387,7150,0.354261,0.161248
vLLM lora_only nu100,19.242261,7160,0.361047,0.161248
vLLM lora_only nu100,19.269136,7170,0.282283,0.161248
vLLM lora_only nu100,19.296011,7180,0.350199,0.161248
vLLM lora_only nu100,19.322885,7190,0.315196,0.161248
vLLM lora_only nu100,19.349760,7200,0.304439,0.161248
vLLM lora_only nu100,19.376635,7210,0.376538,0.161248
vLLM lora_only nu100,19.403509,7220,0.337421,0.161248
vLLM lora_only nu100,19.430384,7230,0.313216,0.161248
vLLM lora_only nu100,19.457259,7240,0.325643,0.161248
vLLM lora_only nu100,19.484133,7250,0.289346,0.161248
vLLM lora_only nu100,19.511008,7260,0.34899,0.161248
vLLM lora_only nu100,19.537883,7270,0.377564,0.161248
vLLM lora_only nu100,19.564757,7280,0.318389,0.161248
vLLM lora_only nu100,19.591632,7290,0.312685,0.161248
vLLM lora_only nu100,19.618507,7300,0.311579,0.161248
vLLM lora_only nu100,19.645381,7310,0.301977,0.161248
vLLM lora_only nu100,19.672256,7320,0.350656,0.161248
vLLM lora_only nu100,19.699131,7330,0.352886,0.161248
vLLM lora_only nu100,19.726005,7340,0.307311,0.161248
vLLM lora_only nu100,19.752880,7350,0.315168,0.161248
vLLM lora_only nu100,19.779755,7360,0.296179,0.161248
vLLM lora_only nu100,19.806629,7370,0.312678,0.161248
vLLM lora_only nu100,19.833504,7380,0.309938,0.161248
vLLM lora_only nu100,19.860379,7390,0.34628,0.161248
vLLM lora_only nu100,19.887253,7400,0.357525,0.161248
vLLM lora_only nu100,19.914128,7410,0.35605,0.161248
vLLM lora_only nu100,19.941003,7420,0.326012,0.161248
vLLM lora_only nu100,19.967877,7430,0.327135,0.161248
vLLM lora_only nu100,19.994752,7440,0.315069,0.161248
vLLM lora_only nu100,20.021627,7450,0.367677,0.161248
vLLM lora_only nu100,20.048501,7460,0.368297,0.161248
vLLM lora_only nu100,20.075376,7470,0.335096,0.161248
vLLM lora_only nu100,20.102251,7480,0.330079,0.161248
vLLM lora_only nu100,20.129125,7490,0.347094,0.161248
vLLM lora_only nu100,20.156000,7500,0.311219,0.161248
vLLM lora_only nu100,20.182875,7510,0.281381,0.161248
vLLM lora_only nu100,20.209749,7520,0.314464,0.161248
vLLM lora_only nu100,20.236624,7530,0.319041,0.161248
vLLM lora_only nu100,20.263499,7540,0.283182,0.161248
vLLM lora_only nu100,20.290373,7550,0.285672,0.161248
vLLM lora_only nu100,20.317248,7560,0.317687,0.161248
vLLM lora_only nu100,20.344123,7570,0.35379,0.161248
vLLM lora_only nu100,20.370997,7580,0.32825,0.161248
vLLM lora_only nu100,20.397872,7590,0.333806,0.161248
vLLM lora_only nu100,20.424747,7600,0.31853,0.161248
vLLM lora_only nu100,20.451621,7610,0.380338,0.161248
vLLM lora_only nu100,20.478496,7620,0.353991,0.161248
vLLM lora_only nu100,20.505371,7630,0.387308,0.161248
vLLM lora_only nu100,20.532245,7640,0.38344,0.161248
vLLM lora_only nu100,20.559120,7650,0.347405,0.161248
vLLM lora_only nu100,20.585995,7660,0.333397,0.161248
vLLM lora_only nu100,20.612869,7670,0.336266,0.161248
vLLM lora_only nu100,20.639744,7680,0.340249,0.161248
vLLM lora_only nu100,20.666619,7690,0.34781,0.161248
vLLM lora_only nu100,20.693493,7700,0.391082,0.161248
vLLM lora_only nu100,20.720368,7710,0.323708,0.161248
vLLM lora_only nu100,20.747243,7720,0.327052,0.161248
vLLM lora_only nu100,20.774117,7730,0.323669,0.161248
vLLM lora_only nu100,20.800992,7740,0.324231,0.161248
vLLM lora_only nu100,20.827867,7750,0.286069,0.161248
vLLM lora_only nu100,20.854741,7760,0.325808,0.161248
vLLM lora_only nu100,20.881616,7770,0.385077,0.161248
vLLM lora_only nu100,20.908491,7780,0.332324,0.161248
vLLM lora_only nu100,20.935365,7790,0.279038,0.161248
vLLM lora_only nu100,20.962240,7800,0.36203,0.161248
vLLM lora_only nu100,20.989115,7810,0.269058,0.161248
vLLM lora_only nu100,21.015989,7820,0.307556,0.161248
vLLM lora_only nu100,21.042864,7830,0.314894,0.161248
vLLM lora_only nu100,21.069739,7840,0.313391,0.161248
vLLM lora_only nu100,21.096613,7850,0.30561,0.161248
vLLM lora_only nu100,21.123488,7860,0.308958,0.161248
vLLM lora_only nu100,21.150363,7870,0.301927,0.161248
vLLM lora_only nu100,21.177237,7880,0.34632,0.161248
vLLM lora_only nu100,21.204112,7890,0.333179,0.161248
vLLM lora_only nu100,21.230987,7900,0.292287,0.161248
vLLM lora_only nu100,21.257861,7910,0.288448,0.161248
vLLM lora_only nu100,21.284736,7920,0.327279,0.161248
vLLM lora_only nu100,21.311611,7930,0.30674,0.161248
vLLM lora_only nu100,21.338485,7940,0.288949,0.161248
vLLM lora_only nu100,21.365360,7950,0.385639,0.161248
vLLM lora_only nu100,21.392235,7960,0.332801,0.161248
vLLM lora_only nu100,21.419109,7970,0.310239,0.161248
vLLM lora_only nu100,21.445984,7980,0.283955,0.161248
vLLM lora_only nu100,21.472859,7990,0.307021,0.161248
vLLM lora_only nu100,21.499733,8000,0.2952,0.161248
vLLM lora_only nu100,21.526608,8010,0.353421,0.161248
vLLM lora_only nu100,21.553483,8020,0.301585,0.161248
vLLM lora_only nu100,21.580357,8030,0.336344,0.161248
vLLM lora_only nu100,21.607232,8040,0.295905,0.161248
vLLM lora_only nu100,21.634107,8050,0.305867,0.161248
vLLM lora_only nu100,21.660981,8060,0.288436,0.161248
vLLM lora_only nu100,21.687856,8070,0.330975,0.161248
vLLM lora_only nu100,21.714731,8080,0.374841,0.161248
vLLM lora_only nu100,21.741605,8090,0.335374,0.161248
vLLM lora_only nu100,21.768480,8100,0.296986,0.161248
vLLM lora_only nu100,21.795355,8110,0.325325,0.161248
vLLM lora_only nu100,21.822229,8120,0.249247,0.161248
vLLM lora_only nu100,21.849104,8130,0.291122,0.161248
vLLM lora_only nu100,21.875979,8140,0.331136,0.161248
vLLM lora_only nu100,21.902853,8150,0.322043,0.161248
vLLM lora_only nu100,21.929728,8160,0.264792,0.161248
vLLM lora_only nu100,21.956603,8170,0.308234,0.161248
vLLM lora_only nu100,21.983477,8180,0.267166,0.161248
vLLM lora_only nu100,22.010352,8190,0.34567,0.161248
vLLM lora_only nu100,22.037227,8200,0.324069,0.161248
vLLM lora_only nu100,22.064101,8210,0.35969,0.161248
vLLM lora_only nu100,22.090976,8220,0.306822,0.161248
vLLM lora_only nu100,22.117851,8230,0.279522,0.161248
vLLM lora_only nu100,22.144725,8240,0.274584,0.161248
vLLM lora_only nu100,22.171600,8250,0.33622,0.161248
vLLM lora_only nu100,22.198475,8260,0.325912,0.161248
vLLM lora_only nu100,22.225349,8270,0.302879,0.161248
vLLM lora_only nu100,22.252224,8280,0.326527,0.161248
vLLM lora_only nu100,22.279099,8290,0.299115,0.161248
vLLM lora_only nu100,22.305973,8300,0.313207,0.161248
vLLM lora_only nu100,22.332848,8310,0.308822,0.161248
vLLM lora_only nu100,22.359723,8320,0.318428,0.161248
vLLM lora_only nu100,22.386597,8330,0.290067,0.161248
vLLM lora_only nu100,22.413472,8340,0.307577,0.161248
vLLM lora_only nu100,22.440347,8350,0.299093,0.161248
vLLM lora_only nu100,22.467221,8360,0.366574,0.161248
vLLM lora_only nu100,22.494096,8370,0.316243,0.161248
vLLM lora_only nu100,22.520971,8380,0.310352,0.161248
vLLM lora_only nu100,22.547845,8390,0.338197,0.161248
vLLM lora_only nu100,22.574720,8400,0.31113,0.161248
vLLM lora_only nu100,22.601595,8410,0.327122,0.161248
vLLM lora_only nu100,22.628469,8420,0.355695,0.161248
vLLM lora_only nu100,22.655344,8430,0.34647,0.161248
vLLM lora_only nu100,22.682219,8440,0.334927,0.161248
vLLM lora_only nu100,22.709093,8450,0.281887,0.161248
vLLM lora_only nu100,22.735968,8460,0.373627,0.161248
vLLM lora_only nu100,22.762843,8470,0.360002,0.161248
vLLM lora_only nu100,22.789717,8480,0.37728,0.161248
vLLM lora_only nu100,22.816592,8490,0.313099,0.161248
vLLM lora_only nu100,22.843467,8500,0.398788,0.161248
vLLM lora_only nu100,22.870341,8510,0.337687,0.161248
vLLM lora_only nu100,22.897216,8520,0.274265,0.161248
vLLM lora_only nu100,22.924091,8530,0.305249,0.161248
vLLM lora_only nu100,22.950965,8540,0.323565,0.161248
vLLM lora_only nu100,22.977840,8550,0.289608,0.161248
vLLM lora_only nu100,23.004715,8560,0.287926,0.161248
vLLM lora_only nu100,23.031589,8570,0.336182,0.161248
vLLM lora_only nu100,23.058464,8580,0.289458,0.161248
vLLM lora_only nu100,23.085339,8590,0.32834,0.161248
vLLM lora_only nu100,23.112213,8600,0.280916,0.161248
vLLM lora_only nu100,23.139088,8610,0.278616,0.161248
vLLM lora_only nu100,23.165963,8620,0.301276,0.161248
vLLM lora_only nu100,23.192837,8630,0.328488,0.161248
vLLM lora_only nu100,23.219712,8640,0.309631,0.161248
vLLM lora_only nu100,23.246587,8650,0.285148,0.161248
vLLM lora_only nu100,23.273461,8660,0.340219,0.161248
vLLM lora_only nu100,23.300336,8670,0.286733,0.161248
vLLM lora_only nu100,23.327211,8680,0.309281,0.161248
vLLM lora_only nu100,23.354085,8690,0.292718,0.161248
vLLM lora_only nu100,23.380960,8700,0.311765,0.161248
vLLM lora_only nu100,23.407835,8710,0.322747,0.161248
vLLM lora_only nu100,23.434709,8720,0.252626,0.161248
vLLM lora_only nu100,23.461584,8730,0.299038,0.161248
vLLM lora_only nu100,23.488459,8740,0.264311,0.161248
vLLM lora_only nu100,23.515333,8750,0.277271,0.161248
vLLM lora_only nu100,23.542208,8760,0.282786,0.161248
vLLM lora_only nu100,23.569083,8770,0.292287,0.161248
vLLM lora_only nu100,23.595957,8780,0.280793,0.161248
vLLM lora_only nu100,23.622832,8790,0.335209,0.161248
vLLM lora_only nu100,23.649707,8800,0.272007,0.161248
vLLM lora_only nu100,23.676581,8810,0.292257,0.161248
vLLM lora_only nu100,23.703456,8820,0.338257,0.161248
vLLM lora_only nu100,23.730331,8830,0.304554,0.161248
vLLM lora_only nu100,23.757205,8840,0.309048,0.161248
vLLM lora_only nu100,23.784080,8850,0.293489,0.161248
vLLM lora_only nu100,23.810955,8860,0.251467,0.161248
vLLM lora_only nu100,23.837829,8870,0.320693,0.161248
vLLM lora_only nu100,23.864704,8880,0.343341,0.161248
vLLM lora_only nu100,23.891579,8890,0.287089,0.161248
vLLM lora_only nu100,23.918453,8900,0.319032,0.161248
vLLM lora_only nu100,23.945328,8910,0.267786,0.161248
vLLM lora_only nu100,23.972203,8920,0.294401,0.161248
vLLM lora_only nu100,23.999077,8930,0.312544,0.161248
vLLM lora_only nu100,24.025952,8940,0.334135,0.161248
vLLM lora_only nu100,24.052827,8950,0.298761,0.161248
vLLM lora_only nu100,24.079701,8960,0.321963,0.161248
vLLM lora_only nu100,24.106576,8970,0.277893,0.161248
vLLM lora_only nu100,24.133451,8980,0.298439,0.161248
vLLM lora_only nu100,24.160325,8990,0.30879,0.161248
vLLM lora_only nu100,24.187200,9000,0.300826,0.161248
vLLM lora_only nu100,24.214075,9010,0.39424,0.161248
vLLM lora_only nu100,24.240949,9020,0.419775,0.161248
vLLM lora_only nu100,24.267824,9030,0.358085,0.161248
vLLM lora_only nu100,24.294699,9040,0.358637,0.161248
vLLM lora_only nu100,24.321573,9050,0.367991,0.161248
vLLM lora_only nu100,24.348448,9060,0.348836,0.161248
vLLM lora_only nu100,24.375323,9070,0.379737,0.161248
vLLM lora_only nu100,24.402197,9080,0.375124,0.161248
vLLM lora_only nu100,24.429072,9090,0.348921,0.161248
vLLM lora_only nu100,24.455947,9100,0.385292,0.161248
vLLM lora_only nu100,24.482821,9110,0.24228,0.161248
vLLM lora_only nu100,24.509696,9120,0.330987,0.161248
vLLM lora_only nu100,24.536571,9130,0.318316,0.161248
vLLM lora_only nu100,24.563445,9140,0.303925,0.161248
vLLM lora_only nu100,24.590320,9150,0.286094,0.161248
vLLM lora_only nu100,24.617195,9160,0.295081,0.161248
vLLM lora_only nu100,24.644069,9170,0.239934,0.161248
vLLM lora_only nu100,24.670944,9180,0.318867,0.161248
vLLM lora_only nu100,24.697819,9190,0.355658,0.161248
vLLM lora_only nu100,24.724693,9200,0.304104,0.161248
vLLM lora_only nu100,24.751568,9210,0.312168,0.161248
vLLM lora_only nu100,24.778443,9220,0.318642,0.161248
vLLM lora_only nu100,24.805317,9230,0.284666,0.161248
vLLM lora_only nu100,24.832192,9240,0.314652,0.161248
vLLM lora_only nu100,24.859067,9250,0.322686,0.161248
vLLM lora_only nu100,24.885941,9260,0.278926,0.161248
vLLM lora_only nu100,24.912816,9270,0.304641,0.161248
vLLM lora_only nu100,24.939691,9280,0.294985,0.161248
vLLM lora_only nu100,24.966565,9290,0.258157,0.161248
vLLM lora_only nu100,24.993440,9300,0.316028,0.161248
vLLM lora_only nu100,25.020315,9310,0.282642,0.161248
vLLM lora_only nu100,25.047189,9320,0.344887,0.161248
vLLM lora_only nu100,25.074064,9330,0.30046,0.161248
vLLM lora_only nu100,25.100939,9340,0.259461,0.161248
vLLM lora_only nu100,25.127813,9350,0.318787,0.161248
vLLM lora_only nu100,25.154688,9360,0.273355,0.161248
vLLM lora_only nu100,25.181563,9370,0.264636,0.161248
vLLM lora_only nu100,25.208437,9380,0.307819,0.161248
vLLM lora_only nu100,25.235312,9390,0.29634,0.161248
vLLM lora_only nu100,25.262187,9400,0.298189,0.161248
vLLM lora_only nu100,25.289061,9410,0.242496,0.161248
vLLM lora_only nu100,25.315936,9420,0.257224,0.161248
vLLM lora_only nu100,25.342811,9430,0.299621,0.161248
vLLM lora_only nu100,25.369685,9440,0.34261,0.161248
vLLM lora_only nu100,25.396560,9450,0.307437,0.161248
vLLM lora_only nu100,25.423435,9460,0.265833,0.161248
vLLM lora_only nu100,25.450309,9470,0.259624,0.161248
vLLM lora_only nu100,25.477184,9480,0.218461,0.161248
vLLM lora_only nu100,25.504059,9490,0.29444,0.161248
vLLM lora_only nu100,25.530933,9500,0.313073,0.161248
vLLM lora_only nu100,25.557808,9510,0.368552,0.161248
vLLM lora_only nu100,25.584683,9520,0.401351,0.161248
vLLM lora_only nu100,25.611557,9530,0.354253,0.161248
vLLM lora_only nu100,25.638432,9540,0.385872,0.161248
vLLM lora_only nu100,25.665307,9550,0.340898,0.161248
vLLM lora_only nu100,25.692181,9560,0.396961,0.161248
vLLM lora_only nu100,25.719056,9570,0.348651,0.161248
vLLM lora_only nu100,25.745931,9580,0.397282,0.161248
vLLM lora_only nu100,25.772805,9590,0.374337,0.161248
vLLM lora_only nu100,25.799680,9600,0.36248,0.161248
vLLM lora_only nu100,25.826555,9610,0.298166,0.161248
vLLM lora_only nu100,25.853429,9620,0.294756,0.161248
vLLM lora_only nu100,25.880304,9630,0.337239,0.161248
vLLM lora_only nu100,25.907179,9640,0.316142,0.161248
vLLM lora_only nu100,25.934053,9650,0.23523,0.161248
vLLM lora_only nu100,25.960928,9660,0.310792,0.161248
vLLM lora_only nu100,25.987803,9670,0.247545,0.161248
vLLM lora_only nu100,26.014677,9680,0.273053,0.161248
vLLM lora_only nu100,26.041552,9690,0.296133,0.161248
vLLM lora_only nu100,26.068427,9700,0.330794,0.161248
vLLM lora_only nu100,26.095301,9710,0.30039,0.161248
vLLM lora_only nu100,26.122176,9720,0.258361,0.161248
vLLM lora_only nu100,26.149051,9730,0.227769,0.161248
vLLM lora_only nu100,26.175925,9740,0.275777,0.161248
vLLM lora_only nu100,26.202800,9750,0.297222,0.161248
vLLM lora_only nu100,26.229675,9760,0.319826,0.161248
vLLM lora_only nu100,26.256549,9770,0.287593,0.161248
vLLM lora_only nu100,26.283424,9780,0.274863,0.161248
vLLM lora_only nu100,26.310299,9790,0.250006,0.161248
vLLM lora_only nu100,26.337173,9800,0.321925,0.161248
vLLM lora_only nu100,26.364048,9810,0.333639,0.161248
vLLM lora_only nu100,26.390923,9820,0.255481,0.161248
vLLM lora_only nu100,26.417797,9830,0.305102,0.161248
vLLM lora_only nu100,26.444672,9840,0.267616,0.161248
vLLM lora_only nu100,26.471547,9850,0.280563,0.161248
vLLM lora_only nu100,26.498421,9860,0.248614,0.161248
vLLM lora_only nu100,26.525296,9870,0.297936,0.161248
vLLM lora_only nu100,26.552171,9880,0.282411,0.161248
vLLM lora_only nu100,26.579045,9890,0.274796,0.161248
vLLM lora_only nu100,26.605920,9900,0.247647,0.161248
vLLM lora_only nu100,26.632795,9910,0.275841,0.161248
vLLM lora_only nu100,26.659669,9920,0.263919,0.161248
vLLM lora_only nu100,26.686544,9930,0.262497,0.161248
vLLM lora_only nu100,26.713419,9940,0.301588,0.161248
vLLM lora_only nu100,26.740293,9950,0.275226,0.161248
vLLM lora_only nu100,26.767168,9960,0.208975,0.161248
vLLM lora_only nu100,26.794043,9970,0.283393,0.161248
vLLM lora_only nu100,26.820917,9980,0.235114,0.161248
vLLM lora_only nu100,26.847792,9990,0.287241,0.161248
vLLM lora_only nu100,26.874667,10000,0.28682,0.161248
vLLM lora_only nu100,26.901541,10010,0.345317,0.161248
vLLM lora_only nu100,26.928416,10020,0.24846,0.161248
vLLM lora_only nu100,26.955291,10030,0.30455,0.161248
vLLM lora_only nu100,26.982165,10040,0.247617,0.161248
vLLM lora_only nu100,27.009040,10050,0.303327,0.161248
vLLM lora_only nu100,27.035915,10060,0.31768,0.161248
vLLM lora_only nu100,27.062789,10070,0.306407,0.161248
vLLM lora_only nu100,27.089664,10080,0.290128,0.161248
vLLM lora_only nu100,27.116539,10090,0.314411,0.161248
vLLM lora_only nu100,27.143413,10100,0.245882,0.161248
vLLM lora_only nu100,27.170288,10110,0.280397,0.161248
vLLM lora_only nu100,27.197163,10120,0.310515,0.161248
vLLM lora_only nu100,27.224037,10130,0.285788,0.161248
vLLM lora_only nu100,27.250912,10140,0.29135,0.161248
vLLM lora_only nu100,27.277787,10150,0.240352,0.161248
vLLM lora_only nu100,27.304661,10160,0.234994,0.161248
vLLM lora_only nu100,27.331536,10170,0.228639,0.161248
vLLM lora_only nu100,27.358411,10180,0.305673,0.161248
vLLM lora_only nu100,27.385285,10190,0.25687,0.161248
vLLM lora_only nu100,27.412160,10200,0.273809,0.161248
vLLM lora_only nu100,27.439035,10210,0.260814,0.161248
vLLM lora_only nu100,27.465909,10220,0.297157,0.161248
vLLM lora_only nu100,27.492784,10230,0.247023,0.161248
vLLM lora_only nu100,27.519659,10240,0.265801,0.161248
vLLM lora_only nu100,27.546533,10250,0.30386,0.161248
vLLM lora_only nu100,27.573408,10260,0.30665,0.161248
vLLM lora_only nu100,27.600283,10270,0.261829,0.161248
vLLM lora_only nu100,27.627157,10280,0.289218,0.161248
vLLM lora_only nu100,27.654032,10290,0.230056,0.161248
vLLM lora_only nu100,27.680907,10300,0.279812,0.161248
vLLM lora_only nu100,27.707781,10310,0.27882,0.161248
vLLM lora_only nu100,27.734656,10320,0.300341,0.161248
vLLM lora_only nu100,27.761531,10330,0.259748,0.161248
vLLM lora_only nu100,27.788405,10340,0.275389,0.161248
vLLM lora_only nu100,27.815280,10350,0.208788,0.161248
vLLM lora_only nu100,27.842155,10360,0.295455,0.161248
vLLM lora_only nu100,27.869029,10370,0.312503,0.161248
vLLM lora_only nu100,27.895904,10380,0.276964,0.161248
vLLM lora_only nu100,27.922779,10390,0.238605,0.161248
vLLM lora_only nu100,27.949653,10400,0.265249,0.161248
vLLM lora_only nu100,27.976528,10410,0.234671,0.161248
vLLM lora_only nu100,28.003403,10420,0.278105,0.161248
vLLM lora_only nu100,28.030277,10430,0.331778,0.161248
vLLM lora_only nu100,28.057152,10440,0.254558,0.161248
vLLM lora_only nu100,28.084027,10450,0.289071,0.161248
vLLM lora_only nu100,28.110901,10460,0.292899,0.161248
vLLM lora_only nu100,28.137776,10470,0.2954,0.161248
vLLM lora_only nu100,28.164651,10480,0.224996,0.161248
vLLM lora_only nu100,28.191525,10490,0.26741,0.161248
vLLM lora_only nu100,28.218400,10500,0.274696,0.161248
vLLM lora_only nu100,28.245275,10510,0.341145,0.161248
vLLM lora_only nu100,28.272149,10520,0.289836,0.161248
vLLM lora_only nu100,28.299024,10530,0.333176,0.161248
vLLM lora_only nu100,28.325899,10540,0.299163,0.161248
vLLM lora_only nu100,28.352773,10550,0.316159,0.161248
vLLM lora_only nu100,28.379648,10560,0.385739,0.161248
vLLM lora_only nu100,28.406523,10570,0.374047,0.161248
vLLM lora_only nu100,28.433397,10580,0.281204,0.161248
vLLM lora_only nu100,28.460272,10590,0.325405,0.161248
vLLM lora_only nu100,28.487147,10600,0.278148,0.161248
vLLM lora_only nu100,28.514021,10610,0.252071,0.161248
vLLM lora_only nu100,28.540896,10620,0.319364,0.161248
vLLM lora_only nu100,28.567771,10630,0.308164,0.161248
vLLM lora_only nu100,28.594645,10640,0.275113,0.161248
vLLM lora_only nu100,28.621520,10650,0.217177,0.161248
vLLM lora_only nu100,28.648395,10660,0.242069,0.161248
vLLM lora_only nu100,28.675269,10670,0.260176,0.161248
vLLM lora_only nu100,28.702144,10680,0.286193,0.161248
vLLM lora_only nu100,28.729019,10690,0.289764,0.161248
vLLM lora_only nu100,28.755893,10700,0.276543,0.161248
vLLM lora_only nu100,28.782768,10710,0.272082,0.161248
vLLM lora_only nu100,28.809643,10720,0.215996,0.161248
vLLM lora_only nu100,28.836517,10730,0.295413,0.161248
vLLM lora_only nu100,28.863392,10740,0.252068,0.161248
vLLM lora_only nu100,28.890267,10750,0.25113,0.161248
vLLM lora_only nu100,28.917141,10760,0.262703,0.161248
vLLM lora_only nu100,28.944016,10770,0.246611,0.161248
vLLM lora_only nu100,28.970891,10780,0.26071,0.161248
vLLM lora_only nu100,28.997765,10790,0.266618,0.161248
vLLM lora_only nu100,29.024640,10800,0.306266,0.161248
vLLM lora_only nu100,29.051515,10810,0.22478,0.161248
vLLM lora_only nu100,29.078389,10820,0.284809,0.161248
vLLM lora_only nu100,29.105264,10830,0.261535,0.161248
vLLM lora_only nu100,29.132139,10840,0.277018,0.161248
vLLM lora_only nu100,29.159013,10850,0.219871,0.161248
vLLM lora_only nu100,29.185888,10860,0.254784,0.161248
vLLM lora_only nu100,29.212763,10870,0.307127,0.161248
vLLM lora_only nu100,29.239637,10880,0.314234,0.161248
vLLM lora_only nu100,29.266512,10890,0.206346,0.161248
vLLM lora_only nu100,29.293387,10900,0.270347,0.161248
vLLM lora_only nu100,29.320261,10910,0.201741,0.161248
vLLM lora_only nu100,29.347136,10920,0.254195,0.161248
vLLM lora_only nu100,29.374011,10930,0.320878,0.161248
vLLM lora_only nu100,29.400885,10940,0.271561,0.161248
vLLM lora_only nu100,29.427760,10950,0.295526,0.161248
vLLM lora_only nu100,29.454635,10960,0.278243,0.161248
vLLM lora_only nu100,29.481509,10970,0.219983,0.161248
vLLM lora_only nu100,29.508384,10980,0.276484,0.161248
vLLM lora_only nu100,29.535259,10990,0.288722,0.161248
vLLM lora_only nu100,29.562133,11000,0.251428,0.161248
vLLM lora_only nu100,29.589008,11010,0.251826,0.161248
vLLM lora_only nu100,29.615883,11020,0.299838,0.161248
vLLM lora_only nu100,29.642757,11030,0.222084,0.161248
vLLM lora_only nu100,29.669632,11040,0.25428,0.161248
vLLM lora_only nu100,29.696507,11050,0.275043,0.161248
vLLM lora_only nu100,29.723381,11060,0.229761,0.161248
vLLM lora_only nu100,29.750256,11070,0.287301,0.161248
vLLM lora_only nu100,29.777131,11080,0.260591,0.161248
vLLM lora_only nu100,29.804005,11090,0.252467,0.161248
vLLM lora_only nu100,29.830880,11100,0.243831,0.161248
vLLM lora_only nu100,29.857755,11110,0.287957,0.161248
vLLM lora_only nu100,29.884629,11120,0.264774,0.161248
vLLM lora_only nu100,29.911504,11130,0.245033,0.161248
vLLM lora_only nu100,29.938379,11140,0.206114,0.161248
vLLM lora_only nu100,29.965253,11150,0.260182,0.161248
vLLM lora_only nu100,29.992128,11160,0.220248,0.161248
vLLM lora_only nu100,30.019003,11170,0.263811,0.161248
vLLM lora_only nu100,30.045877,11180,0.310978,0.161248
vLLM lora_only nu100,30.072752,11190,0.269973,0.161248
vLLM lora_only nu100,30.099627,11200,0.216051,0.161248
vLLM lora_only nu100,30.126501,11210,0.312728,0.161248
vLLM lora_only nu100,30.153376,11220,0.249663,0.161248
vLLM lora_only nu100,30.180251,11230,0.309445,0.161248
vLLM lora_only nu100,30.207125,11240,0.318295,0.161248
vLLM lora_only nu100,30.234000,11250,0.316378,0.161248
vLLM lora_only nu100,30.260875,11260,0.300827,0.161248
vLLM lora_only nu100,30.287749,11270,0.339585,0.161248
vLLM lora_only nu100,30.314624,11280,0.261469,0.161248
vLLM lora_only nu100,30.341499,11290,0.286135,0.161248
vLLM lora_only nu100,30.368373,11300,0.298251,0.161248
vLLM lora_only nu100,30.395248,11310,0.276438,0.161248
vLLM lora_only nu100,30.422123,11320,0.293719,0.161248
vLLM lora_only nu100,30.448997,11330,0.313418,0.161248
vLLM lora_only nu100,30.475872,11340,0.227196,0.161248
vLLM lora_only nu100,30.502747,11350,0.277249,0.161248
vLLM lora_only nu100,30.529621,11360,0.301233,0.161248
vLLM lora_only nu100,30.556496,11370,0.275711,0.161248
vLLM lora_only nu100,30.583371,11380,0.298472,0.161248
vLLM lora_only nu100,30.610245,11390,0.329057,0.161248
vLLM lora_only nu100,30.637120,11400,0.25107,0.161248
vLLM lora_only nu100,30.663995,11410,0.26656,0.161248
vLLM lora_only nu100,30.690869,11420,0.335968,0.161248
vLLM lora_only nu100,30.717744,11430,0.26571,0.161248
vLLM lora_only nu100,30.744619,11440,0.289211,0.161248
vLLM lora_only nu100,30.771493,11450,0.241336,0.161248
vLLM lora_only nu100,30.798368,11460,0.267441,0.161248
vLLM lora_only nu100,30.825243,11470,0.291092,0.161248
vLLM lora_only nu100,30.852117,11480,0.26407,0.161248
vLLM lora_only nu100,30.878992,11490,0.28235,0.161248
vLLM lora_only nu100,30.905867,11500,0.304026,0.161248
vLLM lora_only nu100,30.932741,11510,0.22793,0.161248
vLLM lora_only nu100,30.959616,11520,0.255676,0.161248
vLLM lora_only nu100,30.986491,11530,0.219634,0.161248
vLLM lora_only nu100,31.013365,11540,0.247508,0.161248
vLLM lora_only nu100,31.040240,11550,0.269796,0.161248
vLLM lora_only nu100,31.067115,11560,0.284579,0.161248
vLLM lora_only nu100,31.093989,11570,0.269417,0.161248
vLLM lora_only nu100,31.120864,11580,0.23378,0.161248
vLLM lora_only nu100,31.147739,11590,0.198717,0.161248
vLLM lora_only nu100,31.174613,11600,0.261621,0.161248
vLLM lora_only nu100,31.201488,11610,0.298368,0.161248
vLLM lora_only nu100,31.228363,11620,0.231509,0.161248
vLLM lora_only nu100,31.255237,11630,0.24796,0.161248
vLLM lora_only nu100,31.282112,11640,0.282819,0.161248
vLLM lora_only nu100,31.308987,11650,0.195932,0.161248
vLLM lora_only nu100,31.335861,11660,0.30241,0.161248
vLLM lora_only nu100,31.362736,11670,0.312359,0.161248
vLLM lora_only nu100,31.389611,11680,0.230339,0.161248
vLLM lora_only nu100,31.416485,11690,0.281046,0.161248
vLLM lora_only nu100,31.443360,11700,0.233467,0.161248
vLLM lora_only nu100,31.470235,11710,0.262559,0.161248
vLLM lora_only nu100,31.497109,11720,0.252739,0.161248
vLLM lora_only nu100,31.523984,11730,0.275148,0.161248
vLLM lora_only nu100,31.550859,11740,0.304261,0.161248
vLLM lora_only nu100,31.577733,11750,0.271222,0.161248
vLLM lora_only nu100,31.604608,11760,0.271196,0.161248
vLLM lora_only nu100,31.631483,11770,0.253254,0.161248
vLLM lora_only nu100,31.658357,11780,0.289749,0.161248
vLLM lora_only nu100,31.685232,11790,0.266148,0.161248
vLLM lora_only nu100,31.712107,11800,0.288948,0.161248
vLLM lora_only nu100,31.738981,11810,0.327995,0.161248
vLLM lora_only nu100,31.765856,11820,0.259641,0.161248
vLLM lora_only nu100,31.792731,11830,0.288693,0.161248
vLLM lora_only nu100,31.819605,11840,0.236134,0.161248
vLLM lora_only nu100,31.846480,11850,0.296231,0.161248
vLLM lora_only nu100,31.873355,11860,0.277667,0.161248
vLLM lora_only nu100,31.900229,11870,0.268703,0.161248
vLLM lora_only nu100,31.927104,11880,0.256728,0.161248
vLLM lora_only nu100,31.953979,11890,0.280037,0.161248
vLLM lora_only nu100,31.980853,11900,0.24993,0.161248
vLLM lora_only nu100,32.007728,11910,0.263145,0.161248
vLLM lora_only nu100,32.034603,11920,0.291239,0.161248
vLLM lora_only nu100,32.061477,11930,0.270709,0.161248
vLLM lora_only nu100,32.088352,11940,0.225619,0.161248
vLLM lora_only nu100,32.115227,11950,0.234593,0.161248
vLLM lora_only nu100,32.142101,11960,0.217213,0.161248
vLLM lora_only nu100,32.168976,11970,0.272262,0.161248
vLLM lora_only nu100,32.195851,11980,0.283903,0.161248
vLLM lora_only nu100,32.222725,11990,0.243051,0.161248
vLLM lora_only nu100,32.249600,12000,0.254274,0.161248
vLLM lora_only nu100,32.276475,12010,0.268269,0.161248
vLLM lora_only nu100,32.303349,12020,0.242114,0.161248
vLLM lora_only nu100,32.330224,12030,0.280452,0.161248
vLLM lora_only nu100,32.357099,12040,0.327133,0.161248
vLLM lora_only nu100,32.383973,12050,0.237486,0.161248
vLLM lora_only nu100,32.410848,12060,0.270764,0.161248
vLLM lora_only nu100,32.437723,12070,0.23271,0.161248
vLLM lora_only nu100,32.464597,12080,0.265044,0.161248
vLLM lora_only nu100,32.491472,12090,0.223888,0.161248
vLLM lora_only nu100,32.518347,12100,0.259183,0.161248
vLLM lora_only nu100,32.545221,12110,0.26209,0.161248
vLLM lora_only nu100,32.572096,12120,0.283583,0.161248
vLLM lora_only nu100,32.598971,12130,0.216578,0.161248
vLLM lora_only nu100,32.625845,12140,0.261165,0.161248
vLLM lora_only nu100,32.652720,12150,0.200582,0.161248
vLLM lora_only nu100,32.679595,12160,0.243428,0.161248
vLLM lora_only nu100,32.706469,12170,0.30976,0.161248
vLLM lora_only nu100,32.733344,12180,0.282867,0.161248
vLLM lora_only nu100,32.760219,12190,0.242818,0.161248
vLLM lora_only nu100,32.787093,12200,0.22101,0.161248
vLLM lora_only nu100,32.813968,12210,0.219122,0.161248
vLLM lora_only nu100,32.840843,12220,0.25649,0.161248
vLLM lora_only nu100,32.867717,12230,0.28367,0.161248
vLLM lora_only nu100,32.894592,12240,0.238511,0.161248
vLLM lora_only nu100,32.921467,12250,0.260933,0.161248
vLLM lora_only nu100,32.948341,12260,0.264647,0.161248
vLLM lora_only nu100,32.975216,12270,0.193955,0.161248
vLLM lora_only nu100,33.002091,12280,0.257344,0.161248
vLLM lora_only nu100,33.028965,12290,0.300836,0.161248
vLLM lora_only nu100,33.055840,12300,0.222898,0.161248
vLLM lora_only nu100,33.082715,12310,0.304076,0.161248
vLLM lora_only nu100,33.109589,12320,0.210558,0.161248
vLLM lora_only nu100,33.136464,12330,0.246165,0.161248
vLLM lora_only nu100,33.163339,12340,0.22864,0.161248
vLLM lora_only nu100,33.190213,12350,0.295635,0.161248
vLLM lora_only nu100,33.217088,12360,0.282681,0.161248
vLLM lora_only nu100,33.243963,12370,0.278688,0.161248
vLLM lora_only nu100,33.270837,12380,0.2316,0.161248
vLLM lora_only nu100,33.297712,12390,0.249314,0.161248
vLLM lora_only nu100,33.324587,12400,0.285902,0.161248
vLLM lora_only nu100,33.351461,12410,0.303931,0.161248
vLLM lora_only nu100,33.378336,12420,0.295733,0.161248
vLLM lora_only nu100,33.405211,12430,0.30514,0.161248
vLLM lora_only nu100,33.432085,12440,0.23212,0.161248
vLLM lora_only nu100,33.458960,12450,0.331486,0.161248
vLLM lora_only nu100,33.485835,12460,0.220601,0.161248
vLLM lora_only nu100,33.512709,12470,0.252259,0.161248
vLLM lora_only nu100,33.539584,12480,0.25982,0.161248
vLLM lora_only nu100,33.566459,12490,0.28566,0.161248
vLLM lora_only nu100,33.593333,12500,0.244697,0.161248
vLLM lora_only nu100,33.620208,12510,0.258237,0.161248
vLLM lora_only nu100,33.647083,12520,0.181983,0.161248
vLLM lora_only nu100,33.673957,12530,0.283677,0.161248
vLLM lora_only nu100,33.700832,12540,0.250944,0.161248
vLLM lora_only nu100,33.727707,12550,0.238808,0.161248
vLLM lora_only nu100,33.754581,12560,0.259388,0.161248
vLLM lora_only nu100,33.781456,12570,0.280625,0.161248
vLLM lora_only nu100,33.808331,12580,0.233341,0.161248
vLLM lora_only nu100,33.835205,12590,0.273612,0.161248
vLLM lora_only nu100,33.862080,12600,0.235724,0.161248
vLLM lora_only nu100,33.888955,12610,0.269517,0.161248
vLLM lora_only nu100,33.915829,12620,0.321368,0.161248
vLLM lora_only nu100,33.942704,12630,0.271346,0.161248
vLLM lora_only nu100,33.969579,12640,0.286318,0.161248
vLLM lora_only nu100,33.996453,12650,0.277027,0.161248
vLLM lora_only nu100,34.023328,12660,0.359646,0.161248
vLLM lora_only nu100,34.050203,12670,0.2505,0.161248
vLLM lora_only nu100,34.077077,12680,0.341838,0.161248
vLLM lora_only nu100,34.103952,12690,0.213439,0.161248
vLLM lora_only nu100,34.130827,12700,0.321571,0.161248
vLLM lora_only nu100,34.157701,12710,0.230298,0.161248
vLLM lora_only nu100,34.184576,12720,0.291,0.161248
vLLM lora_only nu100,34.211451,12730,0.31026,0.161248
vLLM lora_only nu100,34.238325,12740,0.287821,0.161248
vLLM lora_only nu100,34.265200,12750,0.21491,0.161248
vLLM lora_only nu100,34.292075,12760,0.280317,0.161248
vLLM lora_only nu100,34.318949,12770,0.220164,0.161248
vLLM lora_only nu100,34.345824,12780,0.236941,0.161248
vLLM lora_only nu100,34.372699,12790,0.307621,0.161248
vLLM lora_only nu100,34.399573,12800,0.285065,0.161248
vLLM lora_only nu100,34.426448,12810,0.273859,0.161248
vLLM lora_only nu100,34.453323,12820,0.324254,0.161248
vLLM lora_only nu100,34.480197,12830,0.243738,0.161248
vLLM lora_only nu100,34.507072,12840,0.271518,0.161248
vLLM lora_only nu100,34.533947,12850,0.272718,0.161248
vLLM lora_only nu100,34.560821,12860,0.271691,0.161248
vLLM lora_only nu100,34.587696,12870,0.234433,0.161248
vLLM lora_only nu100,34.614571,12880,0.290351,0.161248
vLLM lora_only nu100,34.641445,12890,0.226771,0.161248
vLLM lora_only nu100,34.668320,12900,0.296036,0.161248
vLLM lora_only nu100,34.695195,12910,0.257046,0.161248
vLLM lora_only nu100,34.722069,12920,0.22382,0.161248
vLLM lora_only nu100,34.748944,12930,0.246702,0.161248
vLLM lora_only nu100,34.775819,12940,0.217756,0.161248
vLLM lora_only nu100,34.802693,12950,0.264987,0.161248
vLLM lora_only nu100,34.829568,12960,0.23527,0.161248
vLLM lora_only nu100,34.856443,12970,0.281245,0.161248
vLLM lora_only nu100,34.883317,12980,0.292515,0.161248
vLLM lora_only nu100,34.910192,12990,0.249394,0.161248
vLLM lora_only nu100,34.937067,13000,0.228663,0.161248
vLLM lora_only nu100,34.963941,13010,0.374884,0.161248
vLLM lora_only nu100,34.990816,13020,0.321101,0.161248
vLLM lora_only nu100,35.017691,13030,0.41921,0.161248
vLLM lora_only nu100,35.044565,13040,0.364028,0.161248
vLLM lora_only nu100,35.071440,13050,0.431235,0.161248
vLLM lora_only nu100,35.098315,13060,0.264814,0.161248
vLLM lora_only nu100,35.125189,13070,0.376482,0.161248
vLLM lora_only nu100,35.152064,13080,0.326095,0.161248
vLLM lora_only nu100,35.178939,13090,0.403823,0.161248
vLLM lora_only nu100,35.205813,13100,0.427881,0.161248
vLLM lora_only nu100,35.232688,13110,0.281611,0.161248
vLLM lora_only nu100,35.259563,13120,0.254682,0.161248
vLLM lora_only nu100,35.286437,13130,0.226767,0.161248
vLLM lora_only nu100,35.313312,13140,0.179183,0.161248
vLLM lora_only nu100,35.340187,13150,0.276701,0.161248
vLLM lora_only nu100,35.367061,13160,0.292041,0.161248
vLLM lora_only nu100,35.393936,13170,0.292023,0.161248
vLLM lora_only nu100,35.420811,13180,0.255964,0.161248
vLLM lora_only nu100,35.447685,13190,0.248751,0.161248
vLLM lora_only nu100,35.474560,13200,0.197572,0.161248
vLLM lora_only nu100,35.501435,13210,0.314212,0.161248
vLLM lora_only nu100,35.528309,13220,0.30185,0.161248
vLLM lora_only nu100,35.555184,13230,0.265821,0.161248
vLLM lora_only nu100,35.582059,13240,0.294463,0.161248
vLLM lora_only nu100,35.608933,13250,0.260583,0.161248
vLLM lora_only nu100,35.635808,13260,0.275589,0.161248
vLLM lora_only nu100,35.662683,13270,0.25861,0.161248
vLLM lora_only nu100,35.689557,13280,0.367204,0.161248
vLLM lora_only nu100,35.716432,13290,0.242596,0.161248
vLLM lora_only nu100,35.743307,13300,0.32554,0.161248
vLLM lora_only nu100,35.770181,13310,0.189592,0.161248
vLLM lora_only nu100,35.797056,13320,0.215474,0.161248
vLLM lora_only nu100,35.823931,13330,0.214699,0.161248
vLLM lora_only nu100,35.850805,13340,0.218893,0.161248
vLLM lora_only nu100,35.877680,13350,0.281932,0.161248
vLLM lora_only nu100,35.904555,13360,0.263106,0.161248
vLLM lora_only nu100,35.931429,13370,0.2242,0.161248
vLLM lora_only nu100,35.958304,13380,0.218781,0.161248
vLLM lora_only nu100,35.985179,13390,0.189299,0.161248
vLLM lora_only nu100,36.012053,13400,0.258945,0.161248
vLLM lora_only nu100,36.038928,13410,0.292879,0.161248
vLLM lora_only nu100,36.065803,13420,0.261649,0.161248
vLLM lora_only nu100,36.092677,13430,0.23565,0.161248
vLLM lora_only nu100,36.119552,13440,0.251968,0.161248
vLLM lora_only nu100,36.146427,13450,0.219826,0.161248
vLLM lora_only nu100,36.173301,13460,0.279241,0.161248
vLLM lora_only nu100,36.200176,13470,0.321076,0.161248
vLLM lora_only nu100,36.227051,13480,0.220929,0.161248
vLLM lora_only nu100,36.253925,13490,0.275929,0.161248
vLLM lora_only nu100,36.280800,13500,0.271413,0.161248
vLLM lora_only nu100,36.307675,13510,0.189956,0.161248
vLLM lora_only nu100,36.334549,13520,0.276377,0.161248
vLLM lora_only nu100,36.361424,13530,0.21693,0.161248
vLLM lora_only nu100,36.388299,13540,0.199641,0.161248
vLLM lora_only nu100,36.415173,13550,0.242685,0.161248
vLLM lora_only nu100,36.442048,13560,0.193082,0.161248
vLLM lora_only nu100,36.468923,13570,0.243044,0.161248
vLLM lora_only nu100,36.495797,13580,0.236779,0.161248
vLLM lora_only nu100,36.522672,13590,0.253585,0.161248
vLLM lora_only nu100,36.549547,13600,0.229315,0.161248
vLLM lora_only nu100,36.576421,13610,0.248714,0.161248
vLLM lora_only nu100,36.603296,13620,0.273,0.161248
vLLM lora_only nu100,36.630171,13630,0.238243,0.161248
vLLM lora_only nu100,36.657045,13640,0.180934,0.161248
vLLM lora_only nu100,36.683920,13650,0.25102,0.161248
vLLM lora_only nu100,36.710795,13660,0.29672,0.161248
vLLM lora_only nu100,36.737669,13670,0.275975,0.161248
vLLM lora_only nu100,36.764544,13680,0.218457,0.161248
vLLM lora_only nu100,36.791419,13690,0.234817,0.161248
vLLM lora_only nu100,36.818293,13700,0.209902,0.161248
vLLM lora_only nu100,36.845168,13710,0.234284,0.161248
vLLM lora_only nu100,36.872043,13720,0.253459,0.161248
vLLM lora_only nu100,36.898917,13730,0.286472,0.161248
vLLM lora_only nu100,36.925792,13740,0.237039,0.161248
vLLM lora_only nu100,36.952667,13750,0.245816,0.161248
vLLM lora_only nu100,36.979541,13760,0.207147,0.161248
vLLM lora_only nu100,37.006416,13770,0.249537,0.161248
vLLM lora_only nu100,37.033291,13780,0.269116,0.161248
vLLM lora_only nu100,37.060165,13790,0.246454,0.161248
vLLM lora_only nu100,37.087040,13800,0.247749,0.161248
vLLM lora_only nu100,37.113915,13810,0.230564,0.161248
vLLM lora_only nu100,37.140789,13820,0.17519,0.161248
vLLM lora_only nu100,37.167664,13830,0.250724,0.161248
vLLM lora_only nu100,37.194539,13840,0.287797,0.161248
vLLM lora_only nu100,37.221413,13850,0.208709,0.161248
vLLM lora_only nu100,37.248288,13860,0.293986,0.161248
vLLM lora_only nu100,37.275163,13870,0.245764,0.161248
vLLM lora_only nu100,37.302037,13880,0.24368,0.161248
vLLM lora_only nu100,37.328912,13890,0.240278,0.161248
vLLM lora_only nu100,37.355787,13900,0.303619,0.161248
vLLM lora_only nu100,37.382661,13910,0.238191,0.161248
vLLM lora_only nu100,37.409536,13920,0.254448,0.161248
vLLM lora_only nu100,37.436411,13930,0.238994,0.161248
vLLM lora_only nu100,37.463285,13940,0.20042,0.161248
vLLM lora_only nu100,37.490160,13950,0.275558,0.161248
vLLM lora_only nu100,37.517035,13960,0.221041,0.161248
vLLM lora_only nu100,37.543909,13970,0.268233,0.161248
vLLM lora_only nu100,37.570784,13980,0.324533,0.161248
vLLM lora_only nu100,37.597659,13990,0.178947,0.161248
vLLM lora_only nu100,37.624533,14000,0.276305,0.161248
vLLM lora_only nu100,37.651408,14010,0.232518,0.161248
vLLM lora_only nu100,37.678283,14020,0.243946,0.161248
vLLM lora_only nu100,37.705157,14030,0.252588,0.161248
vLLM lora_only nu100,37.732032,14040,0.272764,0.161248
vLLM lora_only nu100,37.758907,14050,0.218238,0.161248
vLLM lora_only nu100,37.785781,14060,0.283196,0.161248
vLLM lora_only nu100,37.812656,14070,0.225528,0.161248
vLLM lora_only nu100,37.839531,14080,0.302249,0.161248
vLLM lora_only nu100,37.866405,14090,0.34423,0.161248
vLLM lora_only nu100,37.893280,14100,0.259234,0.161248
vLLM lora_only nu100,37.920155,14110,0.22407,0.161248
vLLM lora_only nu100,37.947029,14120,0.258373,0.161248
vLLM lora_only nu100,37.973904,14130,0.205621,0.161248
vLLM lora_only nu100,38.000779,14140,0.272801,0.161248
vLLM lora_only nu100,38.027653,14150,0.282173,0.161248
vLLM lora_only nu100,38.054528,14160,0.211127,0.161248
vLLM lora_only nu100,38.081403,14170,0.286548,0.161248
vLLM lora_only nu100,38.108277,14180,0.2032,0.161248
vLLM lora_only nu100,38.135152,14190,0.225301,0.161248
vLLM lora_only nu100,38.162027,14200,0.215828,0.161248
vLLM lora_only nu100,38.188901,14210,0.430702,0.161248
vLLM lora_only nu100,38.215776,14220,0.357515,0.161248
vLLM lora_only nu100,38.242651,14230,0.380514,0.161248
vLLM lora_only nu100,38.269525,14240,0.397879,0.161248
vLLM lora_only nu100,38.296400,14250,0.384821,0.161248
vLLM lora_only nu100,38.323275,14260,0.458182,0.161248
vLLM lora_only nu100,38.350149,14270,0.452894,0.161248
vLLM lora_only nu100,38.377024,14280,0.492792,0.161248
vLLM lora_only nu100,38.403899,14290,0.520503,0.161248
vLLM lora_only nu100,38.430773,14300,0.305964,0.161248
vLLM lora_only nu100,38.457648,14310,0.23945,0.161248
vLLM lora_only nu100,38.484523,14320,0.197918,0.161248
vLLM lora_only nu100,38.511397,14330,0.240107,0.161248
vLLM lora_only nu100,38.538272,14340,0.249637,0.161248
vLLM lora_only nu100,38.565147,14350,0.242419,0.161248
vLLM lora_only nu100,38.592021,14360,0.249093,0.161248
vLLM lora_only nu100,38.618896,14370,0.271005,0.161248
vLLM lora_only nu100,38.645771,14380,0.18255,0.161248
vLLM lora_only nu100,38.672645,14390,0.274663,0.161248
vLLM lora_only nu100,38.699520,14400,0.289925,0.161248
vLLM lora_only nu100,38.726395,14410,0.258557,0.161248
vLLM lora_only nu100,38.753269,14420,0.220303,0.161248
vLLM lora_only nu100,38.780144,14430,0.220324,0.161248
vLLM lora_only nu100,38.807019,14440,0.195134,0.161248
vLLM lora_only nu100,38.833893,14450,0.250121,0.161248
vLLM lora_only nu100,38.860768,14460,0.26647,0.161248
vLLM lora_only nu100,38.887643,14470,0.253838,0.161248
vLLM lora_only nu100,38.914517,14480,0.230825,0.161248
vLLM lora_only nu100,38.941392,14490,0.196982,0.161248
vLLM lora_only nu100,38.968267,14500,0.231297,0.161248
vLLM lora_only nu100,38.995141,14510,0.266969,0.161248
vLLM lora_only nu100,39.022016,14520,0.263961,0.161248
vLLM lora_only nu100,39.048891,14530,0.292062,0.161248
vLLM lora_only nu100,39.075765,14540,0.259176,0.161248
vLLM lora_only nu100,39.102640,14550,0.246929,0.161248
vLLM lora_only nu100,39.129515,14560,0.279777,0.161248
vLLM lora_only nu100,39.156389,14570,0.273355,0.161248
vLLM lora_only nu100,39.183264,14580,0.231172,0.161248
vLLM lora_only nu100,39.210139,14590,0.294811,0.161248
vLLM lora_only nu100,39.237013,14600,0.274726,0.161248
vLLM lora_only nu100,39.263888,14610,0.240696,0.161248
vLLM lora_only nu100,39.290763,14620,0.302509,0.161248
vLLM lora_only nu100,39.317637,14630,0.219912,0.161248
vLLM lora_only nu100,39.344512,14640,0.272691,0.161248
vLLM lora_only nu100,39.371387,14650,0.214261,0.161248
vLLM lora_only nu100,39.398261,14660,0.263982,0.161248
vLLM lora_only nu100,39.425136,14670,0.241366,0.161248
vLLM lora_only nu100,39.452011,14680,0.224483,0.161248
vLLM lora_only nu100,39.478885,14690,0.186109,0.161248
vLLM lora_only nu100,39.505760,14700,0.263439,0.161248
vLLM lora_only nu100,39.532635,14710,0.268551,0.161248
vLLM lora_only nu100,39.559509,14720,0.249276,0.161248
vLLM lora_only nu100,39.586384,14730,0.211024,0.161248
vLLM lora_only nu100,39.613259,14740,0.26723,0.161248
vLLM lora_only nu100,39.640133,14750,0.173332,0.161248
vLLM lora_only nu100,39.667008,14760,0.277423,0.161248
vLLM lora_only nu100,39.693883,14770,0.302121,0.161248
vLLM lora_only nu100,39.720757,14780,0.232301,0.161248
vLLM lora_only nu100,39.747632,14790,0.258368,0.161248
vLLM lora_only nu100,39.774507,14800,0.21976,0.161248
vLLM lora_only nu100,39.801381,14810,0.18188,0.161248
vLLM lora_only nu100,39.828256,14820,0.257647,0.161248
vLLM lora_only nu100,39.855131,14830,0.312979,0.161248
vLLM lora_only nu100,39.882005,14840,0.217902,0.161248
vLLM lora_only nu100,39.908880,14850,0.264756,0.161248
vLLM lora_only nu100,39.935755,14860,0.240197,0.161248
vLLM lora_only nu100,39.962629,14870,0.241213,0.161248
vLLM lora_only nu100,39.989504,14880,0.271511,0.161248
vLLM lora_only nu100,40.016379,14890,0.292305,0.161248
vLLM lora_only nu100,40.043253,14900,0.269492,0.161248
vLLM lora_only nu100,40.070128,14910,0.339152,0.161248
vLLM lora_only nu100,40.097003,14920,0.270116,0.161248
vLLM lora_only nu100,40.123877,14930,0.249461,0.161248
vLLM lora_only nu100,40.150752,14940,0.222335,0.161248
vLLM lora_only nu100,40.177627,14950,0.309002,0.161248
vLLM lora_only nu100,40.204501,14960,0.287469,0.161248
vLLM lora_only nu100,40.231376,14970,0.309047,0.161248
vLLM lora_only nu100,40.258251,14980,0.276242,0.161248
vLLM lora_only nu100,40.285125,14990,0.259195,0.161248
vLLM lora_only nu100,40.312000,15000,0.205039,0.161248
vLLM lora_only nu100,40.338875,15010,0.232619,0.161248
vLLM lora_only nu100,40.365749,15020,0.241133,0.161248
vLLM lora_only nu100,40.392624,15030,0.206315,0.161248
vLLM lora_only nu100,40.419499,15040,0.251032,0.161248
vLLM lora_only nu100,40.446373,15050,0.226765,0.161248
vLLM lora_only nu100,40.473248,15060,0.189094,0.161248
vLLM lora_only nu100,40.500123,15070,0.248993,0.161248
vLLM lora_only nu100,40.526997,15080,0.248372,0.161248
vLLM lora_only nu100,40.553872,15090,0.187473,0.161248
vLLM lora_only nu100,40.580747,15100,0.23218,0.161248
vLLM lora_only nu100,40.607621,15110,0.190627,0.161248
vLLM lora_only nu100,40.634496,15120,0.186215,0.161248
vLLM lora_only nu100,40.661371,15130,0.18864,0.161248
vLLM lora_only nu100,40.688245,15140,0.285094,0.161248
vLLM lora_only nu100,40.715120,15150,0.240849,0.161248
vLLM lora_only nu100,40.741995,15160,0.23125,0.161248
vLLM lora_only nu100,40.768869,15170,0.212287,0.161248
vLLM lora_only nu100,40.795744,15180,0.236765,0.161248
vLLM lora_only nu100,40.822619,15190,0.220071,0.161248
vLLM lora_only nu100,40.849493,15200,0.245329,0.161248
vLLM lora_only nu100,40.876368,15210,0.27928,0.161248
vLLM lora_only nu100,40.903243,15220,0.264098,0.161248
vLLM lora_only nu100,40.930117,15230,0.183353,0.161248
vLLM lora_only nu100,40.956992,15240,0.227882,0.161248
vLLM lora_only nu100,40.983867,15250,0.179999,0.161248
vLLM lora_only nu100,41.010741,15260,0.205003,0.161248
vLLM lora_only nu100,41.037616,15270,0.290056,0.161248
vLLM lora_only nu100,41.064491,15280,0.280498,0.161248
vLLM lora_only nu100,41.091365,15290,0.272618,0.161248
vLLM lora_only nu100,41.118240,15300,0.206113,0.161248
vLLM lora_only nu100,41.145115,15310,0.159538,0.161248
vLLM lora_only nu100,41.171989,15320,0.242373,0.161248
vLLM lora_only nu100,41.198864,15330,0.258358,0.161248
vLLM lora_only nu100,41.225739,15340,0.25661,0.161248
vLLM lora_only nu100,41.252613,15350,0.202302,0.161248
vLLM lora_only nu100,41.279488,15360,0.230083,0.161248
vLLM lora_only nu100,41.306363,15370,0.17764,0.161248
vLLM lora_only nu100,41.333237,15380,0.297406,0.161248
vLLM lora_only nu100,41.360112,15390,0.24572,0.161248
vLLM lora_only nu100,41.386987,15400,0.226696,0.161248
vLLM lora_only nu100,41.413861,15410,0.260314,0.161248
vLLM lora_only nu100,41.440736,15420,0.230471,0.161248
vLLM lora_only nu100,41.467611,15430,0.24997,0.161248
vLLM lora_only nu100,41.494485,15440,0.262054,0.161248
vLLM lora_only nu100,41.521360,15450,0.324831,0.161248
vLLM lora_only nu100,41.548235,15460,0.255416,0.161248
vLLM lora_only nu100,41.575109,15470,0.253305,0.161248
vLLM lora_only nu100,41.601984,15480,0.21851,0.161248
vLLM lora_only nu100,41.628859,15490,0.210797,0.161248
vLLM lora_only nu100,41.655733,15500,0.273222,0.161248
vLLM lora_only nu100,41.682608,15510,0.230292,0.161248
vLLM lora_only nu100,41.709483,15520,0.282436,0.161248
vLLM lora_only nu100,41.736357,15530,0.25773,0.161248
vLLM lora_only nu100,41.763232,15540,0.150098,0.161248
vLLM lora_only nu100,41.790107,15550,0.193909,0.161248
vLLM lora_only nu100,41.816981,15560,0.17827,0.161248
vLLM lora_only nu100,41.843856,15570,0.217076,0.161248
vLLM lora_only nu100,41.870731,15580,0.2459,0.161248
vLLM lora_only nu100,41.897605,15590,0.266256,0.161248
vLLM lora_only nu100,41.924480,15600,0.197819,0.161248
vLLM lora_only nu100,41.951355,15610,0.269673,0.161248
vLLM lora_only nu100,41.978229,15620,0.173866,0.161248
vLLM lora_only nu100,42.005104,15630,0.226096,0.161248
vLLM lora_only nu100,42.031979,15640,0.26208,0.161248
vLLM lora_only nu100,42.058853,15650,0.240307,0.161248
vLLM lora_only nu100,42.085728,15660,0.236866,0.161248
vLLM lora_only nu100,42.112603,15670,0.221984,0.161248
vLLM lora_only nu100,42.139477,15680,0.166443,0.161248
vLLM lora_only nu100,42.166352,15690,0.257611,0.161248
vLLM lora_only nu100,42.193227,15700,0.288738,0.161248
vLLM lora_only nu100,42.220101,15710,0.228679,0.161248
vLLM lora_only nu100,42.246976,15720,0.319095,0.161248
vLLM lora_only nu100,42.273851,15730,0.218255,0.161248
vLLM lora_only nu100,42.300725,15740,0.239621,0.161248
vLLM lora_only nu100,42.327600,15750,0.225127,0.161248
vLLM lora_only nu100,42.354475,15760,0.342537,0.161248
vLLM lora_only nu100,42.381349,15770,0.212422,0.161248
vLLM lora_only nu100,42.408224,15780,0.255561,0.161248
vLLM lora_only nu100,42.435099,15790,0.249559,0.161248
vLLM lora_only nu100,42.461973,15800,0.208493,0.161248
vLLM lora_only nu100,42.488848,15810,0.18809,0.161248
vLLM lora_only nu100,42.515723,15820,0.249927,0.161248
vLLM lora_only nu100,42.542597,15830,0.269615,0.161248
vLLM lora_only nu100,42.569472,15840,0.249102,0.161248
vLLM lora_only nu100,42.596347,15850,0.183402,0.161248
vLLM lora_only nu100,42.623221,15860,0.20697,0.161248
vLLM lora_only nu100,42.650096,15870,0.15595,0.161248
vLLM lora_only nu100,42.676971,15880,0.266274,0.161248
vLLM lora_only nu100,42.703845,15890,0.249979,0.161248
vLLM lora_only nu100,42.730720,15900,0.252563,0.161248
vLLM lora_only nu100,42.757595,15910,0.21096,0.161248
vLLM lora_only nu100,42.784469,15920,0.235969,0.161248
vLLM lora_only nu100,42.811344,15930,0.173618,0.161248
vLLM lora_only nu100,42.838219,15940,0.293678,0.161248
vLLM lora_only nu100,42.865093,15950,0.272782,0.161248
vLLM lora_only nu100,42.891968,15960,0.276145,0.161248
vLLM lora_only nu100,42.918843,15970,0.232113,0.161248
vLLM lora_only nu100,42.945717,15980,0.265434,0.161248
vLLM lora_only nu100,42.972592,15990,0.14602,0.161248
vLLM lora_only nu100,42.999467,16000,0.241865,0.161248
vLLM lora_only nu100,43.026341,16010,0.234508,0.161248
vLLM lora_only nu100,43.053216,16020,0.214978,0.161248
vLLM lora_only nu100,43.080091,16030,0.279671,0.161248
vLLM lora_only nu100,43.106965,16040,0.193227,0.161248
vLLM lora_only nu100,43.133840,16050,0.213574,0.161248
vLLM lora_only nu100,43.160715,16060,0.244785,0.161248
vLLM lora_only nu100,43.187589,16070,0.297094,0.161248
vLLM lora_only nu100,43.214464,16080,0.248133,0.161248
vLLM lora_only nu100,43.241339,16090,0.23317,0.161248
vLLM lora_only nu100,43.268213,16100,0.194179,0.161248
vLLM lora_only nu100,43.295088,16110,0.229023,0.161248
vLLM lora_only nu100,43.321963,16120,0.219344,0.161248
vLLM lora_only nu100,43.348837,16130,0.263266,0.161248
vLLM lora_only nu100,43.375712,16140,0.262099,0.161248
vLLM lora_only nu100,43.402587,16150,0.273775,0.161248
vLLM lora_only nu100,43.429461,16160,0.169308,0.161248
vLLM lora_only nu100,43.456336,16170,0.200614,0.161248
vLLM lora_only nu100,43.483211,16180,0.183121,0.161248
vLLM lora_only nu100,43.510085,16190,0.226343,0.161248
vLLM lora_only nu100,43.536960,16200,0.236987,0.161248
vLLM lora_only nu100,43.563835,16210,0.316255,0.161248
vLLM lora_only nu100,43.590709,16220,0.234863,0.161248
vLLM lora_only nu100,43.617584,16230,0.296338,0.161248
vLLM lora_only nu100,43.644459,16240,0.255384,0.161248
vLLM lora_only nu100,43.671333,16250,0.316424,0.161248
vLLM lora_only nu100,43.698208,16260,0.329301,0.161248
vLLM lora_only nu100,43.725083,16270,0.283958,0.161248
vLLM lora_only nu100,43.751957,16280,0.328275,0.161248
vLLM lora_only nu100,43.778832,16290,0.234022,0.161248
vLLM lora_only nu100,43.805707,16300,0.288728,0.161248
vLLM lora_only nu100,43.832581,16310,0.266916,0.161248
vLLM lora_only nu100,43.859456,16320,0.230151,0.161248
vLLM lora_only nu100,43.886331,16330,0.246422,0.161248
vLLM lora_only nu100,43.913205,16340,0.281128,0.161248
vLLM lora_only nu100,43.940080,16350,0.227921,0.161248
vLLM lora_only nu100,43.966955,16360,0.199766,0.161248
vLLM lora_only nu100,43.993829,16370,0.205611,0.161248
vLLM lora_only nu100,44.020704,16380,0.29418,0.161248
vLLM lora_only nu100,44.047579,16390,0.237426,0.161248
vLLM lora_only nu100,44.074453,16400,0.267084,0.161248
vLLM lora_only nu100,44.101328,16410,0.197466,0.161248
vLLM lora_only nu100,44.128203,16420,0.226818,0.161248
vLLM lora_only nu100,44.155077,16430,0.18787,0.161248
vLLM lora_only nu100,44.181952,16440,0.233278,0.161248
vLLM lora_only nu100,44.208827,16450,0.279755,0.161248
vLLM lora_only nu100,44.235701,16460,0.228496,0.161248
vLLM lora_only nu100,44.262576,16470,0.192653,0.161248
vLLM lora_only nu100,44.289451,16480,0.232264,0.161248
vLLM lora_only nu100,44.316325,16490,0.210356,0.161248
vLLM lora_only nu100,44.343200,16500,0.23752,0.161248
vLLM lora_only nu100,44.370075,16510,0.222627,0.161248
vLLM lora_only nu100,44.396949,16520,0.245354,0.161248
vLLM lora_only nu100,44.423824,16530,0.212428,0.161248
vLLM lora_only nu100,44.450699,16540,0.215295,0.161248
vLLM lora_only nu100,44.477573,16550,0.168982,0.161248
vLLM lora_only nu100,44.504448,16560,0.227082,0.161248
vLLM lora_only nu100,44.531323,16570,0.284833,0.161248
vLLM lora_only nu100,44.558197,16580,0.252554,0.161248
vLLM lora_only nu100,44.585072,16590,0.245629,0.161248
vLLM lora_only nu100,44.611947,16600,0.240165,0.161248
vLLM lora_only nu100,44.638821,16610,0.170441,0.161248
vLLM lora_only nu100,44.665696,16620,0.303333,0.161248
vLLM lora_only nu100,44.692571,16630,0.280187,0.161248
vLLM lora_only nu100,44.719445,16640,0.216527,0.161248
vLLM lora_only nu100,44.746320,16650,0.274179,0.161248
vLLM lora_only nu100,44.773195,16660,0.278109,0.161248
vLLM lora_only nu100,44.800069,16670,0.186952,0.161248
vLLM lora_only nu100,44.826944,16680,0.21171,0.161248
vLLM lora_only nu100,44.853819,16690,0.34015,0.161248
vLLM lora_only nu100,44.880693,16700,0.212168,0.161248
vLLM lora_only nu100,44.907568,16710,0.25829,0.161248
vLLM lora_only nu100,44.934443,16720,0.19912,0.161248
vLLM lora_only nu100,44.961317,16730,0.228513,0.161248
vLLM lora_only nu100,44.988192,16740,0.200475,0.161248
vLLM lora_only nu100,45.015067,16750,0.242955,0.161248
vLLM lora_only nu100,45.041941,16760,0.266155,0.161248
vLLM lora_only nu100,45.068816,16770,0.258016,0.161248
vLLM lora_only nu100,45.095691,16780,0.194439,0.161248
vLLM lora_only nu100,45.122565,16790,0.224465,0.161248
vLLM lora_only nu100,45.149440,16800,0.157282,0.161248
vLLM lora_only nu100,45.176315,16810,0.238851,0.161248
vLLM lora_only nu100,45.203189,16820,0.255465,0.161248
vLLM lora_only nu100,45.230064,16830,0.254753,0.161248
vLLM lora_only nu100,45.256939,16840,0.200576,0.161248
vLLM lora_only nu100,45.283813,16850,0.205422,0.161248
vLLM lora_only nu100,45.310688,16860,0.161573,0.161248
vLLM lora_only nu100,45.337563,16870,0.254381,0.161248
vLLM lora_only nu100,45.364437,16880,0.21383,0.161248
vLLM lora_only nu100,45.391312,16890,0.247,0.161248
vLLM lora_only nu100,45.418187,16900,0.239451,0.161248
vLLM lora_only nu100,45.445061,16910,0.196568,0.161248
vLLM lora_only nu100,45.471936,16920,0.156206,0.161248
vLLM lora_only nu100,45.498811,16930,0.229694,0.161248
vLLM lora_only nu100,45.525685,16940,0.238417,0.161248
vLLM lora_only nu100,45.552560,16950,0.21285,0.161248
vLLM lora_only nu100,45.579435,16960,0.246779,0.161248
vLLM lora_only nu100,45.606309,16970,0.167911,0.161248
vLLM lora_only nu100,45.633184,16980,0.1875,0.161248
vLLM lora_only nu100,45.660059,16990,0.197614,0.161248
vLLM lora_only nu100,45.686933,17000,0.273287,0.161248
vLLM lora_only nu100,45.713808,17010,0.224716,0.161248
vLLM lora_only nu100,45.740683,17020,0.23281,0.161248
vLLM lora_only nu100,45.767557,17030,0.189863,0.161248
vLLM lora_only nu100,45.794432,17040,0.225446,0.161248
vLLM lora_only nu100,45.821307,17050,0.17995,0.161248
vLLM lora_only nu100,45.848181,17060,0.218398,0.161248
vLLM lora_only nu100,45.875056,17070,0.259933,0.161248
vLLM lora_only nu100,45.901931,17080,0.32681,0.161248
vLLM lora_only nu100,45.928805,17090,0.180971,0.161248
vLLM lora_only nu100,45.955680,17100,0.192153,0.161248
vLLM lora_only nu100,45.982555,17110,0.338683,0.161248
vLLM lora_only nu100,46.009429,17120,0.290002,0.161248
vLLM lora_only nu100,46.036304,17130,0.353326,0.161248
vLLM lora_only nu100,46.063179,17140,0.348219,0.161248
vLLM lora_only nu100,46.090053,17150,0.380574,0.161248
vLLM lora_only nu100,46.116928,17160,0.295569,0.161248
vLLM lora_only nu100,46.143803,17170,0.331016,0.161248
vLLM lora_only nu100,46.170677,17180,0.355226,0.161248
vLLM lora_only nu100,46.197552,17190,0.38558,0.161248
vLLM lora_only nu100,46.224427,17200,0.269866,0.161248
vLLM lora_only nu100,46.251301,17210,0.254921,0.161248
vLLM lora_only nu100,46.278176,17220,0.21791,0.161248
vLLM lora_only nu100,46.305051,17230,0.164488,0.161248
vLLM lora_only nu100,46.331925,17240,0.261267,0.161248
vLLM lora_only nu100,46.358800,17250,0.277434,0.161248
vLLM lora_only nu100,46.385675,17260,0.20935,0.161248
vLLM lora_only nu100,46.412549,17270,0.260206,0.161248
vLLM lora_only nu100,46.439424,17280,0.199708,0.161248
vLLM lora_only nu100,46.466299,17290,0.221093,0.161248
vLLM lora_only nu100,46.493173,17300,0.196253,0.161248
vLLM lora_only nu100,46.520048,17310,0.243949,0.161248
vLLM lora_only nu100,46.546923,17320,0.211336,0.161248
vLLM lora_only nu100,46.573797,17330,0.207273,0.161248
vLLM lora_only nu100,46.600672,17340,0.22486,0.161248
vLLM lora_only nu100,46.627547,17350,0.239701,0.161248
vLLM lora_only nu100,46.654421,17360,0.1908,0.161248
vLLM lora_only nu100,46.681296,17370,0.212003,0.161248
vLLM lora_only nu100,46.708171,17380,0.268487,0.161248
vLLM lora_only nu100,46.735045,17390,0.243458,0.161248
vLLM lora_only nu100,46.761920,17400,0.172987,0.161248
vLLM lora_only nu100,46.788795,17410,0.245822,0.161248
vLLM lora_only nu100,46.815669,17420,0.22668,0.161248
vLLM lora_only nu100,46.842544,17430,0.295589,0.161248
vLLM lora_only nu100,46.869419,17440,0.252198,0.161248
vLLM lora_only nu100,46.896293,17450,0.274414,0.161248
vLLM lora_only nu100,46.923168,17460,0.264433,0.161248
vLLM lora_only nu100,46.950043,17470,0.317621,0.161248
vLLM lora_only nu100,46.976917,17480,0.239266,0.161248
vLLM lora_only nu100,47.003792,17490,0.348108,0.161248
vLLM lora_only nu100,47.030667,17500,0.247229,0.161248
vLLM lora_only nu100,47.057541,17510,0.2257,0.161248
vLLM lora_only nu100,47.084416,17520,0.220701,0.161248
vLLM lora_only nu100,47.111291,17530,0.214384,0.161248
vLLM lora_only nu100,47.138165,17540,0.174925,0.161248
vLLM lora_only nu100,47.165040,17550,0.261228,0.161248
vLLM lora_only nu100,47.191915,17560,0.262873,0.161248
vLLM lora_only nu100,47.218789,17570,0.250587,0.161248
vLLM lora_only nu100,47.245664,17580,0.311607,0.161248
vLLM lora_only nu100,47.272539,17590,0.225885,0.161248
vLLM lora_only nu100,47.299413,17600,0.201871,0.161248
vLLM lora_only nu100,47.326288,17610,0.249026,0.161248
vLLM lora_only nu100,47.353163,17620,0.352448,0.161248
vLLM lora_only nu100,47.380037,17630,0.250058,0.161248
vLLM lora_only nu100,47.406912,17640,0.352092,0.161248
vLLM lora_only nu100,47.433787,17650,0.224681,0.161248
vLLM lora_only nu100,47.460661,17660,0.264538,0.161248
vLLM lora_only nu100,47.487536,17670,0.304583,0.161248
vLLM lora_only nu100,47.514411,17680,0.251732,0.161248
vLLM lora_only nu100,47.541285,17690,0.223515,0.161248
vLLM lora_only nu100,47.568160,17700,0.340124,0.161248
vLLM lora_only nu100,47.595035,17710,0.173228,0.161248
vLLM lora_only nu100,47.621909,17720,0.230799,0.161248
vLLM lora_only nu100,47.648784,17730,0.165488,0.161248
vLLM lora_only nu100,47.675659,17740,0.285839,0.161248
vLLM lora_only nu100,47.702533,17750,0.21325,0.161248
vLLM lora_only nu100,47.729408,17760,0.227925,0.161248
vLLM lora_only nu100,47.756283,17770,0.213294,0.161248
vLLM lora_only nu100,47.783157,17780,0.241728,0.161248
vLLM lora_only nu100,47.810032,17790,0.228208,0.161248
vLLM lora_only nu100,47.836907,17800,0.257836,0.161248
vLLM lora_only nu100,47.863781,17810,0.244794,0.161248
vLLM lora_only nu100,47.890656,17820,0.2734,0.161248
vLLM lora_only nu100,47.917531,17830,0.225778,0.161248
vLLM lora_only nu100,47.944405,17840,0.21731,0.161248
vLLM lora_only nu100,47.971280,17850,0.175008,0.161248
vLLM lora_only nu100,47.998155,17860,0.223892,0.161248
vLLM lora_only nu100,48.025029,17870,0.235308,0.161248
vLLM lora_only nu100,48.051904,17880,0.205764,0.161248
vLLM lora_only nu100,48.078779,17890,0.226373,0.161248
vLLM lora_only nu100,48.105653,17900,0.183424,0.161248
vLLM lora_only nu100,48.132528,17910,0.226946,0.161248
vLLM lora_only nu100,48.159403,17920,0.20376,0.161248
vLLM lora_only nu100,48.186277,17930,0.251419,0.161248
vLLM lora_only nu100,48.213152,17940,0.278894,0.161248
vLLM lora_only nu100,48.240027,17950,0.25847,0.161248
vLLM lora_only nu100,48.266901,17960,0.235167,0.161248
vLLM lora_only nu100,48.293776,17970,0.21287,0.161248
vLLM lora_only nu100,48.320651,17980,0.16614,0.161248
vLLM lora_only nu100,48.347525,17990,0.230683,0.161248
vLLM lora_only nu100,48.374400,18000,0.297213,0.161248
vLLM lora_only nu100,48.401275,18010,0.255524,0.161248
vLLM lora_only nu100,48.428149,18020,0.155629,0.161248
vLLM lora_only nu100,48.455024,18030,0.250621,0.161248
vLLM lora_only nu100,48.481899,18040,0.177808,0.161248
vLLM lora_only nu100,48.508773,18050,0.202911,0.161248
vLLM lora_only nu100,48.535648,18060,0.286505,0.161248
vLLM lora_only nu100,48.562523,18070,0.221732,0.161248
vLLM lora_only nu100,48.589397,18080,0.246387,0.161248
vLLM lora_only nu100,48.616272,18090,0.216799,0.161248
vLLM lora_only nu100,48.643147,18100,0.186713,0.161248
vLLM lora_only nu100,48.670021,18110,0.224073,0.161248
vLLM lora_only nu100,48.696896,18120,0.291819,0.161248
vLLM lora_only nu100,48.723771,18130,0.218876,0.161248
vLLM lora_only nu100,48.750645,18140,0.222764,0.161248
vLLM lora_only nu100,48.777520,18150,0.211468,0.161248
vLLM lora_only nu100,48.804395,18160,0.195531,0.161248
vLLM lora_only nu100,48.831269,18170,0.296962,0.161248
vLLM lora_only nu100,48.858144,18180,0.247197,0.161248
vLLM lora_only nu100,48.885019,18190,0.22739,0.161248
vLLM lora_only nu100,48.911893,18200,0.270448,0.161248
vLLM lora_only nu100,48.938768,18210,0.197678,0.161248
vLLM lora_only nu100,48.965643,18220,0.229151,0.161248
vLLM lora_only nu100,48.992517,18230,0.248411,0.161248
vLLM lora_only nu100,49.019392,18240,0.257282,0.161248
vLLM lora_only nu100,49.046267,18250,0.244078,0.161248
vLLM lora_only nu100,49.073141,18260,0.259468,0.161248
vLLM lora_only nu100,49.100016,18270,0.215142,0.161248
vLLM lora_only nu100,49.126891,18280,0.196291,0.161248
vLLM lora_only nu100,49.153765,18290,0.217587,0.161248
vLLM lora_only nu100,49.180640,18300,0.226746,0.161248
vLLM lora_only nu100,49.207515,18310,0.233277,0.161248
vLLM lora_only nu100,49.234389,18320,0.298882,0.161248
vLLM lora_only nu100,49.261264,18330,0.186465,0.161248
vLLM lora_only nu100,49.288139,18340,0.220695,0.161248
vLLM lora_only nu100,49.315013,18350,0.187788,0.161248
vLLM lora_only nu100,49.341888,18360,0.224132,0.161248
vLLM lora_only nu100,49.368763,18370,0.176247,0.161248
vLLM lora_only nu100,49.395637,18380,0.265871,0.161248
vLLM lora_only nu100,49.422512,18390,0.252408,0.161248
vLLM lora_only nu100,49.449387,18400,0.193982,0.161248
vLLM lora_only nu100,49.476261,18410,0.217129,0.161248
vLLM lora_only nu100,49.503136,18420,0.245095,0.161248
vLLM lora_only nu100,49.530011,18430,0.265756,0.161248
vLLM lora_only nu100,49.556885,18440,0.221255,0.161248
vLLM lora_only nu100,49.583760,18450,0.228963,0.161248
vLLM lora_only nu100,49.610635,18460,0.245849,0.161248
vLLM lora_only nu100,49.637509,18470,0.149131,0.161248
vLLM lora_only nu100,49.664384,18480,0.279827,0.161248
vLLM lora_only nu100,49.691259,18490,0.280703,0.161248
vLLM lora_only nu100,49.718133,18500,0.226574,0.161248
vLLM lora_only nu100,49.745008,18510,0.245109,0.161248
vLLM lora_only nu100,49.771883,18520,0.220983,0.161248
vLLM lora_only nu100,49.798757,18530,0.201204,0.161248
vLLM lora_only nu100,49.825632,18540,0.206267,0.161248
vLLM lora_only nu100,49.852507,18550,0.261642,0.161248
vLLM lora_only nu100,49.879381,18560,0.236547,0.161248
vLLM lora_only nu100,49.906256,18570,0.327143,0.161248
vLLM lora_only nu100,49.933131,18580,0.220753,0.161248
vLLM lora_only nu100,49.960005,18590,0.19116,0.161248
vLLM lora_only nu100,49.986880,18600,0.256075,0.161248
vLLM lora_only nu100,50.013755,18610,0.201051,0.161248
vLLM lora_only nu100,50.040629,18620,0.250361,0.161248
vLLM lora_only nu100,50.067504,18630,0.24866,0.161248
vLLM lora_only nu100,50.094379,18640,0.158955,0.161248
vLLM lora_only nu100,50.121253,18650,0.239682,0.161248
vLLM lora_only nu100,50.148128,18660,0.178643,0.161248
vLLM lora_only nu100,50.175003,18670,0.211278,0.161248
vLLM lora_only nu100,50.201877,18680,0.256828,0.161248
vLLM lora_only nu100,50.228752,18690,0.246618,0.161248
vLLM lora_only nu100,50.255627,18700,0.228741,0.161248
vLLM lora_only nu100,50.282501,18710,0.24022,0.161248
vLLM lora_only nu100,50.309376,18720,0.160118,0.161248
vLLM lora_only nu100,50.336251,18730,0.221378,0.161248
vLLM lora_only nu100,50.363125,18740,0.273983,0.161248
vLLM lora_only nu100,50.390000,18750,0.206477,0.161248
vLLM lora_only nu100,50.416875,18760,0.176934,0.161248
vLLM lora_only nu100,50.443749,18770,0.220699,0.161248
vLLM lora_only nu100,50.470624,18780,0.173573,0.161248
vLLM lora_only nu100,50.497499,18790,0.216968,0.161248
vLLM lora_only nu100,50.524373,18800,0.257377,0.161248
vLLM lora_only nu100,50.551248,18810,0.210107,0.161248
vLLM lora_only nu100,50.578123,18820,0.217544,0.161248
vLLM lora_only nu100,50.604997,18830,0.174634,0.161248
vLLM lora_only nu100,50.631872,18840,0.192191,0.161248
vLLM lora_only nu100,50.658747,18850,0.196014,0.161248
vLLM lora_only nu100,50.685621,18860,0.253136,0.161248
vLLM lora_only nu100,50.712496,18870,0.213542,0.161248
vLLM lora_only nu100,50.739371,18880,0.238522,0.161248
vLLM lora_only nu100,50.766245,18890,0.171042,0.161248
vLLM lora_only nu100,50.793120,18900,0.204455,0.161248
vLLM lora_only nu100,50.819995,18910,0.217946,0.161248
vLLM lora_only nu100,50.846869,18920,0.226169,0.161248
vLLM lora_only nu100,50.873744,18930,0.244333,0.161248
vLLM lora_only nu100,50.900619,18940,0.375837,0.161248
vLLM lora_only nu100,50.927493,18950,0.186608,0.161248
vLLM lora_only nu100,50.954368,18960,0.240922,0.161248
vLLM lora_only nu100,50.981243,18970,0.206836,0.161248
vLLM lora_only nu100,51.008117,18980,0.195101,0.161248
vLLM lora_only nu100,51.034992,18990,0.25223,0.161248
vLLM lora_only nu100,51.061867,19000,0.265537,0.161248
vLLM lora_only nu100,51.088741,19010,0.21478,0.161248
vLLM lora_only nu100,51.115616,19020,0.183727,0.161248
vLLM lora_only nu100,51.142491,19030,0.181923,0.161248
vLLM lora_only nu100,51.169365,19040,0.244983,0.161248
vLLM lora_only nu100,51.196240,19050,0.233682,0.161248
vLLM lora_only nu100,51.223115,19060,0.242301,0.161248
vLLM lora_only nu100,51.249989,19070,0.25189,0.161248
vLLM lora_only nu100,51.276864,19080,0.251027,0.161248
vLLM lora_only nu100,51.303739,19090,0.180215,0.161248
vLLM lora_only nu100,51.330613,19100,0.229818,0.161248
vLLM lora_only nu100,51.357488,19110,0.295191,0.161248
vLLM lora_only nu100,51.384363,19120,0.214866,0.161248
vLLM lora_only nu100,51.411237,19130,0.32312,0.161248
vLLM lora_only nu100,51.438112,19140,0.266239,0.161248
vLLM lora_only nu100,51.464987,19150,0.259619,0.161248
vLLM lora_only nu100,51.491861,19160,0.246659,0.161248
vLLM lora_only nu100,51.518736,19170,0.286781,0.161248
vLLM lora_only nu100,51.545611,19180,0.246688,0.161248
vLLM lora_only nu100,51.572485,19190,0.269126,0.161248
vLLM lora_only nu100,51.599360,19200,0.22178,0.161248
vLLM lora_only nu100,51.626235,19210,0.248133,0.161248
vLLM lora_only nu100,51.653109,19220,0.218879,0.161248
vLLM lora_only nu100,51.679984,19230,0.239367,0.161248
vLLM lora_only nu100,51.706859,19240,0.256348,0.161248
vLLM lora_only nu100,51.733733,19250,0.296128,0.161248
vLLM lora_only nu100,51.760608,19260,0.205433,0.161248
vLLM lora_only nu100,51.787483,19270,0.253023,0.161248
vLLM lora_only nu100,51.814357,19280,0.182429,0.161248
vLLM lora_only nu100,51.841232,19290,0.210477,0.161248
vLLM lora_only nu100,51.868107,19300,0.290514,0.161248
vLLM lora_only nu100,51.894981,19310,0.235751,0.161248
vLLM lora_only nu100,51.921856,19320,0.210144,0.161248
vLLM lora_only nu100,51.948731,19330,0.226369,0.161248
vLLM lora_only nu100,51.975605,19340,0.14856,0.161248
vLLM lora_only nu100,52.002480,19350,0.25583,0.161248
vLLM lora_only nu100,52.029355,19360,0.212232,0.161248
vLLM lora_only nu100,52.056229,19370,0.248414,0.161248
vLLM lora_only nu100,52.083104,19380,0.218812,0.161248
vLLM lora_only nu100,52.109979,19390,0.204949,0.161248
vLLM lora_only nu100,52.136853,19400,0.159837,0.161248
vLLM lora_only nu100,52.163728,19410,0.243987,0.161248
vLLM lora_only nu100,52.190603,19420,0.255812,0.161248
vLLM lora_only nu100,52.217477,19430,0.228372,0.161248
vLLM lora_only nu100,52.244352,19440,0.227135,0.161248
vLLM lora_only nu100,52.271227,19450,0.170172,0.161248
vLLM lora_only nu100,52.298101,19460,0.202797,0.161248
vLLM lora_only nu100,52.324976,19470,0.157552,0.161248
vLLM lora_only nu100,52.351851,19480,0.258022,0.161248
vLLM lora_only nu100,52.378725,19490,0.202922,0.161248
vLLM lora_only nu100,52.405600,19500,0.252621,0.161248
vLLM lora_only nu100,52.432475,19510,0.229622,0.161248
vLLM lora_only nu100,52.459349,19520,0.247008,0.161248
vLLM lora_only nu100,52.486224,19530,0.20577,0.161248
vLLM lora_only nu100,52.513099,19540,0.239687,0.161248
vLLM lora_only nu100,52.539973,19550,0.322518,0.161248
vLLM lora_only nu100,52.566848,19560,0.327475,0.161248
vLLM lora_only nu100,52.593723,19570,0.23407,0.161248
vLLM lora_only nu100,52.620597,19580,0.238728,0.161248
vLLM lora_only nu100,52.647472,19590,0.163119,0.161248
vLLM lora_only nu100,52.674347,19600,0.326015,0.161248
vLLM lora_only nu100,52.701221,19610,0.263256,0.161248
vLLM lora_only nu100,52.728096,19620,0.284522,0.161248
vLLM lora_only nu100,52.754971,19630,0.228118,0.161248
vLLM lora_only nu100,52.781845,19640,0.204456,0.161248
vLLM lora_only nu100,52.808720,19650,0.142493,0.161248
vLLM lora_only nu100,52.835595,19660,0.254472,0.161248
vLLM lora_only nu100,52.862469,19670,0.229738,0.161248
vLLM lora_only nu100,52.889344,19680,0.203817,0.161248
vLLM lora_only nu100,52.916219,19690,0.254497,0.161248
vLLM lora_only nu100,52.943093,19700,0.232482,0.161248
vLLM lora_only nu100,52.969968,19710,0.187942,0.161248
vLLM lora_only nu100,52.996843,19720,0.249042,0.161248
vLLM lora_only nu100,53.023717,19730,0.213308,0.161248
vLLM lora_only nu100,53.050592,19740,0.177161,0.161248
vLLM lora_only nu100,53.077467,19750,0.235414,0.161248
vLLM lora_only nu100,53.104341,19760,0.186014,0.161248
vLLM lora_only nu100,53.131216,19770,0.191721,0.161248
vLLM lora_only nu100,53.158091,19780,0.205594,0.161248
vLLM lora_only nu100,53.184965,19790,0.261053,0.161248
vLLM lora_only nu100,53.211840,19800,0.20348,0.161248
vLLM lora_only nu100,53.238715,19810,0.271897,0.161248
vLLM lora_only nu100,53.265589,19820,0.243464,0.161248
vLLM lora_only nu100,53.292464,19830,0.198768,0.161248
vLLM lora_only nu100,53.319339,19840,0.256291,0.161248
vLLM lora_only nu100,53.346213,19850,0.238111,0.161248
vLLM lora_only nu100,53.373088,19860,0.279676,0.161248
vLLM lora_only nu100,53.399963,19870,0.228364,0.161248
vLLM lora_only nu100,53.426837,19880,0.202739,0.161248
vLLM lora_only nu100,53.453712,19890,0.239451,0.161248
vLLM lora_only nu100,53.480587,19900,0.197431,0.161248
vLLM lora_only nu100,53.507461,19910,0.25107,0.161248
vLLM lora_only nu100,53.534336,19920,0.269196,0.161248
vLLM lora_only nu100,53.561211,19930,0.247027,0.161248
vLLM lora_only nu100,53.588085,19940,0.22108,0.161248
vLLM lora_only nu100,53.614960,19950,0.168226,0.161248
vLLM lora_only nu100,53.641835,19960,0.191352,0.161248
vLLM lora_only nu100,53.668709,19970,0.218986,0.161248
vLLM lora_only nu100,53.695584,19980,0.207384,0.161248
vLLM lora_only nu100,53.722459,19990,0.25017,0.161248
vLLM lora_only nu100,53.749333,20000,0.205544,0.161248
